customer_id,total_orders,unique_products,net_sales,avg_transaction_value,units_purchased,units_returned,first_purchase_date,last_purchase_date,recency,frequency,monetary,segment,segment_name
12346,17,30,-51.74,-1.10,74285,74232,2009-12-14 08:34:00,2011-01-18 10:17:00,325,17,-51.74,0,At Risk
12347,8,126,4921.53,22.17,2967,0,2010-10-31 14:20:00,2011-12-07 15:52:00,1,8,4921.53,0,At Risk
12348,5,25,2019.40,39.60,2714,0,2010-09-27 14:59:00,2011-09-25 13:13:00,74,5,2019.40,0,At Risk
12349,5,139,4404.54,24.47,1624,5,2009-12-04 12:49:00,2011-11-21 09:51:00,18,5,4404.54,0,At Risk
12350,1,17,334.40,19.67,197,0,2011-02-02 16:01:00,2011-02-02 16:01:00,309,1,334.40,0,At Risk
12351,1,21,300.93,14.33,261,0,2010-11-29 15:23:00,2010-11-29 15:23:00,374,1,300.93,0,At Risk
12352,13,70,1889.21,16.72,724,66,2010-11-12 10:20:00,2011-11-03 14:37:00,35,13,1889.21,0,At Risk
12353,2,23,406.76,16.95,212,0,2010-10-27 12:44:00,2011-05-19 17:47:00,203,2,406.76,0,At Risk
12354,1,58,1079.40,18.61,530,0,2011-04-21 13:11:00,2011-04-21 13:11:00,231,1,1079.40,0,At Risk
12355,2,35,947.61,27.07,543,0,2010-05-21 11:59:00,2011-05-09 13:49:00,213,2,947.61,0,At Risk
12356,6,104,6371.73,44.87,3416,0,2010-10-11 09:42:00,2011-11-17 08:40:00,22,6,6371.73,0,At Risk
12357,3,261,18287.66,61.78,6587,0,2010-11-16 10:05:00,2011-11-06 16:07:00,32,3,18287.66,0,At Risk
12358,5,56,3887.07,50.48,1079,0,2009-12-08 07:59:00,2011-12-08 10:26:00,1,5,3887.07,0,At Risk
12359,14,305,8652.34,23.26,2739,226,2009-12-05 13:32:00,2011-12-02 11:21:00,7,14,8652.34,0,At Risk
12360,9,160,4212.89,19.33,2459,1,2010-02-22 09:32:00,2011-10-18 15:22:00,51,9,4212.89,0,At Risk
12361,4,18,511.25,17.63,235,0,2010-01-26 14:37:00,2011-02-25 13:51:00,286,4,511.25,0,At Risk
12362,14,201,5284.58,19.22,2230,17,2009-12-01 10:10:00,2011-12-06 15:40:00,2,14,5284.58,0,At Risk
12363,2,23,552.00,24.00,408,0,2011-04-11 13:29:00,2011-08-22 10:18:00,109,2,552.00,0,At Risk
12364,4,70,1313.10,15.45,1506,0,2011-08-19 15:24:00,2011-12-02 10:22:00,7,4,1313.10,0,At Risk
12365,3,22,320.69,13.94,174,1,2011-02-21 13:51:00,2011-02-21 14:04:00,290,3,320.69,0,At Risk
12366,1,3,500.24,166.75,296,0,2010-03-16 10:28:00,2010-03-16 10:28:00,633,1,500.24,0,At Risk
12367,1,11,168.90,15.35,173,0,2011-12-05 16:48:00,2011-12-05 16:48:00,3,1,168.90,0,At Risk
12368,1,18,917.70,50.98,330,0,2010-03-21 15:56:00,2010-03-21 15:56:00,627,1,917.70,0,At Risk
12369,3,90,1791.15,19.26,1241,0,2010-03-08 08:09:00,2010-10-22 13:13:00,412,3,1791.15,0,At Risk
12370,7,168,4316.56,21.48,2604,0,2010-02-09 09:41:00,2011-10-19 14:51:00,50,7,4316.56,0,At Risk
12371,5,134,4067.38,24.36,1436,0,2010-03-04 18:23:00,2011-10-26 10:16:00,44,5,4067.38,0,At Risk
12372,3,34,1298.04,24.96,794,0,2011-02-16 12:46:00,2011-09-29 12:12:00,71,3,1298.04,0,At Risk
12373,3,36,1127.65,22.11,516,0,2010-02-04 12:08:00,2011-02-01 13:10:00,310,3,1127.65,0,At Risk
12374,4,79,2989.22,36.01,1362,0,2010-04-30 14:01:00,2011-11-14 15:37:00,24,4,2989.22,0,At Risk
12375,3,14,455.42,25.30,178,1,2011-09-02 14:23:00,2011-12-07 11:27:00,2,3,455.42,0,At Risk
12376,2,11,503.15,38.70,240,0,2010-10-18 08:42:00,2010-11-15 12:15:00,389,2,503.15,0,At Risk
12377,4,129,3426.32,22.54,2105,0,2010-04-29 15:34:00,2011-01-28 15:45:00,314,4,3426.32,0,At Risk
12378,2,281,5416.32,17.99,3316,0,2010-05-26 14:07:00,2011-08-02 10:34:00,129,2,5416.32,0,At Risk
12379,5,58,1618.27,19.74,815,1,2010-06-23 12:49:00,2011-09-19 10:09:00,81,5,1618.27,0,At Risk
12380,15,156,7888.00,27.87,3355,30,2010-02-15 12:05:00,2011-11-18 11:27:00,21,15,7888.00,0,At Risk
12381,6,70,1803.96,19.82,808,25,2011-08-12 09:57:00,2011-12-05 12:44:00,4,6,1803.96,0,At Risk
12382,1,1,-18.38,-18.38,0,1,2010-01-26 16:25:00,2010-01-26 16:25:00,681,1,-18.38,0,At Risk
12383,6,84,1839.31,18.39,1532,3,2010-12-22 14:28:00,2011-06-08 08:02:00,184,6,1839.31,0,At Risk
12384,3,26,566.16,18.87,126,5,2011-08-10 11:23:00,2011-11-11 08:39:00,28,3,566.16,0,At Risk
12385,2,65,1923.40,29.14,612,1,2010-11-25 15:14:00,2010-11-25 15:19:00,378,2,1923.40,0,At Risk
12386,2,10,401.90,40.19,354,0,2010-12-08 09:53:00,2011-01-06 12:37:00,337,2,401.90,0,At Risk
12387,1,9,143.94,15.99,134,0,2010-10-20 16:27:00,2010-10-20 16:27:00,414,1,143.94,0,At Risk
12388,8,83,3901.11,26.72,2001,0,2010-05-06 12:54:00,2011-11-24 12:30:00,15,8,3901.11,0,At Risk
12389,3,41,1433.33,29.25,614,0,2010-02-22 10:15:00,2010-11-02 11:52:00,402,3,1433.33,0,At Risk
12390,1,32,549.84,17.18,353,0,2011-09-21 09:33:00,2011-09-21 09:33:00,79,1,549.84,0,At Risk
12391,7,241,2699.24,9.89,1204,8,2010-02-15 10:12:00,2011-11-18 12:07:00,21,7,2699.24,0,At Risk
12392,1,7,234.75,33.54,73,0,2010-04-27 14:04:00,2010-04-27 14:04:00,590,1,234.75,0,At Risk
12393,7,63,2376.75,21.22,1311,6,2010-10-07 13:49:00,2011-09-28 15:41:00,71,7,2376.75,0,At Risk
12394,2,26,1272.48,47.13,819,0,2011-05-06 14:01:00,2011-10-07 08:08:00,63,2,1272.48,0,At Risk
12395,18,145,4700.82,19.19,3205,5,2010-04-16 10:16:00,2011-11-24 12:20:00,15,18,4700.82,0,At Risk
12396,1,65,931.43,14.33,591,0,2010-02-03 13:22:00,2010-02-03 13:22:00,673,1,931.43,0,At Risk
12397,2,110,2409.90,19.13,1263,0,2011-07-27 14:21:00,2011-11-04 09:52:00,35,2,2409.90,0,At Risk
12398,1,85,1635.66,19.24,1394,0,2011-10-25 10:27:00,2011-10-25 10:27:00,45,1,1635.66,0,At Risk
12399,7,67,1962.30,17.84,2198,0,2010-03-05 08:45:00,2011-08-12 13:15:00,118,7,1962.30,0,At Risk
12400,1,11,205.25,18.66,91,0,2010-10-21 13:45:00,2010-10-21 13:45:00,413,1,205.25,0,At Risk
12401,1,5,84.30,16.86,11,0,2011-02-09 13:50:00,2011-02-09 13:50:00,302,1,84.30,0,At Risk
12402,7,43,1244.15,17.52,584,1,2010-02-07 12:41:00,2011-01-20 13:49:00,322,7,1244.15,0,At Risk
12403,3,5,1001.36,100.14,260,1,2010-07-06 11:39:00,2011-10-21 11:00:00,49,3,1001.36,0,At Risk
12404,1,1,63.24,63.24,1,0,2010-01-26 16:25:00,2010-01-26 16:25:00,681,1,63.24,0,At Risk
12405,1,54,1710.39,31.67,857,0,2011-07-14 08:52:00,2011-07-14 08:52:00,148,1,1710.39,0,At Risk
12406,7,114,6072.21,35.72,3416,33,2010-01-11 14:04:00,2011-11-17 19:22:00,21,7,6072.21,0,At Risk
12407,5,57,1708.12,22.18,1416,0,2011-03-20 13:21:00,2011-10-21 10:11:00,49,5,1708.12,0,At Risk
12408,14,104,4279.64,25.17,2229,43,2010-07-29 13:27:00,2011-11-07 12:30:00,32,14,4279.64,0,At Risk
12409,13,177,23090.47,84.89,13143,116,2010-05-23 15:21:00,2011-09-22 10:38:00,78,13,23090.47,0,At Risk
12410,4,36,1001.46,23.84,341,2,2010-07-25 13:26:00,2011-02-11 15:47:00,300,4,1001.46,0,At Risk
12411,1,22,346.90,15.77,138,0,2010-10-26 09:25:00,2010-10-26 09:25:00,409,1,346.90,0,At Risk
12412,8,82,2581.03,19.70,1997,6,2010-06-18 13:22:00,2011-09-26 10:16:00,74,8,2581.03,0,At Risk
12413,6,41,935.50,17.65,319,4,2010-11-02 13:26:00,2011-10-04 09:00:00,66,6,935.50,0,At Risk
12414,8,21,692.41,18.71,495,194,2010-09-02 12:22:00,2011-05-06 14:51:00,216,8,692.41,0,At Risk
12415,33,498,143269.29,145.01,91447,428,2010-06-30 08:30:00,2011-11-15 14:22:00,23,33,143269.29,1,Potential Loyal
12416,1,11,202.56,18.41,132,0,2010-02-21 10:19:00,2010-02-21 10:19:00,656,1,202.56,0,At Risk
12417,27,270,6688.71,17.65,2884,24,2009-12-06 10:30:00,2011-12-06 14:52:00,2,27,6688.71,0,At Risk
12418,5,90,2016.95,19.58,1088,1,2010-03-19 14:47:00,2011-08-19 11:08:00,112,5,2016.95,0,At Risk
12419,2,23,503.01,20.12,231,0,2010-10-22 10:40:00,2010-11-19 10:04:00,385,2,503.01,0,At Risk
12420,1,29,600.39,20.70,345,0,2011-10-07 08:55:00,2011-10-07 08:55:00,63,1,600.39,0,At Risk
12421,8,45,1092.83,16.31,652,5,2010-07-22 13:57:00,2011-11-24 09:07:00,15,8,1092.83,0,At Risk
12422,21,137,4119.35,23.41,2596,5,2009-12-18 12:44:00,2011-09-05 09:48:00,95,21,4119.35,0,At Risk
12423,11,128,2612.19,15.74,1793,12,2010-08-31 09:31:00,2011-12-09 10:10:00,0,11,2612.19,0,At Risk
12424,7,80,3289.78,33.92,2025,10,2009-12-07 14:43:00,2011-06-30 12:06:00,162,7,3289.78,0,At Risk
12425,3,87,1680.81,17.69,1147,44,2010-09-17 14:10:00,2011-09-22 17:31:00,77,3,1680.81,0,At Risk
12426,3,73,1311.41,15.99,584,7,2010-02-15 08:41:00,2011-05-29 12:26:00,194,3,1311.41,0,At Risk
12427,5,26,708.37,20.24,533,297,2010-12-03 10:44:00,2011-11-28 10:48:00,11,5,708.37,0,At Risk
12428,12,258,7877.20,26.26,3536,33,2011-03-01 09:33:00,2011-11-14 08:22:00,25,12,7877.20,0,At Risk
12429,9,124,6154.01,39.96,2890,120,2010-06-11 13:28:00,2011-11-30 17:22:00,8,9,6154.01,0,At Risk
12430,1,11,256.40,23.31,117,0,2011-10-27 15:09:00,2011-10-27 15:09:00,42,1,256.40,0,At Risk
12431,33,244,10293.66,25.93,4600,68,2010-01-15 09:04:00,2011-11-04 11:55:00,35,33,10293.66,0,At Risk
12432,5,107,5059.32,46.85,1801,0,2011-06-20 13:27:00,2011-10-28 11:43:00,42,5,5059.32,0,At Risk
12433,11,286,16641.74,29.72,13534,1,2010-08-20 09:23:00,2011-12-09 10:02:00,0,11,16641.74,0,At Risk
12434,5,62,1062.48,14.36,532,21,2010-11-23 13:38:00,2011-09-16 12:38:00,84,5,1062.48,0,At Risk
12435,6,88,13925.93,124.34,4958,0,2009-12-02 13:58:00,2011-09-21 09:06:00,79,6,13925.93,0,At Risk
12436,1,16,509.01,31.81,211,0,2011-09-01 12:09:00,2011-09-01 12:09:00,99,1,509.01,0,At Risk
12437,47,273,12394.85,21.30,8000,70,2009-12-02 16:24:00,2011-12-08 11:35:00,1,47,12394.85,0,At Risk
12438,2,84,2906.85,29.66,1180,0,2011-07-22 13:29:00,2011-11-25 13:28:00,13,2,2906.85,0,At Risk
12439,3,69,1089.18,14.72,478,30,2009-12-14 08:40:00,2010-01-26 12:11:00,682,3,1089.18,0,At Risk
12440,3,21,768.15,21.95,331,23,2009-12-22 12:03:00,2010-09-08 15:57:00,456,3,768.15,0,At Risk
12441,1,11,173.55,15.78,121,0,2010-12-08 10:45:00,2010-12-08 10:45:00,366,1,173.55,0,At Risk
12442,1,12,172.06,14.34,182,0,2011-12-06 14:22:00,2011-12-06 14:22:00,2,1,172.06,0,At Risk
12443,1,21,485.31,23.11,182,0,2009-12-07 15:42:00,2009-12-07 15:42:00,731,1,485.31,0,At Risk
12444,5,138,5005.46,28.44,1153,0,2011-06-21 14:00:00,2011-11-18 13:23:00,20,5,5005.46,0,At Risk
12445,3,24,426.48,17.06,206,2,2010-10-15 12:28:00,2011-11-17 18:43:00,21,3,426.48,0,At Risk
12446,1,57,1002.31,17.58,351,0,2011-10-13 12:50:00,2011-10-13 12:50:00,57,1,1002.31,0,At Risk
12447,1,26,476.49,18.33,190,0,2011-04-10 13:25:00,2011-04-10 13:25:00,242,1,476.49,0,At Risk
12448,1,22,449.45,20.43,243,0,2011-10-26 13:46:00,2011-10-26 13:46:00,43,1,449.45,0,At Risk
12449,6,125,4835.89,24.06,2282,0,2010-09-27 09:37:00,2011-11-17 13:46:00,21,6,4835.89,0,At Risk
12450,7,31,666.95,16.67,442,7,2010-08-22 13:11:00,2011-07-06 14:41:00,155,7,666.95,0,At Risk
12451,10,352,12546.53,24.41,9359,133,2010-06-28 12:58:00,2011-11-29 08:40:00,10,10,12546.53,0,At Risk
12452,3,21,428.57,18.63,185,2,2011-11-23 08:05:00,2011-11-23 10:28:00,16,3,428.57,0,At Risk
12453,1,43,707.09,16.44,473,0,2011-07-28 14:08:00,2011-07-28 14:08:00,133,1,707.09,0,At Risk
12454,9,25,4292.71,59.62,7703,5471,2010-01-26 16:24:00,2011-10-17 15:07:00,52,9,4292.71,0,At Risk
12455,10,199,5879.95,25.90,3302,0,2009-12-18 12:33:00,2011-09-27 15:31:00,72,10,5879.95,0,At Risk
12456,4,105,3153.89,24.45,1633,17,2011-03-30 09:12:00,2011-10-26 14:41:00,43,4,3153.89,0,At Risk
12457,14,63,2472.31,26.87,1094,157,2010-09-30 17:59:00,2011-10-12 13:46:00,57,14,2472.31,0,At Risk
12458,4,71,1777.49,21.16,986,0,2010-08-09 10:33:00,2011-09-29 15:25:00,70,4,1777.49,0,At Risk
12459,1,23,454.36,19.75,258,0,2010-04-13 14:53:00,2010-04-13 14:53:00,604,1,454.36,0,At Risk
12460,1,18,326.65,18.15,170,0,2010-09-09 13:51:00,2010-09-09 13:51:00,455,1,326.65,0,At Risk
12461,2,35,826.88,23.63,287,0,2011-07-08 10:23:00,2011-09-06 16:57:00,93,2,826.88,0,At Risk
12462,4,51,1124.01,15.61,536,22,2011-02-09 14:44:00,2011-12-07 14:02:00,1,4,1124.01,0,At Risk
12463,7,66,1303.63,14.81,776,19,2011-04-12 12:47:00,2011-10-24 13:43:00,45,7,1303.63,0,At Risk
12464,8,6,1212.05,41.79,112,0,2011-02-03 13:30:00,2011-11-29 13:33:00,9,8,1212.05,0,At Risk
12465,3,46,733.89,14.39,479,4,2011-06-23 13:37:00,2011-12-02 11:34:00,7,3,733.89,0,At Risk
12466,1,1,56.73,56.73,1,0,2010-01-26 16:26:00,2010-01-26 16:26:00,681,1,56.73,0,At Risk
12467,2,9,0.00,0.00,129,129,2010-10-12 15:41:00,2010-11-18 15:53:00,385,2,0.00,0,At Risk
12468,10,130,3624.55,22.24,2201,17,2010-01-19 12:13:00,2011-07-19 13:42:00,142,10,3624.55,0,At Risk
12469,2,76,3070.54,40.40,2552,0,2010-06-21 10:30:00,2010-07-05 12:40:00,522,2,3070.54,0,At Risk
12470,1,23,211.95,9.22,95,0,2010-01-19 11:01:00,2010-01-19 11:01:00,689,1,211.95,0,At Risk
12471,129,256,37920.01,29.30,16858,431,2009-12-02 14:43:00,2011-12-07 15:43:00,1,129,37920.01,0,At Risk
12472,37,400,15447.69,16.01,10378,400,2009-12-09 10:47:00,2011-11-09 11:33:00,30,37,15447.69,0,At Risk
12473,9,140,2837.73,15.94,2414,76,2011-06-01 10:15:00,2011-11-10 13:48:00,28,9,2837.73,0,At Risk
12474,54,369,11948.75,15.70,7940,153,2010-02-11 09:41:00,2011-11-22 14:39:00,16,54,11948.75,0,At Risk
12475,2,54,1149.64,18.85,771,0,2010-10-26 08:49:00,2011-10-17 10:10:00,53,2,1149.64,0,At Risk
12476,38,358,13684.12,24.35,5631,96,2010-07-26 09:04:00,2011-12-08 14:08:00,0,38,13684.12,0,At Risk
12477,12,296,20173.64,35.27,6119,33,2010-03-26 14:01:00,2011-11-17 09:51:00,22,12,20173.64,0,At Risk
12478,1,36,680.99,18.92,236,0,2011-12-06 09:56:00,2011-12-06 09:56:00,3,1,680.99,0,At Risk
12479,3,31,477.30,13.64,385,34,2011-11-28 13:26:00,2011-12-06 09:25:00,3,3,477.30,0,At Risk
12480,8,177,5435.10,22.18,2952,5,2010-07-20 13:21:00,2011-11-11 14:52:00,27,8,5435.10,0,At Risk
12481,18,248,12041.15,31.36,7158,138,2010-04-11 13:10:00,2011-11-17 08:29:00,22,18,12041.15,0,At Risk
12482,32,42,21893.53,105.77,27042,3,2010-02-24 10:24:00,2010-09-16 12:20:00,449,32,21893.53,0,At Risk
12483,27,68,4823.47,32.81,2160,27,2010-01-31 13:28:00,2011-11-22 17:03:00,16,27,4823.47,0,At Risk
12484,16,330,6287.80,13.10,3266,11,2009-12-03 10:57:00,2011-11-07 11:37:00,32,16,6287.80,0,At Risk
12485,1,34,708.10,20.83,414,0,2010-06-28 15:22:00,2010-06-28 15:22:00,528,1,708.10,0,At Risk
12486,1,49,1037.28,21.17,523,0,2010-10-04 12:14:00,2010-10-04 12:14:00,431,1,1037.28,0,At Risk
12487,2,3,259.80,86.60,174,30,2009-12-09 09:16:00,2009-12-09 11:36:00,730,2,259.80,0,At Risk
12488,3,46,1298.66,23.61,529,0,2011-09-25 10:34:00,2011-11-30 08:50:00,9,3,1298.66,0,At Risk
12489,1,15,334.93,22.33,105,0,2011-01-07 13:13:00,2011-01-07 13:13:00,335,1,334.93,0,At Risk
12490,22,195,9818.64,21.21,5906,4,2009-12-01 12:52:00,2011-12-04 16:07:00,4,22,9818.64,0,At Risk
12491,1,25,460.40,17.71,260,0,2011-11-01 12:18:00,2011-11-01 12:18:00,38,1,460.40,0,At Risk
12492,3,38,715.21,17.03,444,0,2010-11-01 14:58:00,2011-10-07 15:15:00,62,3,715.21,0,At Risk
12493,3,20,416.79,18.12,207,1,2011-05-26 14:53:00,2011-06-27 10:17:00,165,3,416.79,0,At Risk
12494,17,83,1685.92,14.17,979,27,2010-05-12 13:52:00,2011-11-30 09:21:00,9,17,1685.92,0,At Risk
12495,2,17,323.40,17.02,130,4,2010-03-09 10:53:00,2010-03-15 10:20:00,634,2,323.40,0,At Risk
12496,2,10,45.34,4.53,30,0,2010-03-29 13:57:00,2010-03-29 14:06:00,619,2,45.34,0,At Risk
12497,4,42,6211.75,107.10,5685,1,2010-01-26 17:21:00,2011-09-19 12:29:00,81,4,6211.75,0,At Risk
12498,3,21,403.70,17.55,159,0,2011-10-13 09:30:00,2011-11-18 12:53:00,20,3,403.70,0,At Risk
12499,1,27,393.72,14.58,302,0,2010-05-28 15:12:00,2010-05-28 15:12:00,559,1,393.72,0,At Risk
12500,25,89,5872.31,37.64,3377,17,2010-02-04 15:05:00,2011-11-16 16:20:00,22,25,5872.31,0,At Risk
12501,2,149,2089.68,13.06,1783,61,2011-01-07 12:28:00,2011-01-28 13:54:00,314,2,2089.68,0,At Risk
12502,5,102,3723.87,25.33,820,0,2011-02-03 10:41:00,2011-09-05 11:52:00,95,5,3723.87,0,At Risk
12503,2,3,0.00,0.00,561,1,2010-05-04 13:59:00,2011-01-06 11:51:00,337,2,0.00,0,At Risk
12504,6,11,411.00,15.81,458,39,2010-04-22 10:24:00,2011-11-21 16:02:00,17,6,411.00,0,At Risk
12505,3,43,908.00,19.32,324,11,2010-10-27 09:18:00,2011-02-11 13:39:00,300,3,908.00,0,At Risk
12506,1,23,73.50,3.20,23,0,2011-04-21 08:54:00,2011-04-21 08:54:00,232,1,73.50,0,At Risk
12507,5,46,1797.31,35.95,1256,11,2010-05-04 09:23:00,2011-07-28 17:09:00,133,5,1797.31,0,At Risk
12508,2,57,397.88,5.85,271,0,2011-11-10 16:27:00,2011-11-13 15:37:00,25,2,397.88,0,At Risk
12509,1,7,176.50,25.21,55,0,2011-02-28 14:45:00,2011-02-28 14:45:00,283,1,176.50,0,At Risk
12510,16,94,3689.33,23.96,2049,31,2009-12-04 13:47:00,2011-07-20 10:15:00,142,16,3689.33,0,At Risk
12511,2,190,3065.77,15.80,1753,5,2010-10-07 10:39:00,2010-10-21 10:58:00,414,2,3065.77,0,At Risk
12512,2,31,132.18,4.26,96,0,2011-10-04 14:53:00,2011-10-04 14:55:00,65,2,132.18,0,At Risk
12513,2,35,586.79,16.30,462,6,2011-08-19 10:51:00,2011-09-16 12:45:00,84,2,586.79,0,At Risk
12514,2,76,1597.76,19.02,840,0,2010-03-08 12:18:00,2011-03-17 16:38:00,266,2,1597.76,0,At Risk
12515,1,16,383.70,23.98,131,0,2010-12-21 15:43:00,2010-12-21 15:43:00,352,1,383.70,0,At Risk
12516,4,49,2648.62,35.79,1952,0,2010-04-19 14:14:00,2011-09-23 09:13:00,77,4,2648.62,0,At Risk
12517,6,232,2443.65,8.70,1361,23,2011-06-02 15:13:00,2011-11-11 14:04:00,27,6,2443.65,0,At Risk
12518,5,84,2056.89,16.59,1318,0,2011-08-21 13:18:00,2011-12-09 10:13:00,0,5,2056.89,0,At Risk
12519,3,34,685.19,16.71,387,7,2010-08-20 08:21:00,2011-10-07 09:26:00,63,3,685.19,0,At Risk
12520,6,121,2582.51,16.66,1439,9,2011-03-11 11:35:00,2011-09-21 15:23:00,78,6,2582.51,0,At Risk
12521,1,38,599.68,15.78,309,0,2011-07-20 10:51:00,2011-07-20 10:51:00,142,1,599.68,0,At Risk
12522,2,11,192.72,16.06,194,0,2011-10-19 14:41:00,2011-10-31 15:30:00,38,2,192.72,0,At Risk
12523,30,176,4201.05,15.91,2263,27,2009-12-02 10:28:00,2011-12-08 11:46:00,1,30,4201.05,0,At Risk
12524,18,157,11091.36,45.83,7178,5,2010-02-08 14:41:00,2011-11-30 15:31:00,8,18,11091.36,0,At Risk
12525,8,56,835.18,10.85,509,22,2009-12-04 10:10:00,2010-08-05 18:09:00,490,8,835.18,0,At Risk
12526,3,64,1316.66,18.54,632,0,2011-09-06 14:19:00,2011-12-09 12:09:00,0,3,1316.66,0,At Risk
12527,5,26,735.51,22.98,526,0,2010-06-28 15:37:00,2011-09-19 11:55:00,81,5,735.51,0,At Risk
12528,8,50,1922.28,20.23,756,6,2011-01-31 09:05:00,2011-11-30 14:40:00,8,8,1922.28,0,At Risk
12529,2,21,311.78,13.56,192,2,2010-06-29 13:10:00,2010-07-05 09:35:00,522,2,311.78,0,At Risk
12530,12,94,3689.86,22.78,2713,15,2010-03-07 14:37:00,2011-10-11 12:34:00,59,12,3689.86,0,At Risk
12531,3,126,1899.05,14.28,1119,15,2010-01-22 14:17:00,2011-11-25 11:12:00,14,3,1899.05,0,At Risk
12532,1,16,349.83,21.86,153,0,2011-11-09 13:47:00,2011-11-09 13:47:00,29,1,349.83,0,At Risk
12533,6,63,1149.99,12.78,704,136,2009-12-01 11:50:00,2010-03-31 10:24:00,618,6,1149.99,0,At Risk
12534,1,63,1089.18,17.29,651,0,2011-08-01 10:26:00,2011-08-01 10:26:00,130,1,1089.18,0,At Risk
12535,2,28,716.35,21.07,219,0,2011-06-06 12:47:00,2011-09-09 08:48:00,91,2,716.35,0,At Risk
12536,5,260,4106.82,15.04,2803,151,2011-10-11 14:52:00,2011-12-02 12:43:00,7,5,4106.82,0,At Risk
12537,1,43,732.94,17.05,449,0,2010-10-27 08:36:00,2010-10-27 08:36:00,408,1,732.94,0,At Risk
12538,2,33,640.45,18.84,336,0,2010-11-26 13:02:00,2011-11-10 17:16:00,28,2,640.45,0,At Risk
12539,8,277,9498.90,18.81,4535,1,2009-12-23 13:00:00,2011-11-17 13:30:00,21,8,9498.90,0,At Risk
12540,36,355,22107.29,28.53,11019,10,2009-12-07 16:56:00,2011-11-20 11:31:00,19,36,22107.29,0,At Risk
12541,3,46,981.18,18.87,680,0,2011-03-04 09:32:00,2011-11-10 10:40:00,29,3,981.18,0,At Risk
12542,4,39,423.38,9.41,522,8,2010-03-09 16:26:00,2010-08-12 19:12:00,483,4,423.38,0,At Risk
12543,1,43,980.25,22.80,688,0,2010-09-17 15:51:00,2010-09-17 15:51:00,447,1,980.25,0,At Risk
12544,2,19,355.70,17.79,136,4,2011-11-03 16:15:00,2011-11-10 11:12:00,29,2,355.70,0,At Risk
12545,2,42,1000.39,20.01,523,0,2011-03-25 12:04:00,2011-09-25 13:39:00,74,2,1000.39,0,At Risk
12546,3,59,1141.50,16.31,633,16,2011-09-23 09:44:00,2011-10-24 12:09:00,46,3,1141.50,0,At Risk
12547,3,13,383.58,18.27,309,0,2010-07-27 13:55:00,2011-05-26 12:38:00,197,3,383.58,0,At Risk
12548,1,5,95.20,19.04,49,0,2011-06-26 15:35:00,2011-06-26 15:35:00,165,1,95.20,0,At Risk
12549,6,38,1575.68,32.16,1366,0,2010-01-11 12:29:00,2010-05-13 12:05:00,575,6,1575.68,0,At Risk
12550,1,57,964.83,16.93,569,0,2011-09-21 14:35:00,2011-09-21 14:35:00,78,1,964.83,0,At Risk
12551,1,10,168.00,16.80,100,0,2010-12-17 11:23:00,2010-12-17 11:23:00,357,1,168.00,0,At Risk
12552,2,20,437.82,21.89,88,0,2011-10-31 12:11:00,2011-11-01 10:02:00,38,2,437.82,0,At Risk
12553,17,109,4548.82,18.64,2325,43,2010-10-12 13:35:00,2011-12-01 16:38:00,7,17,4548.82,0,At Risk
12554,1,26,468.50,18.02,240,0,2010-09-17 12:29:00,2010-09-17 12:29:00,448,1,468.50,0,At Risk
12555,1,1,129.23,129.23,1,0,2010-01-26 16:26:00,2010-01-26 16:26:00,681,1,129.23,0,At Risk
12556,2,100,599.56,5.04,355,0,2011-07-11 13:35:00,2011-10-20 13:06:00,49,2,599.56,0,At Risk
12557,8,15,18096.14,341.44,6382,0,2009-12-17 10:39:00,2011-11-23 16:59:00,15,8,18096.14,0,At Risk
12558,2,11,0.00,0.00,196,196,2011-12-02 10:41:00,2011-12-08 10:14:00,1,2,0.00,0,At Risk
12559,3,21,536.21,24.37,283,2,2011-01-24 10:12:00,2011-02-02 09:49:00,310,3,536.21,0,At Risk
12560,4,92,2101.39,18.93,1110,32,2011-07-19 15:55:00,2011-12-04 13:54:00,4,4,2101.39,0,At Risk
12561,1,16,238.85,14.93,177,0,2011-02-10 11:39:00,2011-02-10 11:39:00,302,1,238.85,0,At Risk
12562,9,113,4966.92,23.99,2327,0,2010-09-30 13:13:00,2011-12-01 17:20:00,7,9,4966.92,0,At Risk
12563,1,13,249.24,19.17,113,0,2010-10-27 09:52:00,2010-10-27 09:52:00,408,1,249.24,0,At Risk
12564,1,21,456.90,21.76,133,0,2011-03-23 14:55:00,2011-03-23 14:55:00,260,1,456.90,0,At Risk
12565,2,9,131.17,13.12,80,5,2011-02-24 10:34:00,2011-03-03 11:43:00,281,2,131.17,0,At Risk
12566,2,19,346.70,17.34,265,1,2011-09-14 14:30:00,2011-09-28 09:57:00,72,2,346.70,0,At Risk
12567,17,365,11451.44,19.92,5308,222,2010-02-11 10:30:00,2011-11-17 11:02:00,22,17,11451.44,0,At Risk
12568,1,5,70.00,14.00,48,0,2010-03-05 09:15:00,2010-03-05 09:15:00,644,1,70.00,0,At Risk
12569,35,92,4064.99,21.28,1801,8,2011-04-01 13:47:00,2011-12-07 16:24:00,1,35,4064.99,0,At Risk
12570,1,1,77.52,77.52,1,0,2010-01-26 17:28:00,2010-01-26 17:28:00,681,1,77.52,0,At Risk
12571,2,31,519.61,15.28,523,0,2011-08-10 12:35:00,2011-10-31 10:19:00,39,2,519.61,0,At Risk
12572,3,53,1004.72,16.21,452,2,2011-10-19 08:20:00,2011-12-01 09:20:00,8,3,1004.72,0,At Risk
12573,5,107,717.41,6.03,479,0,2010-08-31 17:25:00,2011-04-26 15:52:00,226,5,717.41,0,At Risk
12574,1,11,218.45,19.86,61,0,2011-01-28 09:20:00,2011-01-28 09:20:00,315,1,218.45,0,At Risk
12575,2,34,622.82,16.39,315,0,2010-07-01 09:15:00,2010-09-08 13:09:00,456,2,622.82,0,At Risk
12576,11,114,2083.87,14.18,1494,15,2010-07-01 13:46:00,2011-11-04 10:11:00,35,11,2083.87,0,At Risk
12577,9,259,1554.70,5.20,1191,6,2009-12-03 19:31:00,2011-11-04 13:28:00,34,9,1554.70,0,At Risk
12578,7,150,4572.45,25.26,2380,46,2010-09-22 11:19:00,2011-11-18 13:30:00,20,7,4572.45,0,At Risk
12579,3,29,410.72,13.25,285,7,2011-09-22 17:15:00,2011-09-27 13:57:00,72,3,410.72,0,At Risk
12580,2,52,1052.90,18.15,569,0,2010-05-12 11:45:00,2011-04-07 10:24:00,246,2,1052.90,0,At Risk
12581,1,15,197.71,13.18,161,0,2011-10-31 08:56:00,2011-10-31 08:56:00,39,1,197.71,0,At Risk
12582,4,88,1980.40,19.23,985,0,2010-05-11 09:55:00,2011-04-15 08:45:00,238,4,1980.40,0,At Risk
12583,31,141,13489.04,29.91,8535,52,2009-12-06 11:57:00,2011-12-07 08:07:00,2,31,13489.04,0,At Risk
12584,18,44,1893.95,15.03,416,62,2011-03-04 15:15:00,2011-12-06 09:35:00,3,18,1893.95,0,At Risk
12585,4,77,1982.81,20.44,1279,21,2010-12-23 12:58:00,2011-04-19 13:39:00,233,4,1982.81,0,At Risk
12586,5,82,2045.67,21.53,687,2,2009-12-16 13:15:00,2011-11-22 16:24:00,16,5,2045.67,0,At Risk
12587,1,4,144.00,36.00,51,0,2011-12-02 12:47:00,2011-12-02 12:47:00,7,1,144.00,0,At Risk
12588,5,31,938.98,19.56,438,4,2010-04-21 12:22:00,2011-10-31 15:01:00,38,5,938.98,0,At Risk
12589,11,121,3094.17,14.60,1764,395,2010-01-19 12:26:00,2011-11-11 10:19:00,28,11,3094.17,0,At Risk
12590,5,70,9853.48,136.85,4283,6,2010-04-12 07:20:00,2011-06-02 14:25:00,189,5,9853.48,0,At Risk
12591,3,63,1338.95,19.69,653,0,2010-10-27 10:42:00,2011-01-26 14:35:00,316,3,1338.95,0,At Risk
12592,8,42,1152.62,13.72,1875,3,2010-07-08 14:06:00,2011-09-08 15:04:00,91,8,1152.62,0,At Risk
12593,3,14,418.10,19.91,206,0,2011-05-05 09:29:00,2011-08-23 12:43:00,108,3,418.10,0,At Risk
12594,17,78,5044.51,24.97,2768,25,2010-03-03 13:51:00,2011-11-02 12:20:00,37,17,5044.51,0,At Risk
12595,1,19,299.02,15.74,271,0,2010-07-23 09:10:00,2010-07-23 09:10:00,504,1,299.02,0,At Risk
12596,2,25,618.27,22.90,474,0,2011-04-11 13:22:00,2011-10-19 13:02:00,50,2,618.27,0,At Risk
12597,5,184,3683.13,17.21,2236,49,2011-03-16 14:00:00,2011-11-20 13:33:00,18,5,3683.13,0,At Risk
12598,15,130,4414.67,20.92,2906,66,2010-03-01 09:58:00,2011-11-30 12:18:00,9,15,4414.67,0,At Risk
12599,13,47,2296.72,17.27,2189,0,2010-05-11 10:42:00,2011-11-10 13:34:00,28,13,2296.72,0,At Risk
12600,26,54,4879.29,35.36,1383,9,2009-12-07 13:37:00,2011-11-11 10:29:00,28,26,4879.29,0,At Risk
12601,7,24,673.76,19.25,290,1,2010-10-31 10:57:00,2011-06-03 10:17:00,189,7,673.76,0,At Risk
12602,1,12,153.12,12.76,162,0,2011-10-12 11:22:00,2011-10-12 11:22:00,58,1,153.12,0,At Risk
12603,1,2,739.20,369.60,63,0,2011-11-18 10:42:00,2011-11-18 10:42:00,21,1,739.20,0,At Risk
12604,2,15,254.18,15.89,201,0,2011-03-23 12:06:00,2011-09-21 14:08:00,78,2,254.18,0,At Risk
12605,5,63,1225.45,15.51,929,4,2010-09-07 14:21:00,2010-12-09 15:41:00,364,5,1225.45,0,At Risk
12606,1,1,21.00,21.00,1,0,2010-01-26 16:23:00,2010-01-26 16:23:00,681,1,21.00,0,At Risk
12607,2,101,0.00,0.00,1228,1228,2011-10-10 16:06:00,2011-10-12 16:17:00,57,2,0.00,0,At Risk
12608,1,16,415.79,25.99,323,0,2010-10-31 10:49:00,2010-10-31 10:49:00,404,1,415.79,0,At Risk
12609,10,129,3417.86,19.42,1553,1,2009-12-20 13:30:00,2011-09-22 16:34:00,77,10,3417.86,0,At Risk
12610,7,85,2057.99,18.54,1049,21,2011-08-05 13:52:00,2011-11-17 09:34:00,22,7,2057.99,0,At Risk
12611,1,65,1193.32,18.36,846,0,2011-10-18 13:12:00,2011-10-18 13:12:00,51,1,1193.32,0,At Risk
12612,2,19,643.59,30.65,262,11,2011-09-26 15:35:00,2011-10-13 12:12:00,57,2,643.59,0,At Risk
12613,13,219,6573.82,19.00,4157,120,2009-12-14 13:10:00,2011-11-08 13:30:00,30,13,6573.82,0,At Risk
12614,1,20,315.60,15.78,76,0,2011-03-07 10:22:00,2011-03-07 10:22:00,277,1,315.60,0,At Risk
12615,11,199,5564.88,20.02,3317,22,2009-12-01 12:09:00,2011-12-07 15:02:00,1,11,5564.88,0,At Risk
12616,7,32,1045.35,17.72,498,17,2010-11-16 11:38:00,2011-09-15 17:02:00,84,7,1045.35,0,At Risk
12617,1,39,352.98,8.61,210,0,2011-11-10 14:39:00,2011-11-10 14:39:00,28,1,352.98,0,At Risk
12618,1,11,177.31,16.12,96,0,2011-11-18 11:10:00,2011-11-18 11:10:00,21,1,177.31,0,At Risk
12619,14,55,3354.95,31.95,3518,24,2010-05-28 12:52:00,2011-11-23 14:52:00,15,14,3354.95,0,At Risk
12620,3,89,1339.41,14.56,1181,0,2011-05-19 12:10:00,2011-11-25 10:20:00,14,3,1339.41,0,At Risk
12621,44,344,24114.70,31.24,13706,58,2010-02-09 12:01:00,2011-12-08 11:25:00,1,44,24114.70,0,At Risk
12622,1,11,180.10,16.37,69,0,2011-04-21 16:39:00,2011-04-21 16:39:00,231,1,180.10,0,At Risk
12623,9,112,3639.84,20.80,1971,6,2010-01-12 11:45:00,2011-03-08 13:50:00,275,9,3639.84,0,At Risk
12624,2,36,641.13,16.87,355,0,2011-06-15 12:34:00,2011-08-25 15:04:00,105,2,641.13,0,At Risk
12625,5,145,5095.38,27.10,3309,35,2010-04-22 11:33:00,2011-05-12 09:54:00,211,5,5095.38,0,At Risk
12626,13,232,6388.35,20.81,3453,103,2011-01-17 11:01:00,2011-11-16 16:06:00,22,13,6388.35,0,At Risk
12627,7,162,4478.53,19.47,2752,0,2011-07-22 13:59:00,2011-11-29 12:07:00,10,7,4478.53,0,At Risk
12628,4,34,769.61,17.90,448,3,2011-10-06 09:28:00,2011-12-05 13:15:00,3,4,769.61,0,At Risk
12629,2,40,1558.22,34.63,722,0,2010-10-12 16:40:00,2010-11-19 09:18:00,385,2,1558.22,0,At Risk
12630,2,60,1270.88,19.86,548,0,2011-10-27 10:41:00,2011-11-30 10:48:00,9,2,1270.88,0,At Risk
12631,7,131,3452.27,18.56,1607,14,2010-01-15 14:50:00,2011-10-13 13:53:00,56,7,3452.27,0,At Risk
12632,4,32,738.88,19.44,694,26,2010-05-24 09:07:00,2010-07-07 09:39:00,520,4,738.88,0,At Risk
12633,10,220,5595.21,17.88,3238,31,2010-07-02 11:44:00,2011-10-12 11:40:00,58,10,5595.21,0,At Risk
12634,2,20,490.00,24.50,337,0,2010-06-09 15:41:00,2010-06-22 10:05:00,535,2,490.00,0,At Risk
12635,4,159,2930.41,16.37,1949,0,2010-09-09 10:50:00,2011-09-11 11:04:00,89,4,2930.41,0,At Risk
12636,1,1,141.00,141.00,1,0,2009-12-01 09:55:00,2009-12-01 09:55:00,738,1,141.00,0,At Risk
12637,14,295,8215.16,13.29,4257,12,2010-06-14 13:36:00,2011-10-03 13:46:00,66,14,8215.16,0,At Risk
12638,2,47,921.49,19.20,663,0,2010-03-10 10:30:00,2011-11-06 13:11:00,32,2,921.49,0,At Risk
12639,3,58,1312.37,20.51,631,0,2010-03-22 09:05:00,2011-04-15 12:48:00,238,3,1312.37,0,At Risk
12640,3,47,1174.58,22.16,311,0,2011-09-19 12:01:00,2011-11-16 11:52:00,23,3,1174.58,0,At Risk
12641,1,10,185.90,18.59,72,0,2011-08-16 13:26:00,2011-08-16 13:26:00,114,1,185.90,0,At Risk
12642,3,39,1013.26,21.56,552,0,2011-08-24 09:23:00,2011-11-14 15:03:00,24,3,1013.26,0,At Risk
12643,14,14,7835.30,142.46,4665,308,2010-04-07 14:16:00,2011-08-03 12:56:00,127,14,7835.30,0,At Risk
12644,6,106,1815.54,14.76,1032,31,2010-01-14 13:02:00,2011-08-02 10:33:00,129,6,1815.54,0,At Risk
12645,10,111,3499.10,21.47,2125,36,2010-02-09 10:49:00,2011-11-06 12:38:00,33,10,3499.10,0,At Risk
12646,2,43,1346.97,29.93,897,0,2011-10-21 12:52:00,2011-12-05 10:14:00,4,2,1346.97,0,At Risk
12647,45,241,16713.99,31.36,6633,74,2010-01-13 15:06:00,2011-11-17 12:56:00,21,45,16713.99,0,At Risk
12648,5,38,1097.00,16.62,518,4,2010-01-07 18:38:00,2011-07-08 11:55:00,154,5,1097.00,0,At Risk
12649,10,94,2258.50,18.51,1959,17,2010-01-12 17:24:00,2011-08-24 14:41:00,106,10,2258.50,0,At Risk
12650,1,20,314.44,15.72,254,0,2011-12-06 16:34:00,2011-12-06 16:34:00,2,1,314.44,0,At Risk
12651,5,30,365.30,11.42,265,3,2010-08-31 15:21:00,2011-01-09 12:46:00,334,5,365.30,0,At Risk
12652,3,51,1011.58,18.73,536,3,2010-10-01 15:16:00,2011-01-21 17:01:00,321,3,1011.58,0,At Risk
12653,3,76,4160.83,48.38,1681,0,2010-07-01 09:56:00,2011-07-14 10:41:00,148,3,4160.83,0,At Risk
12654,5,31,601.98,15.84,264,0,2011-02-17 13:16:00,2011-11-29 10:10:00,10,5,601.98,0,At Risk
12655,1,16,261.35,16.33,80,0,2010-10-12 09:17:00,2010-10-12 09:17:00,423,1,261.35,0,At Risk
12656,12,174,6320.78,24.98,2860,19,2010-05-26 09:00:00,2011-11-22 13:42:00,16,12,6320.78,0,At Risk
12657,5,35,1152.06,20.57,1044,390,2011-09-22 11:40:00,2011-11-28 15:47:00,10,5,1152.06,0,At Risk
12658,1,36,686.05,19.06,320,0,2011-11-21 10:22:00,2011-11-21 10:22:00,18,1,686.05,0,At Risk
12659,1,5,91.68,18.34,105,0,2011-11-10 11:53:00,2011-11-10 11:53:00,29,1,91.68,0,At Risk
12660,1,13,245.10,18.85,127,0,2011-11-28 13:26:00,2011-11-28 13:26:00,10,1,245.10,0,At Risk
12661,1,11,162.00,14.73,216,0,2010-09-29 16:46:00,2010-09-29 16:46:00,435,1,162.00,0,At Risk
12662,22,163,6687.69,16.89,3424,21,2010-04-01 09:50:00,2011-12-09 11:59:00,0,22,6687.69,0,At Risk
12663,3,9,204.00,18.55,181,12,2010-02-09 14:28:00,2010-03-25 09:40:00,624,3,204.00,0,At Risk
12664,12,10,6052.04,131.57,1495,1,2009-12-13 10:28:00,2011-12-01 17:07:00,7,12,6052.04,0,At Risk
12665,5,13,301.45,14.35,165,8,2010-02-08 15:11:00,2011-01-19 08:34:00,324,5,301.45,0,At Risk
12666,2,31,1020.98,30.94,370,56,2010-11-10 16:40:00,2010-12-15 14:42:00,358,2,1020.98,0,At Risk
12667,1,33,620.13,18.79,395,0,2011-10-12 17:00:00,2011-10-12 17:00:00,57,1,620.13,0,At Risk
12668,12,263,11319.06,20.85,5049,39,2010-01-31 15:45:00,2011-12-02 15:10:00,6,12,11319.06,0,At Risk
12669,4,98,1607.73,15.76,1115,1,2011-03-28 10:15:00,2011-07-12 09:54:00,150,4,1607.73,0,At Risk
12670,8,71,3750.39,32.05,1627,6,2010-02-11 10:13:00,2011-11-29 15:23:00,9,8,3750.39,0,At Risk
12671,1,45,2622.48,58.28,1460,0,2010-04-12 16:30:00,2010-04-12 16:30:00,605,1,2622.48,0,At Risk
12672,3,22,410.50,16.42,138,7,2010-04-23 09:57:00,2011-01-14 09:20:00,329,3,410.50,0,At Risk
12673,3,68,1230.02,16.62,700,0,2010-11-03 10:46:00,2011-12-04 13:55:00,4,3,1230.02,0,At Risk
12674,7,52,1922.26,21.36,1133,30,2011-05-16 09:10:00,2011-11-28 12:22:00,11,7,1922.26,0,At Risk
12675,4,111,933.55,8.19,336,2,2010-05-10 16:44:00,2010-06-04 09:49:00,553,4,933.55,0,At Risk
12676,12,67,2773.09,25.68,1867,2,2010-08-13 13:29:00,2011-11-15 12:25:00,24,12,2773.09,0,At Risk
12677,3,14,389.30,16.93,176,2,2009-12-07 14:38:00,2010-06-02 14:30:00,554,3,389.30,0,At Risk
12678,23,199,33851.13,88.85,22372,139,2010-01-07 16:46:00,2011-10-28 13:04:00,41,23,33851.13,0,At Risk
12679,9,45,1058.67,18.90,554,24,2011-03-01 12:26:00,2011-10-18 13:43:00,51,9,1058.67,0,At Risk
12680,4,33,880.81,16.62,444,0,2011-08-18 15:44:00,2011-12-09 12:50:00,0,4,880.81,0,At Risk
12681,56,459,29518.24,20.32,17011,96,2009-12-13 13:31:00,2011-11-25 11:35:00,14,56,29518.24,0,At Risk
12682,53,327,22862.12,23.05,10522,9,2009-12-01 09:28:00,2011-12-06 10:00:00,3,53,22862.12,0,At Risk
12683,27,236,11355.52,22.40,7019,86,2009-12-13 15:01:00,2011-12-05 16:31:00,3,27,11355.52,0,At Risk
12684,7,61,2283.63,21.75,1985,0,2011-05-10 12:55:00,2011-12-02 09:53:00,7,7,2283.63,0,At Risk
12685,6,117,2863.08,18.24,1523,0,2011-09-07 10:28:00,2011-11-11 13:46:00,27,6,2863.08,0,At Risk
12686,1,7,89.14,12.73,107,0,2010-12-03 09:51:00,2010-12-03 09:51:00,371,1,89.14,0,At Risk
12687,2,126,2138.91,16.98,1403,0,2010-08-16 12:10:00,2010-08-16 12:12:00,480,2,2138.91,0,At Risk
12688,1,171,4873.81,28.50,3028,0,2011-08-18 08:49:00,2011-08-18 08:49:00,113,1,4873.81,0,At Risk
12689,2,57,1247.61,17.33,628,0,2011-08-04 10:04:00,2011-11-14 08:31:00,25,2,1247.61,0,At Risk
12690,1,16,389.01,24.31,106,0,2011-05-18 09:09:00,2011-05-18 09:09:00,205,1,389.01,0,At Risk
12691,7,24,1170.40,30.01,445,0,2010-10-15 12:00:00,2011-11-11 16:49:00,27,7,1170.40,0,At Risk
12692,1,13,110.95,8.53,36,0,2010-03-12 14:02:00,2010-03-12 14:02:00,636,1,110.95,0,At Risk
12693,11,63,1640.42,19.76,536,12,2010-07-05 13:56:00,2011-08-11 09:16:00,120,11,1640.42,0,At Risk
12694,4,69,1839.45,21.90,1355,2,2010-10-14 19:39:00,2011-09-30 13:06:00,69,4,1839.45,0,At Risk
12695,7,46,1407.12,23.85,454,0,2010-02-12 13:22:00,2011-12-02 13:22:00,6,7,1407.12,0,At Risk
12696,3,44,801.15,16.02,564,1,2010-01-26 16:39:00,2010-10-01 10:43:00,434,3,801.15,0,At Risk
12697,5,37,939.02,21.84,508,9,2011-06-23 15:44:00,2011-11-18 16:17:00,20,5,939.02,0,At Risk
12698,1,16,339.75,21.23,111,0,2010-04-28 15:51:00,2010-04-28 15:51:00,589,1,339.75,0,At Risk
12699,1,41,638.11,15.56,373,0,2010-10-18 12:07:00,2010-10-18 12:07:00,417,1,638.11,0,At Risk
12700,6,193,4867.99,18.03,2967,4,2011-05-08 16:10:00,2011-12-02 10:49:00,7,6,4867.99,0,At Risk
12701,6,118,2446.41,16.64,1727,0,2010-03-16 13:23:00,2011-09-21 10:47:00,79,6,2446.41,0,At Risk
12702,1,12,219.00,18.25,53,0,2011-11-20 10:36:00,2011-11-20 10:36:00,19,1,219.00,0,At Risk
12703,7,56,892.18,10.62,595,56,2010-01-24 12:05:00,2011-10-06 19:23:00,63,7,892.18,0,At Risk
12704,10,64,2220.84,24.68,1006,3,2011-06-23 10:20:00,2011-12-02 13:15:00,6,10,2220.84,0,At Risk
12705,22,323,11554.00,18.46,7188,80,2009-12-03 10:26:00,2011-11-24 13:17:00,14,22,11554.00,0,At Risk
12706,1,1,-91.89,-91.89,0,1,2010-01-26 16:25:00,2010-01-26 16:25:00,681,1,-91.89,0,At Risk
12707,1,33,603.42,18.29,256,0,2011-02-21 08:38:00,2011-02-21 08:38:00,291,1,603.42,0,At Risk
12708,30,130,4921.72,15.28,2432,55,2009-12-18 10:25:00,2011-11-10 09:52:00,29,30,4921.72,0,At Risk
12709,55,191,29511.03,51.06,13772,207,2009-12-09 13:49:00,2011-12-06 16:42:00,2,55,29511.03,0,At Risk
12710,4,75,1130.57,14.31,851,2,2011-05-22 14:05:00,2011-09-04 12:00:00,96,4,1130.57,0,At Risk
12711,2,56,1339.05,22.32,770,0,2010-02-01 11:30:00,2010-04-07 11:59:00,611,2,1339.05,0,At Risk
12712,28,127,6521.78,23.89,2205,45,2009-12-09 10:46:00,2011-11-17 09:15:00,22,28,6521.78,0,At Risk
12713,1,38,848.55,22.33,508,0,2011-12-09 12:16:00,2011-12-09 12:16:00,0,1,848.55,0,At Risk
12714,12,436,14093.71,20.25,8774,0,2009-12-04 10:00:00,2011-11-30 15:43:00,8,12,14093.71,0,At Risk
12715,1,20,343.36,17.17,192,0,2011-08-25 15:22:00,2011-08-25 15:22:00,105,1,343.36,0,At Risk
12716,2,60,1053.49,15.27,708,0,2011-07-29 13:28:00,2011-12-06 08:55:00,3,2,1053.49,0,At Risk
12717,4,60,1258.91,17.48,600,1,2010-04-28 14:34:00,2011-07-11 14:51:00,150,4,1258.91,0,At Risk
12718,1,19,238.25,12.54,203,0,2011-09-29 16:38:00,2011-09-29 16:38:00,70,1,238.25,0,At Risk
12719,3,34,608.10,14.48,374,13,2011-10-05 14:50:00,2011-12-04 13:45:00,4,3,608.10,0,At Risk
12720,41,263,7574.49,15.06,6018,77,2010-07-21 09:46:00,2011-12-07 08:03:00,2,41,7574.49,0,At Risk
12721,10,183,3933.83,15.67,2655,19,2010-08-25 11:07:00,2011-11-08 12:13:00,31,10,3933.83,0,At Risk
12722,6,50,904.33,15.87,566,6,2011-07-12 11:55:00,2011-09-15 14:50:00,84,6,904.33,0,At Risk
12723,5,53,725.07,10.51,434,0,2011-10-05 15:52:00,2011-12-06 10:19:00,3,5,725.07,0,At Risk
12724,7,94,2317.52,17.97,1379,0,2010-06-22 14:00:00,2011-12-04 16:02:00,4,7,2317.52,0,At Risk
12725,4,92,2266.76,21.38,1142,0,2010-05-04 13:59:00,2010-12-03 15:45:00,370,4,2266.76,0,At Risk
12726,11,63,4014.60,22.43,4618,0,2010-03-25 16:25:00,2011-11-11 13:35:00,27,11,4014.60,0,At Risk
12727,12,132,5646.53,27.54,2832,13,2010-02-23 09:54:00,2011-11-29 11:46:00,10,12,5646.53,0,At Risk
12728,5,48,1070.17,17.54,543,0,2010-11-21 11:34:00,2011-09-29 15:31:00,70,5,1070.17,0,At Risk
12729,1,26,453.01,17.42,233,0,2011-08-18 11:40:00,2011-08-18 11:40:00,113,1,453.01,0,At Risk
12730,1,47,829.25,17.64,234,0,2010-07-06 12:19:00,2010-07-06 12:19:00,521,1,829.25,0,At Risk
12731,19,137,25673.21,64.83,11641,71,2010-03-02 09:23:00,2011-11-16 11:59:00,23,19,25673.21,0,At Risk
12732,1,12,236.26,19.69,111,0,2011-06-13 11:33:00,2011-06-13 11:33:00,179,1,236.26,0,At Risk
12733,6,117,2326.82,14.36,896,11,2010-01-19 13:23:00,2011-04-19 16:19:00,233,6,2326.82,0,At Risk
12734,3,17,639.65,33.67,265,0,2010-11-12 13:26:00,2010-12-22 12:47:00,352,3,639.65,0,At Risk
12735,2,38,779.57,18.13,368,0,2011-01-06 14:26:00,2011-01-28 13:37:00,314,2,779.57,0,At Risk
12736,1,4,234.00,58.50,173,0,2011-01-11 07:57:00,2011-01-11 07:57:00,332,1,234.00,0,At Risk
12737,2,2,3710.50,1855.25,2,0,2010-07-29 12:27:00,2010-07-29 12:29:00,498,2,3710.50,0,At Risk
12738,1,11,155.35,14.12,148,0,2010-12-02 18:27:00,2010-12-02 18:27:00,371,1,155.35,0,At Risk
12739,4,85,2726.73,30.64,951,0,2010-11-10 14:27:00,2011-09-22 13:00:00,77,4,2726.73,0,At Risk
12740,1,27,427.60,15.84,342,0,2011-10-07 10:44:00,2011-10-07 10:44:00,63,1,427.60,0,At Risk
12741,2,16,406.07,25.38,214,0,2010-06-24 16:24:00,2010-06-28 14:36:00,528,2,406.07,0,At Risk
12742,2,67,1185.02,17.43,1359,10,2010-03-24 12:43:00,2010-04-19 11:10:00,599,2,1185.02,0,At Risk
12743,2,114,540.13,4.12,315,0,2011-07-28 16:06:00,2011-07-28 16:21:00,133,2,540.13,0,At Risk
12744,14,245,13158.16,38.03,6994,7,2010-04-27 16:19:00,2011-10-19 11:18:00,51,14,13158.16,0,At Risk
12745,3,21,925.41,40.24,468,0,2010-01-26 16:22:00,2010-08-10 10:14:00,486,3,925.41,0,At Risk
12746,3,18,230.85,11.54,97,6,2009-12-08 17:08:00,2010-06-30 08:19:00,527,3,230.85,0,At Risk
12747,32,85,8786.53,34.19,2640,25,2009-12-07 13:23:00,2011-12-07 14:34:00,1,32,8786.53,0,At Risk
12748,364,2286,46933.33,7.05,37109,2025,2009-12-04 17:31:00,2011-12-09 12:20:00,0,364,46933.33,1,Potential Loyal
12749,16,261,6328.49,15.90,2360,89,2010-07-06 15:05:00,2011-12-06 09:56:00,3,16,6328.49,0,At Risk
12750,1,15,275.88,18.39,137,0,2011-08-03 09:13:00,2011-08-03 09:13:00,128,1,275.88,0,At Risk
12751,1,61,268.27,4.33,189,0,2010-09-21 12:49:00,2010-09-21 12:49:00,444,1,268.27,0,At Risk
12752,1,53,4366.78,82.39,2262,0,2011-09-19 13:32:00,2011-09-19 13:32:00,80,1,4366.78,0,At Risk
12753,11,132,21024.01,91.41,11421,171,2010-12-12 11:44:00,2011-12-06 11:40:00,3,11,21024.01,0,At Risk
12754,5,50,2949.12,45.37,6481,2,2011-02-04 10:31:00,2011-04-18 09:00:00,235,5,2949.12,0,At Risk
12755,22,38,2611.95,22.52,2293,1260,2009-12-02 10:55:00,2011-04-04 10:12:00,249,22,2611.95,0,At Risk
12756,1,4,112.08,28.02,144,0,2011-09-14 09:31:00,2011-09-14 09:31:00,86,1,112.08,0,At Risk
12757,19,237,4205.25,11.37,2395,17,2011-05-12 19:01:00,2011-11-24 12:30:00,15,19,4205.25,0,At Risk
12758,8,187,9779.00,30.85,6155,64,2009-12-01 14:40:00,2011-08-15 10:22:00,116,8,9779.00,0,At Risk
12759,8,206,5020.74,16.62,3202,0,2009-12-04 10:47:00,2011-10-18 14:49:00,51,8,5020.74,0,At Risk
12760,1,21,347.80,16.56,198,0,2010-09-10 08:50:00,2010-09-10 08:50:00,455,1,347.80,0,At Risk
12761,2,27,782.95,29.00,281,0,2010-09-01 10:47:00,2010-09-08 12:17:00,457,2,782.95,0,At Risk
12762,2,62,1898.52,27.51,1227,0,2011-11-14 14:23:00,2011-12-02 10:23:00,7,2,1898.52,0,At Risk
12763,2,16,494.08,27.45,316,0,2010-12-05 15:46:00,2011-07-24 14:12:00,137,2,494.08,0,At Risk
12764,1,45,1693.88,37.64,386,0,2011-01-27 10:19:00,2011-01-27 10:19:00,316,1,1693.88,0,At Risk
12765,6,49,1404.58,20.66,1009,0,2010-03-08 09:43:00,2010-08-24 13:51:00,471,6,1404.58,0,At Risk
12766,11,253,8877.14,21.86,5022,19,2010-10-28 09:29:00,2011-12-06 08:46:00,3,11,8877.14,0,At Risk
12767,1,43,949.82,22.09,598,0,2010-11-29 09:38:00,2010-11-29 09:38:00,375,1,949.82,0,At Risk
12768,2,10,0.00,0.00,102,102,2010-09-15 12:08:00,2010-10-04 12:48:00,431,2,0.00,0,At Risk
12769,1,32,1143.60,35.74,356,0,2011-04-15 10:25:00,2011-04-15 10:25:00,238,1,1143.60,0,At Risk
12770,7,24,2975.95,80.43,1843,72,2010-04-07 10:44:00,2011-05-13 09:33:00,210,7,2975.95,0,At Risk
12771,2,15,262.50,16.41,104,4,2010-08-11 11:51:00,2010-09-01 12:34:00,464,2,262.50,0,At Risk
12772,1,55,892.47,16.23,556,0,2011-10-11 09:19:00,2011-10-11 09:19:00,59,1,892.47,0,At Risk
12773,2,6,0.00,0.00,109,109,2010-05-24 17:30:00,2010-05-24 17:39:00,563,2,0.00,0,At Risk
12774,1,6,98.70,16.45,53,0,2010-06-22 10:38:00,2010-06-22 10:38:00,535,1,98.70,0,At Risk
12775,8,55,1651.32,20.14,1083,24,2010-10-26 14:24:00,2011-11-22 16:33:00,16,8,1651.32,0,At Risk
12776,1,4,55.50,13.88,46,0,2010-02-10 12:11:00,2010-02-10 12:11:00,667,1,55.50,0,At Risk
12777,1,26,519.45,19.98,458,0,2010-09-08 11:35:00,2010-09-08 11:35:00,457,1,519.45,0,At Risk
12778,10,77,1757.68,15.28,1735,1,2010-04-16 09:57:00,2011-11-20 11:39:00,19,10,1757.68,0,At Risk
12779,21,142,6158.60,21.46,3501,169,2009-12-03 07:25:00,2011-11-18 17:10:00,20,21,6158.60,0,At Risk
12780,1,20,337.40,16.87,285,0,2010-04-20 09:40:00,2010-04-20 09:40:00,598,1,337.40,0,At Risk
12781,5,25,707.72,23.59,671,79,2011-02-28 08:43:00,2011-11-18 15:45:00,20,5,707.72,0,At Risk
12782,14,143,4526.04,18.78,2017,32,2010-07-08 13:31:00,2011-12-05 09:16:00,4,14,4526.04,0,At Risk
12783,8,76,1603.87,18.65,624,2,2011-09-25 15:35:00,2011-12-07 15:56:00,1,8,1603.87,0,At Risk
12784,3,121,1763.15,13.67,862,0,2010-06-28 13:06:00,2011-11-30 15:38:00,8,3,1763.15,0,At Risk
12785,5,42,1079.31,18.61,453,6,2009-12-08 13:56:00,2011-12-07 12:46:00,2,5,1079.31,0,At Risk
12786,1,18,728.50,40.47,324,0,2010-04-09 12:12:00,2010-04-09 12:12:00,609,1,728.50,0,At Risk
12787,5,30,859.18,19.09,510,1,2010-10-22 14:57:00,2011-11-30 08:44:00,9,5,859.18,0,At Risk
12788,4,20,444.90,17.11,194,0,2010-06-29 13:05:00,2010-09-02 14:21:00,462,4,444.90,0,At Risk
12789,3,5,273.35,34.17,36,0,2010-01-15 12:06:00,2011-10-05 13:34:00,64,3,273.35,0,At Risk
12790,3,36,563.45,14.09,306,6,2010-10-25 13:04:00,2011-05-31 14:14:00,191,3,563.45,0,At Risk
12791,8,17,585.15,19.51,353,2,2010-03-25 17:29:00,2010-12-01 11:27:00,373,8,585.15,0,At Risk
12792,3,40,813.88,16.96,394,1,2010-01-26 16:35:00,2011-03-28 11:36:00,256,3,813.88,0,At Risk
12793,3,34,885.53,20.13,461,0,2010-11-03 13:05:00,2011-01-09 12:12:00,334,3,885.53,0,At Risk
12794,2,43,860.41,19.12,592,0,2011-09-02 12:01:00,2011-10-17 14:54:00,52,2,860.41,0,At Risk
12795,1,14,430.48,30.75,68,0,2011-11-21 10:27:00,2011-11-21 10:27:00,18,1,430.48,0,At Risk
12796,1,7,381.00,54.43,182,0,2010-03-21 15:49:00,2010-03-21 15:49:00,627,1,381.00,0,At Risk
12797,6,27,471.43,13.10,215,43,2010-10-11 12:53:00,2010-12-14 16:24:00,359,6,471.43,0,At Risk
12798,4,27,8510.93,257.91,8455,0,2010-10-14 12:27:00,2011-11-29 15:52:00,9,4,8510.93,0,At Risk
12799,1,15,219.35,14.62,137,0,2010-06-28 15:57:00,2010-06-28 15:57:00,528,1,219.35,0,At Risk
12800,3,31,584.25,17.18,284,0,2010-02-01 11:02:00,2010-08-26 14:11:00,469,3,584.25,0,At Risk
12801,2,50,1031.87,20.23,505,1,2010-07-27 09:38:00,2010-08-19 12:04:00,477,2,1031.87,0,At Risk
12802,9,108,2350.42,16.79,1972,18,2010-05-25 09:34:00,2011-06-09 09:44:00,183,9,2350.42,0,At Risk
12803,1,55,1092.81,19.87,872,0,2010-11-11 14:57:00,2010-11-11 14:57:00,392,1,1092.81,0,At Risk
12804,2,60,325.37,4.93,270,0,2010-07-27 13:52:00,2010-08-31 11:58:00,465,2,325.37,0,At Risk
12805,4,44,1434.95,24.74,593,0,2010-02-03 09:06:00,2010-11-23 12:27:00,381,4,1434.95,0,At Risk
12806,4,58,2878.96,42.97,2087,0,2010-04-30 10:44:00,2010-09-30 13:34:00,434,4,2878.96,0,At Risk
12807,3,17,269.95,15.00,145,25,2010-11-18 13:20:00,2010-11-22 09:16:00,382,3,269.95,0,At Risk
12808,5,46,776.70,16.53,322,0,2010-09-03 10:24:00,2011-11-03 10:05:00,36,5,776.70,0,At Risk
12809,8,75,1705.34,19.16,518,10,2010-03-02 14:19:00,2011-06-24 15:15:00,167,8,1705.34,0,At Risk
12810,2,32,534.99,16.72,389,0,2010-02-01 09:52:00,2010-06-23 10:53:00,534,2,534.99,0,At Risk
12811,5,47,1033.90,18.46,435,0,2010-10-08 12:20:00,2011-03-24 09:42:00,260,5,1033.90,0,At Risk
12812,1,15,229.64,15.31,164,0,2011-10-26 09:54:00,2011-10-26 09:54:00,44,1,229.64,0,At Risk
12813,3,37,1687.80,37.51,1141,0,2010-01-15 16:52:00,2010-07-26 09:50:00,501,3,1687.80,0,At Risk
12814,1,2,125.92,62.96,49,0,2011-08-30 12:11:00,2011-08-30 12:11:00,101,1,125.92,0,At Risk
12815,2,38,1063.46,22.63,379,0,2011-05-25 13:34:00,2011-07-15 10:21:00,147,2,1063.46,0,At Risk
12816,2,27,572.20,19.73,128,0,2011-06-16 13:24:00,2011-09-05 12:41:00,95,2,572.20,0,At Risk
12817,3,16,690.98,27.64,219,0,2010-10-01 08:57:00,2011-03-03 16:28:00,280,3,690.98,0,At Risk
12818,2,14,1517.88,94.87,929,6,2011-03-23 12:06:00,2011-06-14 13:54:00,177,2,1517.88,0,At Risk
12819,1,19,540.52,28.45,344,0,2010-09-07 15:20:00,2010-09-07 15:20:00,457,1,540.52,0,At Risk
12820,13,131,2647.94,16.35,1964,38,2009-12-05 13:37:00,2011-12-06 15:12:00,2,13,2647.94,0,At Risk
12821,2,13,220.80,16.98,162,0,2010-04-07 15:14:00,2011-05-09 15:51:00,213,2,220.80,0,At Risk
12822,3,41,918.98,19.55,550,2,2011-09-13 13:46:00,2011-09-30 10:04:00,70,3,918.98,0,At Risk
12823,18,1,6501.50,361.19,930,0,2010-01-29 12:52:00,2011-09-26 07:35:00,74,18,6501.50,0,At Risk
12824,1,25,397.12,15.88,232,0,2011-10-11 12:49:00,2011-10-11 12:49:00,59,1,397.12,0,At Risk
12825,2,20,518.63,21.61,139,0,2010-03-08 10:17:00,2010-07-06 13:56:00,520,2,518.63,0,At Risk
12826,15,94,2773.69,17.12,1915,6,2009-12-18 10:43:00,2011-12-07 10:25:00,2,15,2773.69,0,At Risk
12827,3,19,430.15,17.21,197,0,2011-10-26 15:44:00,2011-12-04 12:17:00,5,3,430.15,0,At Risk
12828,6,46,1018.71,18.19,494,0,2011-08-01 16:16:00,2011-12-07 08:45:00,2,6,1018.71,0,At Risk
12829,4,17,345.35,17.27,550,1,2010-06-07 15:04:00,2011-01-21 12:56:00,321,4,345.35,0,At Risk
12830,7,14,6748.40,173.04,9848,1,2011-06-21 10:53:00,2011-11-02 11:54:00,37,7,6748.40,0,At Risk
12831,3,16,451.11,20.51,303,0,2010-09-02 15:58:00,2011-03-22 13:02:00,261,3,451.11,0,At Risk
12832,2,27,383.03,14.19,195,0,2011-09-02 13:48:00,2011-11-07 13:30:00,31,2,383.03,0,At Risk
12833,1,24,417.38,17.39,156,0,2011-07-17 13:46:00,2011-07-17 13:46:00,144,1,417.38,0,At Risk
12834,1,18,312.38,17.35,110,0,2011-03-02 09:49:00,2011-03-02 09:49:00,282,1,312.38,0,At Risk
12835,49,140,5972.19,9.56,2349,14,2009-12-03 12:13:00,2010-10-17 16:35:00,417,49,5972.19,0,At Risk
12836,17,280,6520.58,15.71,2231,4,2009-12-01 14:19:00,2011-10-11 15:10:00,58,17,6520.58,0,At Risk
12837,2,83,662.66,7.53,194,0,2010-05-19 15:10:00,2011-06-19 16:07:00,172,2,662.66,0,At Risk
12838,12,230,2953.46,8.20,1606,7,2010-04-26 09:59:00,2011-11-06 12:20:00,33,12,2953.46,0,At Risk
12839,31,157,9525.22,16.89,6578,95,2009-12-07 09:18:00,2011-12-07 12:33:00,2,31,9525.22,0,At Risk
12840,11,109,4013.87,22.18,2258,14,2010-02-03 14:51:00,2011-07-19 09:29:00,143,11,4013.87,0,At Risk
12841,42,307,6808.00,10.25,5008,75,2010-07-08 15:38:00,2011-12-05 11:13:00,4,42,6808.00,0,At Risk
12842,4,45,1917.99,39.96,887,0,2009-12-02 08:15:00,2011-09-30 15:33:00,69,4,1917.99,0,At Risk
12843,34,130,6340.56,27.81,3028,131,2009-12-13 11:41:00,2011-10-05 12:09:00,65,34,6340.56,0,At Risk
12844,4,88,648.60,6.30,223,0,2010-04-25 11:51:00,2011-11-10 13:31:00,28,4,648.60,0,At Risk
12845,4,26,354.09,13.11,204,0,2011-02-22 14:10:00,2011-03-17 13:34:00,266,4,354.09,0,At Risk
12846,1,1,15.58,15.58,1,0,2010-01-26 16:29:00,2010-01-26 16:29:00,681,1,15.58,0,At Risk
12847,2,100,1609.00,13.52,1497,0,2010-11-17 12:44:00,2011-11-17 13:16:00,21,2,1609.00,0,At Risk
12848,1,16,208.00,13.00,58,0,2010-02-02 12:45:00,2010-02-02 12:45:00,675,1,208.00,0,At Risk
12849,6,123,3042.47,21.13,1855,0,2010-04-27 13:44:00,2011-11-08 13:41:00,30,6,3042.47,0,At Risk
12850,1,2,330.00,165.00,200,0,2010-09-20 12:26:00,2010-09-20 12:26:00,445,1,330.00,0,At Risk
12851,2,71,280.76,3.65,157,0,2010-08-19 15:13:00,2011-09-04 12:41:00,96,2,280.76,0,At Risk
12852,2,17,299.75,14.99,149,4,2011-02-18 08:47:00,2011-02-22 14:56:00,289,2,299.75,0,At Risk
12853,16,111,3728.50,23.75,1668,29,2010-02-05 11:57:00,2011-08-24 11:00:00,107,16,3728.50,0,At Risk
12854,11,188,2899.32,10.70,1630,21,2009-12-11 12:55:00,2011-09-22 12:15:00,78,11,2899.32,0,At Risk
12855,4,65,612.84,9.15,240,0,2010-11-02 18:16:00,2010-12-02 09:37:00,372,4,612.84,0,At Risk
12856,8,155,2153.53,6.86,1076,3,2011-10-07 12:38:00,2011-12-02 10:52:00,7,8,2153.53,0,At Risk
12857,7,71,3684.25,30.20,1420,1,2010-01-25 15:37:00,2011-05-13 10:20:00,210,7,3684.25,0,At Risk
12858,2,37,121.08,3.19,51,1,2010-01-26 16:28:00,2010-11-21 12:55:00,382,2,121.08,0,At Risk
12859,1,21,575.10,27.39,292,0,2010-09-07 12:20:00,2010-09-07 12:20:00,458,1,575.10,0,At Risk
12860,1,16,54.22,3.39,26,0,2010-01-15 15:22:00,2010-01-15 15:22:00,692,1,54.22,0,At Risk
12861,1,4,68.25,17.06,27,0,2010-03-30 11:39:00,2010-03-30 11:39:00,619,1,68.25,0,At Risk
12862,2,119,984.62,7.52,611,0,2010-08-01 15:20:00,2010-10-10 11:47:00,425,2,984.62,0,At Risk
12863,7,24,2775.55,56.64,895,2,2010-04-29 13:54:00,2011-10-18 14:15:00,51,7,2775.55,0,At Risk
12864,2,5,299.57,42.80,447,0,2010-07-19 17:22:00,2011-07-24 13:03:00,137,2,299.57,0,At Risk
12865,5,156,3303.31,16.85,1973,48,2010-08-20 12:20:00,2011-11-13 14:31:00,25,5,3303.31,0,At Risk
12866,3,58,1227.35,19.48,553,0,2010-07-25 11:37:00,2011-03-01 14:11:00,282,3,1227.35,0,At Risk
12867,16,366,7778.66,7.32,7876,24,2009-12-16 16:25:00,2011-11-13 15:30:00,25,16,7778.66,0,At Risk
12868,8,86,2043.76,15.25,1170,0,2010-11-12 10:05:00,2011-06-07 10:42:00,185,8,2043.76,0,At Risk
12869,1,35,337.67,9.13,144,0,2010-01-27 12:10:00,2010-01-27 12:10:00,681,1,337.67,0,At Risk
12870,4,85,1662.05,17.50,906,2,2010-03-25 14:32:00,2010-12-08 14:27:00,365,4,1662.05,0,At Risk
12871,3,13,744.02,41.33,484,0,2010-09-26 10:34:00,2011-09-16 15:07:00,83,3,744.02,0,At Risk
12872,13,218,3276.81,8.27,1642,3,2009-12-03 20:03:00,2011-01-17 10:52:00,326,13,3276.81,0,At Risk
12873,3,33,2027.30,57.92,786,0,2010-01-27 09:50:00,2011-03-02 14:58:00,281,3,2027.30,0,At Risk
12874,3,44,933.42,19.05,623,12,2010-06-03 12:51:00,2010-11-19 15:23:00,384,3,933.42,0,At Risk
12875,5,2,1356.99,169.62,5187,0,2010-01-11 12:37:00,2011-07-19 15:30:00,142,5,1356.99,0,At Risk
12876,5,117,4068.59,23.79,3047,8,2010-04-28 13:26:00,2011-10-13 12:26:00,57,5,4068.59,0,At Risk
12877,20,149,2942.14,10.74,2237,0,2010-01-18 10:23:00,2011-12-06 10:30:00,3,20,2942.14,0,At Risk
12878,3,38,841.64,17.18,547,11,2011-03-18 14:02:00,2011-11-21 14:30:00,17,3,841.64,0,At Risk
12879,4,7,552.57,46.05,370,7,2011-09-09 12:11:00,2011-10-26 12:24:00,44,4,552.57,0,At Risk
12880,2,32,640.13,17.78,279,0,2010-05-14 11:57:00,2010-11-23 10:50:00,381,2,640.13,0,At Risk
12881,1,7,298.00,42.57,21,0,2011-03-09 11:44:00,2011-03-09 11:44:00,275,1,298.00,0,At Risk
12882,2,12,1463.04,112.54,246,0,2011-11-06 11:22:00,2011-11-30 16:18:00,8,2,1463.04,0,At Risk
12883,4,39,703.47,16.75,196,0,2011-09-11 15:18:00,2011-11-15 09:32:00,24,4,703.47,0,At Risk
12884,1,7,309.05,44.15,43,0,2011-09-12 13:10:00,2011-09-12 13:10:00,87,1,309.05,0,At Risk
12885,4,66,1158.27,16.09,655,1,2011-08-08 11:45:00,2011-10-07 13:40:00,62,4,1158.27,0,At Risk
12886,3,75,1351.09,15.71,770,9,2011-05-04 11:21:00,2011-10-03 10:09:00,67,3,1351.09,0,At Risk
12887,1,13,222.40,17.11,100,0,2010-11-21 11:18:00,2010-11-21 11:18:00,383,1,222.40,0,At Risk
12888,4,4,313.77,44.82,76,8,2011-03-29 14:31:00,2011-05-09 16:02:00,213,4,313.77,0,At Risk
12889,6,25,365.66,13.54,124,4,2010-07-25 14:32:00,2010-11-23 16:08:00,380,6,365.66,0,At Risk
12890,2,124,706.02,5.23,457,0,2010-11-17 14:05:00,2011-11-15 17:26:00,23,2,706.02,0,At Risk
12891,12,2,819.50,68.29,2325,50,2010-02-18 14:32:00,2011-06-07 12:31:00,185,12,819.50,0,At Risk
12892,1,18,263.38,14.63,140,0,2010-11-08 09:51:00,2010-11-08 09:51:00,396,1,263.38,0,At Risk
12893,1,27,176.55,5.70,90,0,2011-11-09 12:34:00,2011-11-09 12:34:00,30,1,176.55,0,At Risk
12894,1,21,157.35,7.49,33,0,2010-05-13 14:47:00,2010-05-13 14:47:00,574,1,157.35,0,At Risk
12895,3,22,347.30,14.47,210,6,2011-09-14 08:35:00,2011-10-28 13:51:00,41,3,347.30,0,At Risk
12896,1,1,-29.75,-29.75,0,5,2009-12-09 09:28:00,2009-12-09 09:28:00,730,1,-29.75,0,At Risk
12897,4,10,514.25,36.73,249,0,2010-06-14 11:58:00,2011-05-19 12:13:00,204,4,514.25,0,At Risk
12898,2,27,296.21,10.97,235,0,2010-02-18 12:36:00,2010-09-02 08:08:00,463,2,296.21,0,At Risk
12899,1,17,366.40,21.55,108,0,2010-10-22 09:53:00,2010-10-22 09:53:00,413,1,366.40,0,At Risk
12900,1,13,340.33,26.18,139,0,2010-10-13 15:17:00,2010-10-13 15:17:00,421,1,340.33,0,At Risk
12901,36,32,16293.10,130.34,23075,2160,2011-03-14 10:41:00,2011-12-01 10:07:00,8,36,16293.10,0,At Risk
12902,1,10,138.68,13.87,66,0,2011-03-20 12:06:00,2011-03-20 12:06:00,264,1,138.68,0,At Risk
12903,1,41,833.53,20.33,493,0,2010-10-07 12:39:00,2010-10-07 12:39:00,428,1,833.53,0,At Risk
12904,2,59,496.06,6.99,294,0,2011-06-20 13:18:00,2011-11-21 14:34:00,17,2,496.06,0,At Risk
12905,3,52,1011.82,18.40,532,4,2010-01-26 14:06:00,2010-05-12 10:05:00,576,3,1011.82,0,At Risk
12906,5,55,2919.81,46.35,1749,0,2011-09-22 15:03:00,2011-11-28 09:55:00,11,5,2919.81,0,At Risk
12907,3,27,440.36,15.18,177,13,2010-02-24 11:56:00,2010-11-09 12:08:00,395,3,440.36,0,At Risk
12908,7,2,1272.00,181.71,3000,1200,2010-03-19 15:59:00,2011-10-12 10:11:00,58,7,1272.00,0,At Risk
12909,13,121,3034.77,18.06,1948,16,2010-02-24 12:14:00,2011-10-31 12:43:00,39,13,3034.77,0,At Risk
12910,14,75,5747.02,41.65,3632,30,2010-03-28 13:10:00,2011-11-16 14:28:00,22,14,5747.02,0,At Risk
12911,1,220,1651.72,7.00,807,0,2010-06-06 12:13:00,2010-06-06 12:13:00,551,1,1651.72,0,At Risk
12912,5,17,1662.30,69.26,670,0,2011-10-30 11:35:00,2011-12-07 08:55:00,2,5,1662.30,0,At Risk
12913,13,52,6283.24,68.30,3086,0,2009-12-01 12:18:00,2011-12-05 12:11:00,4,13,6283.24,0,At Risk
12914,1,9,223.98,24.89,336,0,2010-11-04 12:28:00,2010-11-04 12:28:00,400,1,223.98,0,At Risk
12915,8,46,885.20,13.02,411,18,2010-04-29 19:36:00,2011-07-14 11:34:00,148,8,885.20,0,At Risk
12916,8,82,4455.93,25.61,1681,8,2010-01-24 11:26:00,2011-07-24 10:35:00,138,8,4455.93,0,At Risk
12917,8,45,4329.50,81.69,1104,6,2009-12-09 14:22:00,2011-08-03 16:42:00,127,8,4329.50,0,At Risk
12918,3,1,-10953.50,-3651.17,1,2,2010-03-23 15:20:00,2010-03-23 15:24:00,625,3,-10953.50,0,At Risk
12919,8,34,1301.44,25.03,673,5,2011-06-23 09:22:00,2011-12-01 13:47:00,7,8,1301.44,0,At Risk
12920,4,59,486.64,8.25,420,0,2009-12-14 15:58:00,2011-11-22 15:05:00,16,4,486.64,0,At Risk
12921,103,329,33951.65,21.53,21328,435,2009-12-01 13:43:00,2011-12-06 09:56:00,3,103,33951.65,0,At Risk
12922,1,28,405.38,14.48,370,0,2011-07-01 15:35:00,2011-07-01 15:35:00,160,1,405.38,0,At Risk
12923,3,54,770.42,12.84,230,0,2010-05-13 14:55:00,2011-10-06 16:20:00,63,3,770.42,0,At Risk
12924,14,56,2423.15,31.88,1423,11,2009-12-09 12:40:00,2011-09-12 13:55:00,87,14,2423.15,0,At Risk
12925,3,46,729.33,14.59,649,0,2010-04-26 10:32:00,2011-12-05 11:11:00,4,3,729.33,0,At Risk
12926,4,202,1523.97,5.82,754,0,2009-12-14 14:35:00,2010-10-24 15:57:00,410,4,1523.97,0,At Risk
12927,1,11,197.31,17.94,145,0,2010-11-10 10:02:00,2010-11-10 10:02:00,394,1,197.31,0,At Risk
12928,12,94,4304.89,24.05,2899,0,2010-06-08 10:16:00,2011-11-04 14:24:00,34,12,4304.89,0,At Risk
12929,2,8,105.10,11.68,37,1,2011-02-01 12:08:00,2011-08-09 14:30:00,121,2,105.10,0,At Risk
12930,4,20,409.90,15.18,252,2,2011-06-21 13:25:00,2011-09-22 15:18:00,77,4,409.90,0,At Risk
12931,71,39,71299.67,252.84,62906,14561,2009-12-01 11:46:00,2011-11-18 12:39:00,21,71,71299.67,0,At Risk
12932,8,69,1698.56,17.88,1609,0,2010-02-10 08:46:00,2010-06-18 14:22:00,538,8,1698.56,0,At Risk
12933,11,229,1576.88,5.38,949,55,2009-12-10 16:39:00,2011-11-15 16:38:00,23,11,1576.88,0,At Risk
12934,1,2,181.65,90.83,31,0,2009-12-03 10:51:00,2009-12-03 10:51:00,736,1,181.65,0,At Risk
12935,19,113,4182.01,16.08,3201,31,2010-04-11 15:59:00,2011-12-07 17:25:00,1,19,4182.01,0,At Risk
12936,5,56,1012.90,16.08,559,20,2011-09-22 13:51:00,2011-11-22 17:32:00,16,5,1012.90,0,At Risk
12937,9,128,3097.61,14.27,1983,0,2009-12-03 15:43:00,2011-11-24 15:05:00,14,9,3097.61,0,At Risk
12938,1,9,114.14,12.68,140,0,2011-11-14 11:21:00,2011-11-14 11:21:00,25,1,114.14,0,At Risk
12939,20,24,25264.80,293.78,10328,0,2010-01-12 11:27:00,2011-10-06 14:33:00,63,20,25264.80,0,At Risk
12940,4,88,862.44,8.62,404,5,2011-09-13 10:16:00,2011-10-24 14:04:00,45,4,862.44,0,At Risk
12941,1,27,377.49,13.98,381,0,2009-12-15 13:12:00,2009-12-15 13:12:00,723,1,377.49,0,At Risk
12942,3,68,675.60,9.65,198,0,2010-12-09 09:34:00,2011-07-31 14:39:00,130,3,675.60,0,At Risk
12943,4,23,489.00,18.11,222,2,2010-04-13 11:03:00,2011-02-11 15:13:00,300,4,489.00,0,At Risk
12944,2,29,604.51,20.15,289,0,2010-12-20 10:41:00,2011-11-04 11:04:00,35,2,604.51,0,At Risk
12945,2,47,900.11,17.65,446,0,2010-02-21 15:18:00,2011-02-24 14:15:00,287,2,900.11,0,At Risk
12946,1,20,324.45,16.22,149,0,2010-09-29 10:14:00,2010-09-29 10:14:00,436,1,324.45,0,At Risk
12947,11,83,1407.29,13.66,1165,8,2010-12-01 16:21:00,2011-07-19 10:06:00,143,11,1407.29,0,At Risk
12948,10,89,2306.18,18.16,1304,3,2009-12-02 12:28:00,2011-11-23 17:10:00,15,10,2306.18,0,At Risk
12949,28,347,15391.00,21.23,8233,36,2009-12-03 15:56:00,2011-11-09 11:25:00,30,28,15391.00,0,At Risk
12950,3,13,1843.00,80.13,1380,0,2011-11-15 13:48:00,2011-12-07 13:17:00,1,3,1843.00,0,At Risk
12951,20,110,3164.42,15.74,1662,12,2010-01-10 12:43:00,2011-12-01 12:14:00,8,20,3164.42,0,At Risk
12952,5,64,1382.84,17.29,653,1,2011-09-22 16:37:00,2011-12-04 10:35:00,5,5,1382.84,0,At Risk
12953,2,45,828.81,17.27,364,0,2010-07-05 13:37:00,2011-11-30 09:24:00,9,2,828.81,0,At Risk
12954,1,10,162.45,16.25,83,0,2010-03-11 10:16:00,2010-03-11 10:16:00,638,1,162.45,0,At Risk
12955,14,81,4734.26,25.87,3664,22,2011-03-17 09:03:00,2011-12-08 16:29:00,0,14,4734.26,0,At Risk
12956,4,42,521.89,12.43,340,0,2009-12-15 19:03:00,2011-02-06 16:08:00,305,4,521.89,0,At Risk
12957,21,402,8628.42,17.26,4686,25,2009-12-11 12:01:00,2011-12-05 16:32:00,3,21,8628.42,0,At Risk
12958,2,45,467.34,9.54,118,0,2010-05-05 16:22:00,2010-11-04 16:16:00,399,2,467.34,0,At Risk
12959,2,9,133.35,14.82,109,1,2010-01-11 10:09:00,2010-08-12 17:20:00,483,2,133.35,0,At Risk
12960,4,49,1322.07,18.89,1379,0,2010-02-16 13:32:00,2010-10-22 09:31:00,413,4,1322.07,0,At Risk
12961,1,37,211.99,5.30,180,0,2010-11-25 16:44:00,2010-11-25 16:44:00,378,1,211.99,0,At Risk
12962,2,15,266.39,16.65,129,0,2011-08-18 13:38:00,2011-12-02 15:55:00,6,2,266.39,0,At Risk
12963,14,130,3146.99,17.39,1637,32,2010-07-08 14:45:00,2011-12-01 12:55:00,7,14,3146.99,0,At Risk
12964,1,26,132.24,5.09,56,0,2010-09-28 17:47:00,2010-09-28 17:47:00,436,1,132.24,0,At Risk
12965,1,108,769.81,7.13,282,0,2011-09-11 15:31:00,2011-09-11 15:31:00,88,1,769.81,0,At Risk
12966,1,10,160.18,16.02,75,0,2011-11-30 12:38:00,2011-11-30 12:38:00,9,1,160.18,0,At Risk
12967,5,47,2472.37,31.30,912,195,2010-11-21 11:03:00,2011-12-06 14:19:00,2,5,2472.37,0,At Risk
12968,1,5,135.95,27.19,73,0,2011-08-19 15:44:00,2011-08-19 15:44:00,111,1,135.95,0,At Risk
12969,1,5,122.45,24.49,55,0,2010-04-16 10:50:00,2010-04-16 10:50:00,602,1,122.45,0,At Risk
12970,10,280,1453.60,4.21,954,0,2009-12-04 14:19:00,2011-12-02 14:30:00,6,10,1453.60,0,At Risk
12971,120,103,15214.55,37.02,14306,1526,2009-12-15 19:04:00,2011-12-06 12:20:00,3,120,15214.55,0,At Risk
12972,6,69,1115.95,13.13,844,15,2010-02-16 14:30:00,2010-10-22 08:41:00,413,6,1115.95,0,At Risk
12973,1,6,385.55,64.26,31,0,2010-10-22 10:14:00,2010-10-22 10:14:00,413,1,385.55,0,At Risk
12974,2,27,408.95,12.78,104,0,2010-05-23 11:45:00,2011-05-26 09:33:00,197,2,408.95,0,At Risk
12975,8,92,1993.99,16.90,911,8,2009-12-06 10:38:00,2010-10-05 19:03:00,429,8,1993.99,0,At Risk
12976,8,106,3156.38,20.50,2684,0,2010-02-12 15:46:00,2011-05-12 09:55:00,211,8,3156.38,0,At Risk
12977,4,54,513.88,8.86,128,0,2010-07-16 16:25:00,2011-07-06 16:40:00,155,4,513.88,0,At Risk
12978,6,126,2496.07,15.22,1394,1,2009-12-10 11:23:00,2010-11-19 14:29:00,384,6,2496.07,0,At Risk
12979,2,56,479.54,8.41,520,36,2009-12-10 15:45:00,2009-12-10 15:57:00,728,2,479.54,0,At Risk
12980,26,7,15909.39,269.65,1910,27,2009-12-02 11:26:00,2011-07-07 11:42:00,155,26,15909.39,0,At Risk
12981,2,12,372.22,18.61,242,0,2011-07-29 14:14:00,2011-11-10 12:00:00,29,2,372.22,0,At Risk
12982,17,140,2562.12,11.97,1729,64,2010-04-12 13:50:00,2011-04-14 10:49:00,239,17,2562.12,0,At Risk
12983,1,30,490.08,16.34,638,0,2010-04-20 12:58:00,2010-04-20 12:58:00,597,1,490.08,0,At Risk
12984,1,4,97.50,24.38,26,0,2011-11-21 12:37:00,2011-11-21 12:37:00,18,1,97.50,0,At Risk
12985,3,73,1215.62,15.58,1533,120,2011-11-11 12:44:00,2011-12-09 10:46:00,0,3,1215.62,0,At Risk
12986,12,63,1998.34,14.17,1164,282,2010-01-21 10:45:00,2010-11-02 11:01:00,402,12,1998.34,0,At Risk
12987,6,61,1298.51,19.10,585,2,2010-01-20 09:57:00,2011-09-27 12:03:00,73,6,1298.51,0,At Risk
12988,1,75,505.82,6.09,126,0,2011-02-20 14:31:00,2011-02-20 14:31:00,291,1,505.82,0,At Risk
12989,39,51,12846.80,122.35,6935,171,2009-12-10 13:27:00,2011-12-06 15:28:00,2,39,12846.80,0,At Risk
12990,7,9,955.50,35.39,480,0,2010-03-30 11:36:00,2011-11-08 13:01:00,30,7,955.50,0,At Risk
12991,3,45,764.82,17.00,483,0,2010-11-15 13:43:00,2011-11-16 15:34:00,22,3,764.82,0,At Risk
12992,1,6,93.35,15.56,21,0,2009-12-14 16:46:00,2009-12-14 16:46:00,724,1,93.35,0,At Risk
12993,10,57,1191.26,14.53,751,103,2010-02-18 10:35:00,2011-11-16 15:49:00,22,10,1191.26,0,At Risk
12994,5,52,902.22,12.36,459,19,2011-03-16 08:31:00,2011-12-05 15:43:00,3,5,902.22,0,At Risk
12995,2,3,200.72,40.14,108,10,2011-09-15 15:44:00,2011-09-23 09:20:00,77,2,200.72,0,At Risk
12996,1,22,355.50,16.16,122,0,2010-11-29 09:27:00,2010-11-29 09:27:00,375,1,355.50,0,At Risk
12997,16,66,2065.11,17.07,1186,23,2009-12-17 16:14:00,2011-11-17 15:47:00,21,16,2065.11,0,At Risk
12998,4,58,897.38,14.71,1124,22,2010-02-24 11:55:00,2010-08-04 08:05:00,492,4,897.38,0,At Risk
12999,3,25,455.88,16.28,342,0,2011-04-08 10:26:00,2011-05-27 13:24:00,195,3,455.88,0,At Risk
13000,5,58,965.00,14.85,548,10,2009-12-14 17:03:00,2011-08-25 10:43:00,106,5,965.00,0,At Risk
13001,37,300,24006.60,23.54,13448,21,2009-12-03 14:43:00,2011-12-05 14:51:00,3,37,24006.60,0,At Risk
13002,3,19,414.13,18.01,201,0,2010-10-01 11:58:00,2011-01-25 15:18:00,317,3,414.13,0,At Risk
13003,3,4,149.05,24.84,103,0,2011-05-09 08:23:00,2011-08-26 10:50:00,105,3,149.05,0,At Risk
13004,46,417,11143.99,13.00,8768,326,2009-12-15 09:44:00,2011-11-28 11:27:00,11,46,11143.99,0,At Risk
13005,6,41,935.03,15.58,462,7,2010-09-08 12:52:00,2011-06-19 10:53:00,173,6,935.03,0,At Risk
13006,1,4,81.57,20.39,55,0,2011-10-14 13:49:00,2011-10-14 13:49:00,55,1,81.57,0,At Risk
13007,1,11,175.25,15.93,59,0,2010-05-09 10:38:00,2010-05-09 10:38:00,579,1,175.25,0,At Risk
13008,7,31,543.28,13.93,379,67,2009-12-16 16:07:00,2011-01-20 14:24:00,322,7,543.28,0,At Risk
13009,1,4,234.00,58.50,120,0,2010-02-05 12:22:00,2010-02-05 12:22:00,672,1,234.00,0,At Risk
13010,2,10,330.12,27.51,323,0,2010-03-01 11:28:00,2010-11-30 15:09:00,373,2,330.12,0,At Risk
13011,1,3,50.55,16.85,13,0,2010-12-02 17:22:00,2010-12-02 17:22:00,371,1,50.55,0,At Risk
13012,15,96,2576.18,14.81,1559,170,2010-04-26 14:14:00,2011-11-30 13:05:00,8,15,2576.18,0,At Risk
13013,31,289,11073.48,22.60,5661,7,2009-12-14 10:34:00,2011-12-08 15:01:00,0,31,11073.48,0,At Risk
13014,18,140,5220.83,21.66,1979,31,2010-10-03 11:35:00,2011-12-07 09:24:00,2,18,5220.83,0,At Risk
13015,14,260,6459.08,18.04,3527,72,2010-04-15 16:35:00,2011-10-17 13:19:00,52,14,6459.08,0,At Risk
13016,3,39,789.89,16.81,527,0,2011-08-08 15:00:00,2011-09-27 14:08:00,72,3,789.89,0,At Risk
13017,1,1,204.00,204.00,48,0,2011-12-02 15:53:00,2011-12-02 15:53:00,6,1,204.00,0,At Risk
13018,37,401,9742.81,16.08,6746,5,2010-03-01 12:34:00,2011-11-23 13:28:00,15,37,9742.81,0,At Risk
13019,8,46,1212.95,21.28,397,2,2009-12-06 15:40:00,2010-11-25 14:56:00,378,8,1212.95,0,At Risk
13020,5,38,606.96,14.45,278,7,2010-02-18 10:35:00,2010-06-09 15:54:00,547,5,606.96,0,At Risk
13021,24,166,4806.66,18.14,2546,26,2009-12-05 12:02:00,2011-12-05 16:37:00,3,24,4806.66,0,At Risk
13022,1,5,65.30,13.06,35,0,2010-10-06 10:50:00,2010-10-06 10:50:00,429,1,65.30,0,At Risk
13023,3,69,1449.03,19.07,585,0,2010-06-29 09:51:00,2011-10-06 16:27:00,63,3,1449.03,0,At Risk
13024,3,26,535.42,15.75,181,7,2010-05-06 14:25:00,2010-09-01 14:55:00,463,3,535.42,0,At Risk
13025,1,13,323.39,24.88,241,0,2009-12-08 10:02:00,2009-12-08 10:02:00,731,1,323.39,0,At Risk
13026,13,54,1690.12,19.65,2466,35,2009-12-13 11:34:00,2011-12-08 16:58:00,0,13,1690.12,0,At Risk
13027,23,9,17052.00,191.60,42840,243,2010-01-20 10:41:00,2011-08-18 09:39:00,113,23,17052.00,0,At Risk
13028,3,40,659.68,14.04,798,2,2011-10-25 14:09:00,2011-11-17 11:10:00,22,3,659.68,0,At Risk
13029,5,13,1927.30,113.37,194,0,2010-07-04 13:46:00,2011-11-09 09:13:00,30,5,1927.30,0,At Risk
13030,2,76,752.44,8.18,348,0,2010-12-06 14:31:00,2011-11-28 14:30:00,10,2,752.44,0,At Risk
13031,5,275,3292.84,8.09,2309,0,2010-06-03 14:57:00,2010-10-28 15:34:00,406,5,3292.84,0,At Risk
13032,11,148,2790.00,13.04,1274,12,2010-09-05 14:01:00,2011-11-01 09:56:00,38,11,2790.00,0,At Risk
13033,2,12,220.55,16.97,98,0,2010-10-06 09:37:00,2010-12-17 14:23:00,356,2,220.55,0,At Risk
13034,3,42,756.82,17.20,406,0,2010-11-03 15:22:00,2011-10-16 12:21:00,54,3,756.82,0,At Risk
13035,4,27,1328.95,29.53,926,17,2010-10-04 15:41:00,2011-10-13 12:23:00,57,4,1328.95,0,At Risk
13036,1,6,307.10,51.18,38,0,2010-01-24 11:35:00,2010-01-24 11:35:00,684,1,307.10,0,At Risk
13037,16,181,3842.55,15.94,2130,25,2009-12-03 17:04:00,2011-07-24 15:46:00,137,16,3842.55,0,At Risk
13038,3,24,908.46,32.45,360,0,2011-02-22 11:43:00,2011-09-20 14:37:00,79,3,908.46,0,At Risk
13039,4,37,1010.73,18.38,290,0,2009-12-17 16:43:00,2010-05-04 16:45:00,583,4,1010.73,0,At Risk
13040,2,38,676.99,15.74,355,0,2011-11-06 13:53:00,2011-12-01 10:38:00,8,2,676.99,0,At Risk
13041,4,23,799.13,22.83,335,0,2010-04-29 08:43:00,2010-09-15 11:44:00,450,4,799.13,0,At Risk
13042,4,164,1454.84,7.86,812,5,2009-12-07 15:42:00,2010-05-04 13:10:00,583,4,1454.84,0,At Risk
13043,2,13,471.57,33.68,254,3,2011-03-11 14:52:00,2011-03-31 12:14:00,253,2,471.57,0,At Risk
13044,13,356,4818.35,11.53,2548,2,2010-01-08 14:46:00,2011-02-21 15:20:00,290,13,4818.35,0,At Risk
13045,3,41,808.92,17.98,405,0,2010-08-10 13:02:00,2011-09-01 15:04:00,98,3,808.92,0,At Risk
13046,3,50,949.25,16.95,505,0,2010-09-09 13:09:00,2011-11-09 08:36:00,30,3,949.25,0,At Risk
13047,42,191,8100.09,19.19,3328,70,2009-12-16 11:43:00,2011-11-08 12:10:00,31,42,8100.09,0,At Risk
13048,13,126,4000.08,14.82,2661,13,2010-01-27 12:55:00,2011-11-25 13:23:00,13,13,4000.08,0,At Risk
13049,5,19,1384.14,49.43,620,14,2010-11-03 15:39:00,2011-10-06 15:31:00,63,5,1384.14,0,At Risk
13050,57,513,11464.43,11.22,7015,78,2009-12-15 15:06:00,2011-11-30 17:28:00,8,57,11464.43,0,At Risk
13051,2,4,155.80,38.95,72,0,2010-03-30 11:11:00,2010-05-10 09:14:00,578,2,155.80,0,At Risk
13052,7,161,3119.33,12.58,1424,0,2010-02-23 12:31:00,2011-05-11 14:12:00,211,7,3119.33,0,At Risk
13053,1,17,127.65,7.51,47,0,2010-03-28 11:28:00,2010-03-28 11:28:00,621,1,127.65,0,At Risk
13054,1,1,-14.00,-14.00,0,1,2010-01-26 16:24:00,2010-01-26 16:24:00,681,1,-14.00,0,At Risk
13055,6,145,2292.51,14.51,1821,16,2010-10-06 08:17:00,2011-10-06 18:57:00,63,6,2292.51,0,At Risk
13056,1,18,209.48,11.03,158,0,2010-06-06 14:10:00,2010-06-06 14:10:00,550,1,209.48,0,At Risk
13057,4,36,528.24,12.58,456,13,2010-03-18 12:14:00,2010-06-27 15:44:00,529,4,528.24,0,At Risk
13058,3,5,271.40,33.93,52,0,2011-07-11 12:01:00,2011-11-15 12:43:00,24,3,271.40,0,At Risk
13059,12,155,2261.22,11.25,860,5,2010-03-31 12:23:00,2011-04-04 10:40:00,249,12,2261.22,0,At Risk
13060,1,15,307.53,20.50,123,0,2011-03-31 11:37:00,2011-03-31 11:37:00,253,1,307.53,0,At Risk
13061,1,10,248.61,24.86,107,0,2011-09-28 16:04:00,2011-09-28 16:04:00,71,1,248.61,0,At Risk
13062,1,11,346.98,31.54,343,0,2011-06-01 15:12:00,2011-06-01 15:12:00,190,1,346.98,0,At Risk
13063,1,12,188.40,15.70,116,0,2010-08-16 12:27:00,2010-08-16 12:27:00,480,1,188.40,0,At Risk
13064,6,58,1666.84,17.92,668,0,2010-04-27 10:08:00,2011-11-27 12:31:00,12,6,1666.84,0,At Risk
13065,6,49,1050.10,16.67,381,1,2010-06-10 11:44:00,2010-12-01 16:52:00,372,6,1050.10,0,At Risk
13066,3,48,430.90,8.79,322,2,2011-11-07 17:06:00,2011-11-15 13:39:00,23,3,430.90,0,At Risk
13067,3,24,508.51,15.89,131,0,2010-09-19 13:43:00,2011-09-18 13:38:00,81,3,508.51,0,At Risk
13068,2,1,344.00,172.00,200,0,2011-01-24 08:20:00,2011-11-29 15:00:00,9,2,344.00,0,At Risk
13069,42,574,8348.79,7.69,15171,708,2010-06-14 14:27:00,2011-12-09 08:39:00,0,42,8348.79,0,At Risk
13070,5,12,743.90,21.25,372,4,2009-12-02 12:23:00,2011-05-31 13:45:00,191,5,743.90,0,At Risk
13071,1,12,129.22,10.77,30,0,2010-04-06 13:37:00,2010-04-06 13:37:00,611,1,129.22,0,At Risk
13072,1,7,177.15,25.31,69,0,2011-03-18 08:12:00,2011-03-18 08:12:00,266,1,177.15,0,At Risk
13073,2,25,418.08,15.48,261,0,2010-09-28 09:27:00,2010-10-24 14:06:00,410,2,418.08,0,At Risk
13074,5,26,1362.84,45.43,826,2,2009-12-16 11:46:00,2010-07-16 16:53:00,510,5,1362.84,0,At Risk
13075,1,22,919.61,41.80,485,0,2011-08-02 10:19:00,2011-08-02 10:19:00,129,1,919.61,0,At Risk
13076,1,9,135.40,15.04,44,0,2010-09-08 10:27:00,2010-09-08 10:27:00,457,1,135.40,0,At Risk
13077,14,209,2716.15,8.06,2468,61,2009-12-11 11:17:00,2011-12-08 19:24:00,0,14,2716.15,0,At Risk
13078,95,154,28369.44,33.57,12032,160,2009-12-01 09:06:00,2011-12-08 18:48:00,0,95,28369.44,0,At Risk
13079,6,11,419.18,24.66,158,0,2010-10-18 14:15:00,2011-12-05 16:53:00,3,6,419.18,0,At Risk
13080,5,17,260.83,13.04,193,2,2010-04-09 13:07:00,2011-06-13 14:59:00,178,5,260.83,0,At Risk
13081,44,741,55961.37,23.79,40077,363,2009-12-08 13:58:00,2011-12-08 13:13:00,0,44,55961.37,0,At Risk
13082,25,100,7268.92,54.25,8466,53,2009-12-22 15:37:00,2011-08-05 16:16:00,125,25,7268.92,0,At Risk
13083,3,19,395.43,17.97,307,0,2010-10-10 13:38:00,2011-12-05 15:01:00,3,3,395.43,0,At Risk
13084,2,2,116.45,29.11,144,7,2010-08-05 08:49:00,2010-08-09 12:40:00,487,2,116.45,0,At Risk
13085,10,51,1459.46,15.86,944,109,2009-12-01 07:45:00,2011-07-05 12:11:00,157,10,1459.46,0,At Risk
13086,1,47,439.33,9.35,155,0,2010-11-22 10:28:00,2010-11-22 10:28:00,382,1,439.33,0,At Risk
13087,1,15,313.64,20.91,86,0,2009-12-13 15:16:00,2009-12-13 15:16:00,725,1,313.64,0,At Risk
13088,1,19,236.11,11.81,76,0,2010-10-18 15:35:00,2010-10-18 15:35:00,416,1,236.11,0,At Risk
13089,247,859,109893.24,32.42,58932,991,2009-12-02 15:44:00,2011-12-07 09:02:00,2,247,109893.24,1,Potential Loyal
13090,30,163,12759.93,45.25,3247,82,2010-08-02 13:58:00,2011-12-01 12:39:00,8,30,12759.93,0,At Risk
13091,6,55,-130.22,-1.07,1339,2424,2009-12-08 12:25:00,2011-11-18 16:48:00,20,6,-130.22,0,At Risk
13092,15,52,2007.33,17.46,664,63,2010-02-10 08:44:00,2011-09-30 11:18:00,70,15,2007.33,0,At Risk
13093,88,204,53274.33,48.52,25971,172,2009-12-04 10:32:00,2011-03-17 17:16:00,266,88,53274.33,0,At Risk
13094,17,5,1990.98,56.89,1896,174,2010-11-15 14:15:00,2011-11-18 14:07:00,20,17,1990.98,0,At Risk
13095,1,6,74.40,12.40,144,0,2011-09-30 12:03:00,2011-09-30 12:03:00,70,1,74.40,0,At Risk
13096,1,1,419.70,419.70,6,0,2010-11-10 14:08:00,2010-11-10 14:08:00,393,1,419.70,0,At Risk
13097,40,390,12796.61,12.44,5345,46,2009-12-01 13:31:00,2011-11-07 10:43:00,32,40,12796.61,0,At Risk
13098,41,163,28658.88,47.37,15968,57,2011-01-26 13:46:00,2011-12-08 14:14:00,0,41,28658.88,0,At Risk
13099,1,1,207.36,207.36,288,0,2011-09-01 17:40:00,2011-09-01 17:40:00,98,1,207.36,0,At Risk
13100,1,1,-1598.67,-1598.67,0,1,2010-03-25 12:28:00,2010-03-25 12:28:00,624,1,-1598.67,0,At Risk
13101,4,48,695.40,13.64,478,0,2010-01-27 15:49:00,2011-04-19 14:37:00,233,4,695.40,0,At Risk
13102,42,212,11123.30,22.65,6366,66,2010-05-06 13:12:00,2011-12-08 12:52:00,0,42,11123.30,0,At Risk
13103,3,27,709.64,21.50,426,0,2010-05-11 14:41:00,2011-10-31 09:38:00,39,3,709.64,0,At Risk
13104,9,15,1709.10,56.97,834,0,2010-02-24 15:06:00,2011-12-06 13:10:00,2,9,1709.10,0,At Risk
13105,1,1,72.00,72.00,100,0,2010-09-29 13:41:00,2010-09-29 13:41:00,435,1,72.00,0,At Risk
13106,3,15,586.46,34.50,231,4,2010-10-22 13:10:00,2011-08-03 11:50:00,128,3,586.46,0,At Risk
13107,15,143,5109.62,27.04,4316,61,2009-12-08 18:43:00,2011-10-26 14:52:00,43,15,5109.62,0,At Risk
13108,2,27,748.46,21.38,745,0,2010-09-30 17:09:00,2010-12-02 10:35:00,372,2,748.46,0,At Risk
13109,7,57,1107.58,14.97,757,7,2010-06-06 12:59:00,2011-12-07 12:38:00,2,7,1107.58,0,At Risk
13110,14,167,2896.17,11.40,763,6,2009-12-01 14:14:00,2011-11-08 14:30:00,30,14,2896.17,0,At Risk
13111,1,12,321.88,26.82,180,0,2009-12-21 09:00:00,2009-12-21 09:00:00,718,1,321.88,0,At Risk
13112,3,3,-5.44,-1.09,11,12,2009-12-08 17:40:00,2010-06-16 17:03:00,540,3,-5.44,0,At Risk
13113,60,168,16236.44,33.90,4435,499,2010-03-28 16:13:00,2011-12-09 12:49:00,0,60,16236.44,0,At Risk
13114,1,16,234.38,14.65,74,0,2009-12-09 09:56:00,2009-12-09 09:56:00,730,1,234.38,0,At Risk
13115,23,180,5379.45,16.30,3934,37,2010-02-17 13:06:00,2011-12-01 09:39:00,8,23,5379.45,0,At Risk
13116,2,30,485.19,15.65,291,1,2011-07-24 14:33:00,2011-08-14 14:36:00,116,2,485.19,0,At Risk
13117,19,122,2253.96,13.83,1852,2,2010-03-26 13:50:00,2011-11-18 12:02:00,21,19,2253.96,0,At Risk
13118,12,111,2334.10,15.36,834,23,2010-09-26 15:46:00,2011-11-20 12:46:00,19,12,2334.10,0,At Risk
13119,1,11,134.90,12.26,110,0,2010-02-09 08:38:00,2010-02-09 08:38:00,668,1,134.90,0,At Risk
13120,1,1,30.60,30.60,12,0,2011-04-15 10:19:00,2011-04-15 10:19:00,238,1,30.60,0,At Risk
13121,2,50,254.73,4.81,252,25,2011-03-15 16:47:00,2011-03-15 16:51:00,268,2,254.73,0,At Risk
13122,2,54,922.39,16.77,585,0,2011-04-13 14:12:00,2011-09-06 15:53:00,93,2,922.39,0,At Risk
13123,2,36,506.75,11.26,268,0,2010-06-28 12:43:00,2010-08-24 10:18:00,472,2,506.75,0,At Risk
13124,4,216,4641.66,16.40,2738,0,2010-11-19 15:50:00,2011-09-11 12:45:00,89,4,4641.66,0,At Risk
13125,1,20,148.62,7.43,53,0,2010-07-04 11:58:00,2010-07-04 11:58:00,523,1,148.62,0,At Risk
13126,19,183,3679.03,14.89,3289,28,2010-03-02 12:24:00,2011-12-05 10:00:00,4,19,3679.03,0,At Risk
13127,1,15,259.17,17.28,127,0,2011-09-23 10:26:00,2011-09-23 10:26:00,77,1,259.17,0,At Risk
13128,1,1,263.50,263.50,31,0,2010-03-18 15:08:00,2010-03-18 15:08:00,630,1,263.50,0,At Risk
13129,2,10,233.25,21.20,296,0,2010-06-28 11:54:00,2010-09-13 13:47:00,451,2,233.25,0,At Risk
13130,1,2,64.00,32.00,32,0,2011-09-06 15:30:00,2011-09-06 15:30:00,93,1,64.00,0,At Risk
13131,8,107,3279.77,21.72,1523,4,2010-02-09 09:47:00,2011-11-16 13:21:00,22,8,3279.77,0,At Risk
13132,1,3,77.30,25.77,20,0,2011-03-23 12:44:00,2011-03-23 12:44:00,261,1,77.30,0,At Risk
13133,3,12,200.45,16.70,55,0,2010-09-06 15:30:00,2011-03-11 10:31:00,273,3,200.45,0,At Risk
13134,9,110,2422.28,18.92,1364,15,2010-10-19 13:21:00,2011-09-28 09:22:00,72,9,2422.28,0,At Risk
13135,2,18,3371.45,187.30,4423,0,2010-08-05 17:28:00,2011-05-27 10:52:00,196,2,3371.45,0,At Risk
13136,24,207,6097.90,17.83,3109,67,2009-12-08 17:27:00,2011-10-20 19:13:00,49,24,6097.90,0,At Risk
13137,17,629,7541.61,5.41,4238,1,2010-07-25 15:40:00,2011-11-29 12:09:00,10,17,7541.61,0,At Risk
13138,8,41,1261.26,14.67,593,1,2010-11-08 11:45:00,2011-11-17 16:51:00,21,8,1261.26,0,At Risk
13139,9,214,8193.83,30.46,4614,7,2010-09-28 09:12:00,2011-11-23 13:54:00,15,9,8193.83,0,At Risk
13140,5,89,1054.92,10.05,572,0,2010-08-05 19:05:00,2011-08-23 15:33:00,107,5,1054.92,0,At Risk
13141,21,285,7524.13,17.50,5159,35,2009-12-09 13:34:00,2011-09-16 09:54:00,84,21,7524.13,0,At Risk
13142,1,23,307.09,13.35,258,0,2011-11-20 16:07:00,2011-11-20 16:07:00,18,1,307.09,0,At Risk
13143,2,23,399.20,16.63,198,2,2010-05-04 12:22:00,2010-05-06 16:34:00,581,2,399.20,0,At Risk
13144,2,6,135.35,22.56,29,0,2010-10-04 14:14:00,2011-01-11 11:15:00,332,2,135.35,0,At Risk
13145,8,5,1124.77,112.48,265,3,2010-04-19 11:11:00,2011-10-31 12:45:00,39,8,1124.77,0,At Risk
13146,1,16,228.91,13.47,154,0,2011-11-13 15:29:00,2011-11-13 15:29:00,25,1,228.91,0,At Risk
13147,4,1,712.80,178.20,144,0,2011-09-01 12:28:00,2011-11-29 13:59:00,9,4,712.80,0,At Risk
13148,36,457,7999.61,9.86,4487,181,2009-12-07 15:26:00,2011-11-10 15:23:00,28,36,7999.61,0,At Risk
13149,4,76,1676.06,19.49,1280,0,2011-02-23 13:57:00,2011-11-25 13:09:00,13,4,1676.06,0,At Risk
13150,4,7,435.02,48.34,171,1,2010-03-19 09:03:00,2010-08-26 10:15:00,470,4,435.02,0,At Risk
13151,5,135,2396.16,14.61,813,7,2010-03-22 09:40:00,2011-05-20 12:55:00,202,5,2396.16,0,At Risk
13152,9,114,2114.98,15.33,977,8,2010-01-14 10:01:00,2010-10-18 13:44:00,416,9,2114.98,0,At Risk
13153,1,15,486.22,32.41,418,0,2011-12-04 12:14:00,2011-12-04 12:14:00,5,1,486.22,0,At Risk
13154,5,79,997.43,10.28,976,4,2009-12-04 08:46:00,2011-07-18 15:21:00,143,5,997.43,0,At Risk
13155,6,79,1370.48,12.24,741,0,2010-08-05 09:30:00,2011-11-06 15:41:00,32,6,1370.48,0,At Risk
13156,3,94,1586.54,15.26,914,0,2010-02-01 13:45:00,2010-11-19 13:09:00,384,3,1586.54,0,At Risk
13157,10,173,5667.71,22.40,4762,9,2010-03-08 11:59:00,2011-10-21 13:50:00,48,10,5667.71,0,At Risk
13158,5,70,1508.18,15.08,992,0,2010-11-16 17:12:00,2011-09-06 11:58:00,94,5,1508.18,0,At Risk
13159,5,114,1371.25,11.33,1058,14,2011-08-16 11:44:00,2011-12-01 11:20:00,8,5,1371.25,0,At Risk
13160,1,4,91.80,22.95,56,0,2011-11-17 13:07:00,2011-11-17 13:07:00,21,1,91.80,0,At Risk
13161,2,30,472.13,14.31,105,0,2010-07-27 12:44:00,2011-01-30 14:03:00,312,2,472.13,0,At Risk
13162,19,186,9116.94,37.52,5755,87,2009-12-04 13:59:00,2011-08-09 15:59:00,121,19,9116.94,0,At Risk
13163,2,2,0.00,0.00,3,3,2010-02-21 16:22:00,2010-04-08 16:21:00,609,2,0.00,0,At Risk
13164,3,8,297.46,24.79,120,6,2010-02-10 11:52:00,2010-05-19 13:52:00,568,3,297.46,0,At Risk
13165,3,47,1451.16,29.62,1736,0,2010-10-22 17:04:00,2011-10-24 15:05:00,45,3,1451.16,0,At Risk
13166,3,55,873.43,12.66,522,2,2010-10-21 14:29:00,2011-03-02 14:28:00,281,3,873.43,0,At Risk
13167,5,64,1125.15,13.89,1007,0,2010-11-14 12:58:00,2011-11-21 12:24:00,18,5,1125.15,0,At Risk
13168,6,127,1831.68,10.47,898,2,2010-06-15 15:00:00,2011-11-03 12:56:00,35,6,1831.68,0,At Risk
13169,3,16,840.08,46.67,296,0,2010-05-26 15:58:00,2011-10-07 12:11:00,63,3,840.08,0,At Risk
13170,1,29,108.81,3.63,141,0,2011-11-13 12:19:00,2011-11-13 12:19:00,26,1,108.81,0,At Risk
13171,5,37,426.81,8.89,229,2,2011-02-13 14:16:00,2011-12-01 15:06:00,7,5,426.81,0,At Risk
13172,1,1,69.60,69.60,48,0,2010-11-04 15:10:00,2010-11-04 15:10:00,399,1,69.60,0,At Risk
13173,13,160,2380.97,10.92,1481,3,2009-12-10 12:52:00,2011-12-05 15:51:00,3,13,2380.97,0,At Risk
13174,12,602,7995.36,8.52,3794,0,2009-12-04 15:40:00,2011-11-23 14:35:00,15,12,7995.36,0,At Risk
13175,4,40,793.10,15.55,423,31,2009-12-04 12:11:00,2010-06-03 19:13:00,553,4,793.10,0,At Risk
13176,1,66,481.49,7.19,448,0,2011-10-24 15:43:00,2011-10-24 15:43:00,45,1,481.49,0,At Risk
13177,2,23,512.20,17.07,180,0,2010-10-05 10:35:00,2011-10-06 09:56:00,64,2,512.20,0,At Risk
13178,25,195,13997.89,20.11,8778,29,2009-12-16 14:00:00,2011-11-13 16:14:00,25,25,13997.89,0,At Risk
13179,1,34,572.31,16.83,368,0,2010-03-31 11:40:00,2010-03-31 11:40:00,618,1,572.31,0,At Risk
13180,1,4,86.10,21.53,42,0,2010-04-11 13:37:00,2010-04-11 13:37:00,606,1,86.10,0,At Risk
13181,1,19,359.69,18.93,171,0,2010-11-23 15:05:00,2010-11-23 15:05:00,380,1,359.69,0,At Risk
13182,1,11,121.18,11.02,201,0,2011-10-25 13:46:00,2011-10-25 13:46:00,44,1,121.18,0,At Risk
13183,18,64,7010.88,43.55,4027,26,2010-03-14 12:32:00,2011-12-02 10:30:00,7,18,7010.88,0,At Risk
13184,12,138,1616.45,8.93,1662,30,2011-02-22 17:25:00,2011-11-25 12:02:00,14,12,1616.45,0,At Risk
13185,1,1,71.40,71.40,12,0,2011-03-17 11:56:00,2011-03-17 11:56:00,267,1,71.40,0,At Risk
13186,5,69,1539.69,18.33,820,16,2011-08-03 09:09:00,2011-10-31 11:40:00,39,5,1539.69,0,At Risk
13187,5,51,322.66,5.66,296,22,2010-03-25 17:18:00,2011-01-06 18:57:00,336,5,322.66,0,At Risk
13188,1,2,114.60,57.30,25,0,2011-11-28 15:28:00,2011-11-28 15:28:00,10,1,114.60,0,At Risk
13189,2,29,260.68,8.99,842,0,2011-08-16 13:12:00,2011-11-21 10:39:00,18,2,260.68,0,At Risk
13190,4,16,518.76,28.82,308,2,2009-12-07 12:13:00,2010-06-13 15:47:00,543,4,518.76,0,At Risk
13191,1,58,164.69,2.79,115,0,2010-02-19 17:02:00,2010-02-19 17:02:00,657,1,164.69,0,At Risk
13192,8,135,2544.53,15.42,1629,11,2010-01-22 08:37:00,2011-09-05 14:13:00,94,8,2544.53,0,At Risk
13193,1,22,112.08,4.48,46,0,2011-10-09 14:30:00,2011-10-09 14:30:00,60,1,112.08,0,At Risk
13194,2,10,472.78,47.28,326,0,2010-10-14 11:54:00,2011-07-27 09:01:00,135,2,472.78,0,At Risk
13195,1,43,136.73,2.97,70,0,2010-10-21 13:07:00,2010-10-21 13:07:00,413,1,136.73,0,At Risk
13196,8,141,3059.64,16.10,2006,2,2010-04-01 12:54:00,2011-11-28 13:54:00,10,8,3059.64,0,At Risk
13197,1,19,373.01,19.63,204,0,2010-04-09 09:14:00,2010-04-09 09:14:00,609,1,373.01,0,At Risk
13198,12,265,4912.28,15.26,3449,11,2010-10-01 13:27:00,2011-11-29 15:17:00,9,12,4912.28,0,At Risk
13199,69,61,15936.30,77.74,11567,9,2009-12-05 10:11:00,2011-12-06 12:30:00,3,69,15936.30,0,At Risk
13200,4,42,870.09,18.92,516,0,2011-08-05 14:50:00,2011-11-20 15:35:00,18,4,870.09,0,At Risk
13201,4,65,1233.06,14.34,1036,0,2010-03-07 11:01:00,2010-07-25 14:30:00,501,4,1233.06,0,At Risk
13202,8,55,1571.35,22.45,572,1,2009-12-09 10:48:00,2010-11-26 12:05:00,378,8,1571.35,0,At Risk
13203,11,158,2630.55,15.47,2413,6,2009-12-17 14:15:00,2011-11-30 10:45:00,9,11,2630.55,0,At Risk
13204,1,57,966.66,16.96,428,0,2009-12-08 14:56:00,2009-12-08 14:56:00,730,1,966.66,0,At Risk
13205,1,1,2803.20,2803.20,256,0,2010-09-22 16:26:00,2010-09-22 16:26:00,442,1,2803.20,0,At Risk
13206,15,395,8211.00,14.43,7086,277,2009-12-07 13:48:00,2010-11-04 16:50:00,399,15,8211.00,0,At Risk
13207,4,10,535.86,41.22,178,0,2010-04-06 16:37:00,2011-11-24 14:52:00,14,4,535.86,0,At Risk
13208,10,198,1958.30,7.74,1343,18,2009-12-03 13:25:00,2011-10-12 09:54:00,58,10,1958.30,0,At Risk
13209,16,284,8438.06,22.56,5781,21,2010-01-24 14:30:00,2011-11-09 13:54:00,29,16,8438.06,0,At Risk
13210,1,22,353.48,16.07,316,0,2011-09-07 08:18:00,2011-09-07 08:18:00,93,1,353.48,0,At Risk
13211,12,100,2596.32,12.73,1845,5,2009-12-06 14:37:00,2011-11-29 14:43:00,9,12,2596.32,0,At Risk
13212,4,128,779.33,5.49,309,1,2011-10-09 14:48:00,2011-11-30 15:12:00,8,4,779.33,0,At Risk
13213,14,181,3834.62,18.35,2962,10,2010-05-20 14:50:00,2011-10-14 11:42:00,56,14,3834.62,0,At Risk
13214,7,207,3264.23,14.25,2966,0,2010-03-03 14:10:00,2010-10-18 10:00:00,417,7,3264.23,0,At Risk
13215,1,1,81.60,81.60,96,0,2010-11-02 18:26:00,2010-11-02 18:26:00,401,1,81.60,0,At Risk
13216,1,5,333.74,66.75,297,0,2011-03-17 12:18:00,2011-03-17 12:18:00,267,1,333.74,0,At Risk
13217,6,3,266.12,33.27,512,148,2010-02-22 12:49:00,2011-08-09 15:32:00,121,6,266.12,0,At Risk
13218,1,5,62.64,12.53,88,0,2011-08-04 16:59:00,2011-08-04 16:59:00,126,1,62.64,0,At Risk
13219,1,11,76.23,6.93,11,0,2010-03-31 14:18:00,2010-03-31 14:18:00,617,1,76.23,0,At Risk
13220,5,46,1336.09,25.21,396,0,2010-05-13 10:35:00,2011-09-22 13:38:00,77,5,1336.09,0,At Risk
13221,2,62,847.41,12.84,244,0,2010-12-15 13:24:00,2011-04-13 16:58:00,239,2,847.41,0,At Risk
13222,1,1,88.50,88.50,30,0,2010-05-11 13:54:00,2010-05-11 13:54:00,576,1,88.50,0,At Risk
13223,6,8,969.12,74.55,568,0,2010-02-12 13:27:00,2011-05-23 13:03:00,199,6,969.12,0,At Risk
13224,3,101,2150.85,19.73,1518,6,2011-07-11 14:10:00,2011-10-10 15:00:00,59,3,2150.85,0,At Risk
13225,17,60,15879.27,125.03,7401,64,2009-12-17 09:09:00,2011-12-06 13:29:00,2,17,15879.27,0,At Risk
13226,2,28,312.46,11.16,179,0,2010-11-11 13:46:00,2011-03-11 14:35:00,272,2,312.46,0,At Risk
13227,1,9,257.70,28.63,99,0,2011-05-22 11:47:00,2011-05-22 11:47:00,201,1,257.70,0,At Risk
13228,1,2,358.00,179.00,200,0,2011-09-19 14:28:00,2011-09-19 14:28:00,80,1,358.00,0,At Risk
13229,1,10,160.95,16.10,63,0,2011-04-28 12:07:00,2011-04-28 12:07:00,225,1,160.95,0,At Risk
13230,31,653,6076.45,4.85,3520,121,2010-03-18 20:02:00,2011-12-05 16:03:00,3,31,6076.45,0,At Risk
13231,1,1,-355.20,-355.20,0,1,2010-06-11 16:53:00,2010-06-11 16:53:00,545,1,-355.20,0,At Risk
13232,7,147,1328.35,6.58,773,0,2011-04-10 13:48:00,2011-11-27 10:39:00,12,7,1328.35,0,At Risk
13233,4,74,1176.46,15.48,1604,0,2010-01-14 14:10:00,2011-09-26 13:25:00,73,4,1176.46,0,At Risk
13234,2,56,346.50,5.68,159,0,2009-12-07 12:32:00,2010-02-05 11:41:00,672,2,346.50,0,At Risk
13235,2,54,101.17,1.71,441,1,2011-05-11 17:13:00,2011-05-12 09:48:00,211,2,101.17,0,At Risk
13236,3,34,727.27,18.65,416,5,2011-08-25 08:58:00,2011-11-15 12:50:00,24,3,727.27,0,At Risk
13237,1,24,643.00,26.79,128,0,2010-11-17 10:07:00,2010-11-17 10:07:00,387,1,643.00,0,At Risk
13238,7,24,986.73,20.56,442,2,2010-04-28 15:02:00,2011-11-28 15:30:00,10,7,986.73,0,At Risk
13239,6,86,1579.84,16.81,1151,3,2010-07-25 13:34:00,2011-03-23 10:25:00,261,6,1579.84,0,At Risk
13240,9,160,1398.44,6.92,709,13,2010-02-25 13:17:00,2011-09-04 14:08:00,95,9,1398.44,0,At Risk
13241,1,40,112.53,2.81,46,0,2010-10-24 11:17:00,2010-10-24 11:17:00,411,1,112.53,0,At Risk
13242,7,19,699.40,19.98,350,0,2010-02-09 13:12:00,2011-08-19 12:53:00,111,7,699.40,0,At Risk
13243,5,165,1220.38,5.95,554,0,2010-03-18 13:10:00,2011-05-20 13:14:00,202,5,1220.38,0,At Risk
13244,1,27,121.74,4.51,38,0,2011-09-08 11:46:00,2011-09-08 11:46:00,92,1,121.74,0,At Risk
13245,2,43,989.22,21.98,371,0,2010-10-03 14:03:00,2011-10-20 11:40:00,50,2,989.22,0,At Risk
13246,14,229,3242.00,8.60,2796,71,2010-07-02 13:36:00,2011-11-21 16:50:00,17,14,3242.00,0,At Risk
13247,4,18,501.12,20.04,328,0,2011-09-18 11:31:00,2011-11-22 10:59:00,17,4,501.12,0,At Risk
13248,2,25,465.68,17.91,305,0,2011-06-03 13:05:00,2011-08-07 12:40:00,124,2,465.68,0,At Risk
13249,9,21,1608.93,45.97,1246,0,2010-01-24 12:11:00,2011-09-08 13:26:00,91,9,1608.93,0,At Risk
13250,3,17,245.59,12.28,107,2,2010-07-25 14:01:00,2010-09-13 10:43:00,452,3,245.59,0,At Risk
13251,1,25,252.68,10.11,215,0,2010-11-02 13:20:00,2010-11-02 13:20:00,401,1,252.68,0,At Risk
13252,3,19,341.30,15.51,134,6,2010-03-24 10:30:00,2010-11-10 16:00:00,393,3,341.30,0,At Risk
13253,4,73,2951.11,39.35,3015,0,2010-01-05 12:13:00,2011-07-06 10:09:00,156,4,2951.11,0,At Risk
13254,1,4,51.41,12.85,43,0,2010-11-28 15:42:00,2010-11-28 15:42:00,375,1,51.41,0,At Risk
13255,4,26,669.91,24.81,407,3,2010-07-15 13:20:00,2011-12-06 10:56:00,3,4,669.91,0,At Risk
13257,3,7,117.95,13.11,33,4,2010-09-29 14:58:00,2010-10-08 12:27:00,427,3,117.95,0,At Risk
13258,5,29,1009.43,22.94,446,0,2010-11-04 12:45:00,2011-11-28 09:31:00,11,5,1009.43,0,At Risk
13259,9,234,1402.54,4.48,503,0,2010-01-10 10:26:00,2011-10-09 10:48:00,61,9,1402.54,0,At Risk
13260,1,8,557.62,69.70,142,0,2011-10-09 13:21:00,2011-10-09 13:21:00,60,1,557.62,0,At Risk
13261,2,8,944.10,104.90,210,0,2011-02-27 10:41:00,2011-03-16 12:22:00,268,2,944.10,0,At Risk
13262,3,48,573.45,11.47,247,0,2010-04-18 12:14:00,2011-03-21 15:06:00,262,3,573.45,0,At Risk
13263,39,507,8676.20,4.55,5372,0,2010-10-22 17:07:00,2011-12-08 13:59:00,0,39,8676.20,0,At Risk
13264,1,38,722.56,19.01,375,0,2010-09-23 12:42:00,2010-09-23 12:42:00,442,1,722.56,0,At Risk
13265,5,66,2092.66,23.25,1740,0,2011-03-11 09:54:00,2011-10-17 15:02:00,52,5,2092.66,0,At Risk
13266,30,154,5965.30,18.24,6837,168,2009-12-17 10:52:00,2011-11-28 14:39:00,10,30,5965.30,0,At Risk
13267,50,153,9197.66,21.14,3959,64,2009-12-07 16:56:00,2011-12-07 11:12:00,2,50,9197.66,0,At Risk
13268,15,257,3127.70,7.11,3624,23,2011-03-17 13:20:00,2011-11-22 11:51:00,17,15,3127.70,0,At Risk
13269,30,239,8507.01,17.36,6366,5,2009-12-02 11:47:00,2011-12-08 14:53:00,0,30,8507.01,0,At Risk
13270,1,1,590.00,590.00,200,0,2010-12-08 14:53:00,2010-12-08 14:53:00,365,1,590.00,0,At Risk
13271,2,79,172.37,1.87,240,72,2011-11-02 14:31:00,2011-11-02 14:43:00,36,2,172.37,0,At Risk
13272,2,15,276.56,18.44,96,0,2011-09-11 12:06:00,2011-11-08 14:00:00,30,2,276.56,0,At Risk
13273,1,16,138.98,8.69,153,0,2011-08-18 14:02:00,2011-08-18 14:02:00,112,1,138.98,0,At Risk
13274,1,19,360.85,18.99,199,0,2010-10-26 13:48:00,2010-10-26 13:48:00,408,1,360.85,0,At Risk
13275,2,48,238.86,4.98,138,0,2010-03-17 14:05:00,2010-11-21 12:09:00,383,2,238.86,0,At Risk
13276,7,210,1871.21,7.76,840,2,2010-03-07 14:05:00,2011-10-07 12:44:00,63,7,1871.21,0,At Risk
13277,7,10,523.30,22.75,382,0,2010-06-18 08:45:00,2011-11-24 09:21:00,15,7,523.30,0,At Risk
13278,5,80,1428.20,13.10,1358,3,2010-04-08 11:59:00,2011-10-30 11:49:00,40,5,1428.20,0,At Risk
13279,2,9,126.30,11.48,73,3,2011-09-22 17:24:00,2011-10-06 18:51:00,63,2,126.30,0,At Risk
13280,8,159,2267.83,11.01,1489,2,2010-03-05 09:07:00,2011-08-09 13:14:00,121,8,2267.83,0,At Risk
13281,3,24,306.45,11.79,201,26,2010-04-27 11:00:00,2010-09-28 18:43:00,436,3,306.45,0,At Risk
13282,7,43,1228.89,22.76,410,18,2010-10-29 14:11:00,2011-11-21 15:33:00,17,7,1228.89,0,At Risk
13283,4,19,373.36,18.67,204,0,2010-03-09 14:36:00,2011-10-11 09:50:00,59,4,373.36,0,At Risk
13284,2,13,196.15,14.01,91,12,2011-01-13 09:23:00,2011-01-21 10:25:00,322,2,196.15,0,At Risk
13285,6,182,3364.59,14.57,2457,0,2010-03-25 14:26:00,2011-11-16 13:19:00,22,6,3364.59,0,At Risk
13286,1,46,734.91,15.00,274,0,2010-04-18 15:35:00,2010-04-18 15:35:00,599,1,734.91,0,At Risk
13287,7,46,519.67,7.02,429,192,2010-01-04 10:43:00,2010-05-05 13:10:00,582,7,519.67,0,At Risk
13288,6,7,892.16,74.35,379,3,2010-02-11 14:59:00,2010-09-22 16:32:00,442,6,892.16,0,At Risk
13289,1,16,307.95,19.25,119,0,2009-12-16 11:53:00,2009-12-16 11:53:00,723,1,307.95,0,At Risk
13290,3,1,-208.63,-69.54,1,2,2010-09-27 11:30:00,2010-10-05 12:43:00,430,3,-208.63,0,At Risk
13291,11,155,3270.79,10.29,1600,0,2010-02-11 18:36:00,2011-07-07 10:36:00,155,11,3270.79,0,At Risk
13292,6,55,987.79,16.46,530,16,2010-07-01 14:36:00,2011-11-01 10:04:00,38,6,987.79,0,At Risk
13293,7,52,1180.34,16.17,555,6,2009-12-01 10:55:00,2010-11-12 13:28:00,391,7,1180.34,0,At Risk
13294,3,93,1689.53,16.56,996,0,2010-03-03 12:54:00,2011-06-03 08:54:00,189,3,1689.53,0,At Risk
13295,9,56,1061.27,14.15,733,34,2010-05-12 09:13:00,2010-12-15 11:21:00,359,9,1061.27,0,At Risk
13296,6,50,792.51,14.95,653,0,2010-05-11 14:29:00,2011-07-25 13:46:00,136,6,792.51,0,At Risk
13297,8,108,4352.67,35.10,2694,1,2010-06-15 12:35:00,2011-12-02 09:32:00,7,8,4352.67,0,At Risk
13298,1,2,360.00,180.00,96,0,2011-12-08 13:11:00,2011-12-08 13:11:00,0,1,360.00,0,At Risk
13299,5,56,1173.30,17.78,416,8,2010-06-29 11:30:00,2011-03-16 12:55:00,267,5,1173.30,0,At Risk
13300,5,44,1267.21,21.85,455,8,2010-05-14 15:56:00,2011-06-28 11:59:00,164,5,1267.21,0,At Risk
13301,4,75,618.09,7.63,345,0,2011-02-20 13:13:00,2011-08-28 11:25:00,103,4,618.09,0,At Risk
13302,2,3,159.20,53.07,12,0,2010-07-01 12:32:00,2011-07-07 17:56:00,154,2,159.20,0,At Risk
13303,1,4,61.72,15.43,26,0,2010-11-04 14:55:00,2010-11-04 14:55:00,399,1,61.72,0,At Risk
13304,7,59,1120.79,12.88,716,28,2010-02-08 12:42:00,2010-12-23 14:35:00,350,7,1120.79,0,At Risk
13305,16,153,3616.41,18.08,2228,0,2010-03-10 14:49:00,2011-12-05 15:15:00,3,16,3616.41,0,At Risk
13306,1,4,53.65,13.41,74,0,2010-10-05 14:55:00,2010-10-05 14:55:00,429,1,53.65,0,At Risk
13307,3,15,273.34,18.22,140,0,2010-04-26 13:28:00,2011-08-11 17:14:00,119,3,273.34,0,At Risk
13308,5,65,1652.47,22.33,1073,3,2010-04-22 09:22:00,2011-11-17 09:31:00,22,5,1652.47,0,At Risk
13309,6,95,1706.37,13.13,1914,0,2010-11-12 12:10:00,2011-12-02 16:34:00,6,6,1706.37,0,At Risk
13310,8,80,1492.80,14.93,816,12,2010-11-02 17:03:00,2011-12-01 08:23:00,8,8,1492.80,0,At Risk
13311,2,25,598.57,23.02,305,0,2011-07-12 14:26:00,2011-12-05 12:55:00,3,2,598.57,0,At Risk
13312,1,5,124.75,24.95,41,0,2010-09-14 14:36:00,2010-09-14 14:36:00,450,1,124.75,0,At Risk
13313,15,106,3423.27,17.92,2308,9,2009-12-02 13:53:00,2011-11-17 16:48:00,21,15,3423.27,0,At Risk
13314,4,55,593.51,8.02,560,73,2011-09-27 10:20:00,2011-12-08 12:29:00,1,4,593.51,0,At Risk
13315,1,22,310.26,14.10,232,0,2010-01-19 15:34:00,2010-01-19 15:34:00,688,1,310.26,0,At Risk
13316,12,116,12656.18,72.32,19931,49,2010-03-10 10:01:00,2011-11-02 13:40:00,36,12,12656.18,0,At Risk
13317,31,222,6068.53,15.93,3149,97,2009-12-13 11:11:00,2011-10-06 19:21:00,63,31,6068.53,0,At Risk
13318,3,14,640.76,32.04,304,0,2011-11-02 13:26:00,2011-12-08 18:51:00,0,3,640.76,0,At Risk
13319,78,347,20974.96,21.78,8974,72,2009-12-06 14:46:00,2011-12-04 13:34:00,4,78,20974.96,0,At Risk
13320,9,98,2144.45,13.93,1509,37,2010-08-18 10:29:00,2011-09-30 12:52:00,69,9,2144.45,0,At Risk
13321,2,10,567.36,51.58,372,0,2011-09-14 15:18:00,2011-09-28 15:24:00,71,2,567.36,0,At Risk
13322,1,25,199.48,7.98,117,0,2011-11-22 14:21:00,2011-11-22 14:21:00,16,1,199.48,0,At Risk
13323,5,6,787.85,37.52,175,0,2011-09-16 13:23:00,2011-12-06 17:12:00,2,5,787.85,0,At Risk
13324,23,36,10421.37,74.97,8448,18,2010-05-25 10:23:00,2011-11-07 15:51:00,31,23,10421.37,0,At Risk
13325,1,12,675.30,56.28,240,0,2011-09-19 10:36:00,2011-09-19 10:36:00,81,1,675.30,0,At Risk
13326,1,13,281.76,21.67,140,0,2010-10-03 16:00:00,2010-10-03 16:00:00,431,1,281.76,0,At Risk
13327,22,176,8996.03,27.68,4203,31,2009-12-18 15:35:00,2011-11-01 10:21:00,38,22,8996.03,0,At Risk
13328,1,17,1308.48,76.97,680,0,2011-01-27 15:22:00,2011-01-27 15:22:00,315,1,1308.48,0,At Risk
13329,14,68,4672.82,37.38,3311,45,2009-12-04 15:41:00,2011-11-08 10:29:00,31,14,4672.82,0,At Risk
13330,6,80,2796.10,23.90,1951,0,2010-02-23 10:12:00,2011-09-08 12:27:00,92,6,2796.10,0,At Risk
13331,1,12,262.40,21.87,54,0,2010-11-03 08:04:00,2010-11-03 08:04:00,401,1,262.40,0,At Risk
13332,1,21,350.90,16.71,179,0,2011-11-25 13:30:00,2011-11-25 13:30:00,13,1,350.90,0,At Risk
13333,3,54,1015.74,18.47,685,0,2010-02-19 09:26:00,2010-10-24 13:24:00,410,3,1015.74,0,At Risk
13334,6,307,6195.05,13.04,3198,1,2010-02-25 10:49:00,2011-09-18 15:21:00,81,6,6195.05,0,At Risk
13335,1,1,-955.06,-955.06,0,1,2010-06-17 14:54:00,2010-06-17 14:54:00,539,1,-955.06,0,At Risk
13336,1,51,795.12,15.59,559,0,2011-09-23 14:05:00,2011-09-23 14:05:00,76,1,795.12,0,At Risk
13337,2,88,1548.55,17.21,980,25,2010-06-11 13:27:00,2010-07-09 11:53:00,518,2,1548.55,0,At Risk
13338,10,113,2223.62,15.23,1151,25,2010-01-05 12:25:00,2011-07-08 14:53:00,153,10,2223.62,0,At Risk
13339,1,54,860.12,15.93,326,0,2011-05-23 08:31:00,2011-05-23 08:31:00,200,1,860.12,0,At Risk
13340,12,190,22100.56,102.79,9636,0,2010-02-22 14:54:00,2011-10-25 13:15:00,44,12,22100.56,0,At Risk
13341,1,42,775.85,18.47,301,0,2011-03-24 09:50:00,2011-03-24 09:50:00,260,1,775.85,0,At Risk
13342,1,2,-14.10,-7.05,0,4,2010-05-06 16:44:00,2010-05-06 16:44:00,581,1,-14.10,0,At Risk
13343,2,19,303.93,13.82,135,9,2011-06-15 12:24:00,2011-06-20 11:37:00,172,2,303.93,0,At Risk
13344,3,115,2511.69,21.65,952,0,2011-03-07 10:28:00,2011-10-03 09:45:00,67,3,2511.69,0,At Risk
13345,2,20,377.60,17.16,141,2,2011-02-25 09:01:00,2011-03-08 08:34:00,276,2,377.60,0,At Risk
13346,6,4,299.40,49.90,180,0,2010-04-22 12:34:00,2010-09-03 11:41:00,462,6,299.40,0,At Risk
13347,1,8,341.36,42.67,205,0,2011-09-30 13:28:00,2011-09-30 13:28:00,69,1,341.36,0,At Risk
13348,1,14,233.76,16.70,136,0,2011-10-06 17:28:00,2011-10-06 17:28:00,63,1,233.76,0,At Risk
13349,1,16,247.32,15.46,225,0,2011-11-29 08:07:00,2011-11-29 08:07:00,10,1,247.32,0,At Risk
13350,3,36,910.72,21.18,287,3,2011-09-21 13:33:00,2011-11-23 16:33:00,15,3,910.72,0,At Risk
13351,1,16,373.94,23.37,117,0,2011-10-04 12:55:00,2011-10-04 12:55:00,65,1,373.94,0,At Risk
13352,2,24,389.28,14.42,321,6,2011-10-10 13:55:00,2011-12-02 11:58:00,7,2,389.28,0,At Risk
13353,1,3,-28.85,-9.62,0,3,2010-11-16 11:14:00,2010-11-16 11:14:00,388,1,-28.85,0,At Risk
13354,1,51,743.53,14.58,604,0,2011-09-29 13:17:00,2011-09-29 13:17:00,70,1,743.53,0,At Risk
13355,1,32,674.70,21.08,314,0,2011-08-09 14:48:00,2011-08-09 14:48:00,121,1,674.70,0,At Risk
13356,1,42,768.24,18.29,325,0,2011-09-20 14:33:00,2011-09-20 14:33:00,79,1,768.24,0,At Risk
13357,5,284,3805.51,9.66,2112,0,2010-03-22 14:30:00,2011-03-27 13:56:00,256,5,3805.51,0,At Risk
13358,1,29,439.03,15.14,285,0,2011-03-16 11:52:00,2011-03-16 11:52:00,268,1,439.03,0,At Risk
13359,4,52,1001.96,16.43,381,7,2010-11-01 15:05:00,2011-10-11 16:48:00,58,4,1001.96,0,At Risk
13360,7,58,1464.10,20.06,942,10,2010-01-08 11:16:00,2010-10-07 19:28:00,427,7,1464.10,0,At Risk
13361,2,29,1450.50,42.66,324,0,2010-04-01 07:49:00,2010-08-24 14:56:00,471,2,1450.50,0,At Risk
13362,10,186,5357.57,17.62,2481,12,2010-10-10 15:27:00,2011-12-06 13:57:00,2,10,5357.57,0,At Risk
13363,3,78,1723.86,16.90,1146,0,2010-10-26 11:07:00,2011-11-22 12:40:00,17,3,1723.86,0,At Risk
13364,2,10,0.00,0.00,71,71,2011-09-29 18:13:00,2011-10-04 09:48:00,66,2,0.00,0,At Risk
13365,4,124,2164.32,16.15,1247,11,2010-11-11 17:24:00,2011-12-01 08:39:00,8,4,2164.32,0,At Risk
13366,1,1,56.16,56.16,144,0,2011-10-20 13:37:00,2011-10-20 13:37:00,49,1,56.16,0,At Risk
13367,1,20,510.20,25.51,253,0,2010-10-04 10:00:00,2010-10-04 10:00:00,431,1,510.20,0,At Risk
13368,5,45,1086.10,20.49,606,12,2010-10-12 10:43:00,2011-03-28 09:59:00,256,5,1086.10,0,At Risk
13369,2,14,263.75,13.88,149,22,2010-12-09 11:30:00,2010-12-20 14:02:00,353,2,263.75,0,At Risk
13370,2,39,721.32,16.39,343,7,2010-12-03 10:26:00,2010-12-08 15:57:00,365,2,721.32,0,At Risk
13371,4,75,2271.46,23.91,1019,3,2010-03-17 15:29:00,2010-07-29 12:44:00,498,4,2271.46,0,At Risk
13372,1,23,378.64,16.46,159,0,2011-09-11 12:46:00,2011-09-11 12:46:00,89,1,378.64,0,At Risk
13373,6,292,7587.19,21.19,4263,0,2009-12-06 12:34:00,2011-10-10 10:51:00,60,6,7587.19,0,At Risk
13374,2,17,422.80,24.87,135,0,2010-09-16 10:29:00,2010-10-21 10:04:00,414,2,422.80,0,At Risk
13375,3,62,1786.48,24.81,1124,1,2010-09-21 08:12:00,2011-09-19 16:01:00,80,3,1786.48,0,At Risk
13376,3,45,1019.76,19.24,493,0,2011-04-19 13:03:00,2011-09-01 16:16:00,98,3,1019.76,0,At Risk
13377,4,71,1495.43,18.46,748,4,2010-03-04 10:06:00,2010-11-08 12:20:00,396,4,1495.43,0,At Risk
13378,1,1,-756.40,-756.40,0,1,2010-10-13 11:52:00,2010-10-13 11:52:00,422,1,-756.40,0,At Risk
13379,3,85,572.56,5.90,601,0,2011-07-26 12:26:00,2011-11-13 13:45:00,25,3,572.56,0,At Risk
13380,1,3,62.40,20.80,48,0,2010-10-03 10:18:00,2010-10-03 10:18:00,432,1,62.40,0,At Risk
13381,15,155,8185.02,22.67,5125,17,2009-12-01 15:18:00,2011-11-18 16:59:00,20,15,8185.02,0,At Risk
13382,5,74,1387.58,16.13,863,0,2009-12-08 09:56:00,2011-03-04 10:03:00,280,5,1387.58,0,At Risk
13383,1,1,305.28,305.28,288,0,2010-06-14 11:45:00,2010-06-14 11:45:00,543,1,305.28,0,At Risk
13384,15,192,6635.09,24.48,4142,12,2010-07-27 12:22:00,2011-11-09 11:04:00,30,15,6635.09,0,At Risk
13385,1,35,534.57,15.27,281,0,2011-01-14 09:52:00,2011-01-14 09:52:00,329,1,534.57,0,At Risk
13386,2,24,835.46,26.95,514,0,2010-09-28 13:09:00,2010-10-21 12:52:00,413,2,835.46,0,At Risk
13387,1,71,186.94,2.63,123,0,2010-10-18 14:07:00,2010-10-18 14:07:00,416,1,186.94,0,At Risk
13388,4,68,1135.70,16.22,701,1,2010-04-15 10:18:00,2011-08-10 13:35:00,120,4,1135.70,0,At Risk
13389,3,50,797.96,15.65,429,0,2011-04-21 12:12:00,2011-11-28 14:01:00,10,3,797.96,0,At Risk
13390,1,13,544.08,41.85,224,0,2011-09-26 08:38:00,2011-09-26 08:38:00,74,1,544.08,0,At Risk
13391,1,1,59.80,59.80,4,0,2011-05-20 10:50:00,2011-05-20 10:50:00,203,1,59.80,0,At Risk
13392,1,8,91.14,11.39,82,0,2010-01-31 13:34:00,2010-01-31 13:34:00,676,1,91.14,0,At Risk
13393,6,54,1105.85,15.15,662,4,2009-12-07 18:12:00,2010-05-05 09:34:00,583,6,1105.85,0,At Risk
13394,24,256,6323.88,14.95,5354,197,2009-12-01 11:58:00,2011-12-08 11:36:00,1,24,6323.88,0,At Risk
13395,3,77,1180.23,14.57,1660,0,2010-10-14 13:00:00,2011-06-07 15:04:00,184,3,1180.23,0,At Risk
13396,4,42,1325.29,28.20,600,8,2011-01-24 13:37:00,2011-11-18 09:42:00,21,4,1325.29,0,At Risk
13397,13,69,3094.11,33.27,1336,9,2010-01-20 09:50:00,2011-09-28 10:56:00,72,13,3094.11,0,At Risk
13398,2,37,670.34,17.19,341,0,2010-09-17 09:34:00,2011-05-31 13:17:00,191,2,670.34,0,At Risk
13399,3,10,275.40,18.36,120,0,2010-07-08 17:47:00,2010-09-01 13:59:00,463,3,275.40,0,At Risk
13400,2,23,300.93,12.54,284,2,2010-05-06 09:00:00,2010-05-14 13:25:00,573,2,300.93,0,At Risk
13401,1,1,-1834.14,-1834.14,0,1,2010-03-25 15:39:00,2010-03-25 15:39:00,623,1,-1834.14,0,At Risk
13402,4,55,1226.85,15.53,917,0,2010-05-24 10:56:00,2011-08-04 15:51:00,126,4,1226.85,0,At Risk
13403,3,9,229.50,25.50,114,0,2009-12-16 13:23:00,2011-11-22 08:28:00,17,3,229.50,0,At Risk
13404,2,11,252.49,22.95,111,0,2011-05-11 11:57:00,2011-12-08 15:37:00,0,2,252.49,0,At Risk
13405,9,33,1196.56,26.01,855,7,2009-12-15 14:13:00,2011-09-26 17:01:00,73,9,1196.56,0,At Risk
13406,3,7,557.22,55.72,292,6,2010-03-18 07:29:00,2010-10-08 14:44:00,426,3,557.22,0,At Risk
13407,6,86,2111.89,22.96,1690,67,2010-02-16 11:13:00,2010-05-10 12:41:00,578,6,2111.89,0,At Risk
13408,135,323,49315.02,57.41,28675,159,2009-12-04 09:31:00,2011-12-08 09:05:00,1,135,49315.02,1,Potential Loyal
13409,1,1,-525.65,-525.65,0,1,2010-03-25 15:24:00,2010-03-25 15:24:00,623,1,-525.65,0,At Risk
13410,12,25,2172.51,40.99,1244,11,2009-12-08 13:43:00,2011-12-01 08:58:00,8,12,2172.51,0,At Risk
13411,1,17,213.55,11.86,72,0,2011-08-24 13:57:00,2011-08-24 13:57:00,106,1,213.55,0,At Risk
13412,1,33,487.35,14.33,176,0,2010-03-29 16:28:00,2010-03-29 16:28:00,619,1,487.35,0,At Risk
13413,8,39,345.80,7.68,455,73,2010-01-21 17:43:00,2010-03-10 12:17:00,639,8,345.80,0,At Risk
13414,7,50,2482.24,43.55,2702,2,2009-12-08 17:10:00,2011-07-29 11:45:00,133,7,2482.24,0,At Risk
13415,5,85,665.42,5.89,496,92,2009-12-11 14:20:00,2010-08-24 11:38:00,472,5,665.42,0,At Risk
13416,3,16,940.80,36.18,208,0,2009-12-03 13:02:00,2011-10-27 08:56:00,43,3,940.80,0,At Risk
13417,7,57,1593.89,19.44,532,24,2010-02-08 12:39:00,2011-12-05 08:49:00,4,7,1593.89,0,At Risk
13418,37,328,11242.22,20.48,7354,83,2009-12-11 12:51:00,2011-11-28 10:23:00,11,37,11242.22,0,At Risk
13419,1,16,221.06,13.82,275,0,2011-10-07 12:49:00,2011-10-07 12:49:00,63,1,221.06,0,At Risk
13420,4,8,140.35,14.04,101,13,2011-06-22 11:35:00,2011-07-28 12:10:00,134,4,140.35,0,At Risk
13421,11,176,4044.45,15.09,2351,3,2010-02-14 12:59:00,2011-10-30 14:21:00,39,11,4044.45,0,At Risk
13422,2,127,2601.55,20.32,1326,5,2011-10-06 13:42:00,2011-10-19 13:45:00,50,2,2601.55,0,At Risk
13423,1,12,217.03,18.09,141,0,2010-10-07 09:02:00,2010-10-07 09:02:00,428,1,217.03,0,At Risk
13424,2,40,557.92,13.61,529,3,2010-09-16 10:49:00,2010-09-21 19:46:00,443,2,557.92,0,At Risk
13425,8,124,3362.73,18.68,2358,6,2010-05-09 14:35:00,2011-08-23 17:13:00,107,8,3362.73,0,At Risk
13426,24,163,8076.76,23.41,4868,21,2009-12-09 15:16:00,2011-12-09 08:59:00,0,24,8076.76,0,At Risk
13427,6,35,1006.53,19.36,880,0,2009-12-17 13:44:00,2011-11-20 13:02:00,18,6,1006.53,0,At Risk
13428,3,122,478.54,3.47,356,0,2010-07-13 13:20:00,2011-11-29 14:20:00,9,3,478.54,0,At Risk
13429,4,55,1006.80,15.03,1390,0,2011-09-25 15:59:00,2011-11-29 09:10:00,10,4,1006.80,0,At Risk
13430,4,49,648.69,12.01,751,13,2011-09-14 14:26:00,2011-11-21 08:19:00,18,4,648.69,0,At Risk
13431,9,113,3289.24,25.30,1570,4,2010-02-18 11:53:00,2011-10-03 13:49:00,66,9,3289.24,0,At Risk
13432,2,98,439.10,3.96,217,0,2010-04-06 14:42:00,2010-05-17 13:18:00,570,2,439.10,0,At Risk
13433,5,22,656.87,26.27,190,1,2010-01-12 08:59:00,2010-09-28 18:46:00,436,5,656.87,0,At Risk
13434,5,17,1666.86,47.62,864,0,2010-02-22 09:54:00,2011-09-26 14:30:00,73,5,1666.86,0,At Risk
13435,11,96,4431.93,29.35,2754,4,2010-07-27 16:56:00,2011-12-04 14:59:00,4,11,4431.93,0,At Risk
13436,1,12,196.89,16.41,76,0,2011-12-08 10:33:00,2011-12-08 10:33:00,1,1,196.89,0,At Risk
13437,7,143,3408.06,20.41,1283,0,2011-06-02 14:30:00,2011-11-25 14:00:00,13,7,3408.06,0,At Risk
13438,1,1,46.50,46.50,10,0,2010-06-10 18:46:00,2010-06-10 18:46:00,546,1,46.50,0,At Risk
13439,3,132,986.61,5.91,952,0,2010-07-01 14:36:00,2011-03-29 14:20:00,254,3,986.61,0,At Risk
13440,10,49,1213.95,17.34,573,22,2010-09-14 10:34:00,2010-10-12 17:53:00,422,10,1213.95,0,At Risk
13441,2,33,720.90,18.97,520,0,2010-10-04 10:38:00,2011-09-09 09:38:00,91,2,720.90,0,At Risk
13442,3,33,419.87,11.05,115,0,2009-12-01 14:59:00,2010-02-10 14:03:00,666,3,419.87,0,At Risk
13443,7,176,1240.71,6.17,805,11,2010-01-31 13:30:00,2010-09-17 12:31:00,448,7,1240.71,0,At Risk
13444,2,51,619.08,10.86,331,0,2010-07-21 14:34:00,2010-11-30 13:02:00,373,2,619.08,0,At Risk
13445,1,7,241.90,34.56,198,0,2010-03-23 15:34:00,2010-03-23 15:34:00,625,1,241.90,0,At Risk
13446,18,115,3608.86,16.86,2403,66,2010-02-14 11:52:00,2010-10-15 15:37:00,419,18,3608.86,0,At Risk
13447,4,55,1104.23,17.81,584,7,2011-11-04 10:10:00,2011-11-16 13:38:00,22,4,1104.23,0,At Risk
13448,19,321,7952.81,14.75,4195,24,2009-12-06 12:14:00,2011-11-23 12:33:00,16,19,7952.81,0,At Risk
13449,1,19,291.88,15.36,222,0,2011-11-16 08:28:00,2011-11-16 08:28:00,23,1,291.88,0,At Risk
13450,14,57,4117.54,27.82,4318,2,2010-04-15 19:15:00,2011-11-13 11:54:00,26,14,4117.54,0,At Risk
13451,13,562,7019.11,6.85,5229,9,2010-03-21 16:01:00,2011-11-13 15:58:00,25,13,7019.11,0,At Risk
13452,3,2,729.80,243.27,6,0,2010-08-24 09:53:00,2011-03-25 14:19:00,258,3,729.80,0,At Risk
13453,5,33,758.99,18.07,341,2,2010-11-02 13:23:00,2011-06-27 09:34:00,165,5,758.99,0,At Risk
13454,1,23,219.87,9.56,198,0,2010-03-08 14:40:00,2010-03-08 14:40:00,640,1,219.87,0,At Risk
13455,11,79,2080.88,15.53,795,28,2009-12-09 08:58:00,2011-11-15 11:21:00,24,11,2080.88,0,At Risk
13456,7,43,1737.82,26.74,765,9,2011-05-16 15:34:00,2011-11-22 09:18:00,17,7,1737.82,0,At Risk
13457,4,9,143.27,13.02,96,3,2009-12-02 12:46:00,2010-01-20 08:48:00,688,4,143.27,0,At Risk
13458,24,290,11850.62,23.84,6760,48,2010-11-16 14:01:00,2011-12-02 15:29:00,6,24,11850.62,0,At Risk
13459,2,57,1160.41,15.90,986,0,2010-01-26 13:35:00,2010-03-25 10:24:00,624,2,1160.41,0,At Risk
13460,2,16,183.44,10.79,286,0,2011-10-21 09:50:00,2011-11-10 17:17:00,28,2,183.44,0,At Risk
13461,8,30,4138.50,62.70,3132,4,2010-04-21 16:01:00,2011-11-01 09:01:00,38,8,4138.50,0,At Risk
13462,6,64,1145.60,15.91,697,1,2009-12-14 09:48:00,2011-06-09 19:53:00,182,6,1145.60,0,At Risk
13463,1,1,-158.65,-158.65,0,1,2010-10-15 15:11:00,2010-10-15 15:11:00,419,1,-158.65,0,At Risk
13464,7,128,3083.89,20.29,1440,11,2010-03-19 13:40:00,2011-10-12 15:01:00,57,7,3083.89,0,At Risk
13465,2,34,931.12,27.39,584,0,2010-05-02 15:30:00,2010-09-19 15:13:00,445,2,931.12,0,At Risk
13466,7,49,952.25,16.14,660,12,2010-03-21 13:50:00,2011-08-31 15:29:00,99,7,952.25,0,At Risk
13467,2,89,1071.91,10.94,580,0,2011-11-03 16:56:00,2011-11-29 10:01:00,10,2,1071.91,0,At Risk
13468,87,292,12494.38,17.47,5617,60,2009-12-03 13:32:00,2011-12-08 10:39:00,1,87,12494.38,0,At Risk
13469,1,6,82.40,13.73,52,0,2010-02-24 15:03:00,2010-02-24 15:03:00,652,1,82.40,0,At Risk
13470,2,7,165.00,16.50,100,0,2011-08-16 17:06:00,2011-09-01 14:57:00,98,2,165.00,0,At Risk
13471,4,214,2501.84,9.85,1583,0,2011-10-23 13:10:00,2011-12-08 15:44:00,0,4,2501.84,0,At Risk
13472,2,24,592.24,21.15,310,0,2010-06-02 09:48:00,2010-09-02 09:41:00,463,2,592.24,0,At Risk
13473,10,65,2410.98,33.49,1000,44,2009-12-15 19:02:00,2011-10-10 11:20:00,60,10,2410.98,0,At Risk
13474,3,116,646.59,5.13,318,0,2010-08-01 14:40:00,2011-04-17 13:53:00,235,3,646.59,0,At Risk
13475,4,64,1431.78,16.65,1012,0,2011-02-14 12:36:00,2011-06-01 13:52:00,190,4,1431.78,0,At Risk
13476,7,86,1915.77,17.58,713,3,2010-03-05 09:39:00,2011-06-14 12:00:00,178,7,1915.77,0,At Risk
13477,13,112,2806.12,17.65,2091,3,2010-01-25 11:52:00,2011-11-02 12:04:00,37,13,2806.12,0,At Risk
13478,7,114,2068.03,15.79,1189,21,2010-01-31 15:51:00,2010-08-27 13:23:00,468,7,2068.03,0,At Risk
13479,7,45,808.50,13.94,716,8,2010-08-19 16:18:00,2011-05-25 16:49:00,197,7,808.50,0,At Risk
13480,2,40,627.82,15.31,362,0,2010-01-29 12:35:00,2010-10-19 11:53:00,416,2,627.82,0,At Risk
13481,14,162,3803.09,16.75,2055,15,2009-12-04 12:37:00,2011-10-25 09:07:00,45,14,3803.09,0,At Risk
13482,2,20,336.09,16.80,187,0,2010-03-22 10:31:00,2011-04-21 17:03:00,231,2,336.09,0,At Risk
13483,1,10,140.34,14.03,160,0,2011-10-05 11:53:00,2011-10-05 11:53:00,65,1,140.34,0,At Risk
13484,4,38,767.32,19.18,224,12,2010-03-10 11:46:00,2011-04-12 16:30:00,240,4,767.32,0,At Risk
13485,15,132,2957.92,18.26,1798,10,2009-12-03 13:46:00,2011-04-20 13:58:00,232,15,2957.92,0,At Risk
13486,3,69,1122.41,16.27,669,0,2011-07-07 17:19:00,2011-09-22 13:13:00,77,3,1122.41,0,At Risk
13487,5,31,846.87,17.28,362,0,2009-12-05 10:25:00,2011-10-13 12:07:00,57,5,846.87,0,At Risk
13488,29,370,14131.81,20.60,7375,17,2010-01-25 10:13:00,2011-11-22 14:41:00,16,29,14131.81,0,At Risk
13489,4,11,449.52,32.11,560,0,2011-02-18 10:42:00,2011-08-26 13:16:00,104,4,449.52,0,At Risk
13490,1,8,154.25,19.28,25,0,2010-02-23 14:48:00,2010-02-23 14:48:00,653,1,154.25,0,At Risk
13491,27,144,4467.66,17.12,2349,0,2009-12-07 08:24:00,2011-10-19 08:32:00,51,27,4467.66,0,At Risk
13492,3,38,1269.84,25.40,408,0,2011-05-09 10:06:00,2011-07-26 14:25:00,135,3,1269.84,0,At Risk
13493,2,6,618.63,77.33,380,0,2011-02-25 16:42:00,2011-03-09 15:35:00,274,2,618.63,0,At Risk
13494,1,18,316.26,17.57,162,0,2011-02-01 11:58:00,2011-02-01 11:58:00,311,1,316.26,0,At Risk
13495,13,59,4790.41,33.97,2465,22,2009-12-07 12:12:00,2011-12-02 11:21:00,7,13,4790.41,0,At Risk
13496,3,28,617.93,17.16,341,12,2010-12-15 10:17:00,2011-11-29 10:58:00,10,3,617.93,0,At Risk
13497,7,52,1139.83,19.32,525,4,2010-02-08 10:27:00,2011-03-02 09:04:00,282,7,1139.83,0,At Risk
13498,1,17,327.38,19.26,362,0,2009-12-09 15:26:00,2009-12-09 15:26:00,729,1,327.38,0,At Risk
13499,7,31,1146.96,25.49,1365,7,2011-03-15 08:52:00,2011-11-22 11:21:00,17,7,1146.96,0,At Risk
13500,5,77,1436.30,16.51,838,24,2010-11-03 13:16:00,2011-11-16 15:35:00,22,5,1436.30,0,At Risk
13501,5,90,2840.26,24.49,1253,15,2010-05-18 13:24:00,2011-04-11 09:35:00,242,5,2840.26,0,At Risk
13502,6,28,774.60,22.78,490,2,2010-06-09 10:52:00,2011-11-23 10:39:00,16,6,774.60,0,At Risk
13503,12,159,1747.39,8.69,1105,23,2010-02-16 13:49:00,2011-09-29 13:23:00,70,12,1747.39,0,At Risk
13504,1,22,295.93,13.45,178,0,2011-10-06 13:20:00,2011-10-06 13:20:00,63,1,295.93,0,At Risk
13505,8,182,4282.88,18.87,2486,25,2011-04-21 12:07:00,2011-10-03 12:14:00,67,8,4282.88,0,At Risk
13506,8,55,1308.53,15.22,942,6,2010-09-05 12:33:00,2011-01-31 15:27:00,311,8,1308.53,0,At Risk
13507,4,146,2479.16,15.30,1597,0,2011-07-17 11:50:00,2011-12-06 13:13:00,2,4,2479.16,0,At Risk
13508,2,27,287.05,10.25,180,0,2010-03-07 11:58:00,2011-04-10 11:58:00,243,2,287.05,0,At Risk
13509,8,27,1114.72,22.75,1214,0,2010-07-20 12:10:00,2011-12-01 10:10:00,8,8,1114.72,0,At Risk
13510,17,178,4488.39,14.86,3044,22,2009-12-14 13:51:00,2011-12-08 13:46:00,0,17,4488.39,0,At Risk
13511,2,5,244.61,40.77,60,7,2010-02-01 12:10:00,2010-08-13 11:29:00,483,2,244.61,0,At Risk
13512,4,31,713.39,18.29,419,0,2010-05-05 13:22:00,2011-03-24 10:03:00,260,4,713.39,0,At Risk
13513,4,32,796.99,18.98,364,12,2010-02-22 16:36:00,2011-08-05 11:50:00,126,4,796.99,0,At Risk
13514,4,15,815.90,38.85,288,0,2010-01-26 15:11:00,2011-09-27 09:39:00,73,4,815.90,0,At Risk
13515,6,64,1265.82,16.66,819,0,2010-03-05 11:58:00,2011-09-28 11:26:00,72,6,1265.82,0,At Risk
13516,4,55,1685.26,27.63,1114,0,2010-10-18 08:52:00,2011-11-18 13:15:00,20,4,1685.26,0,At Risk
13517,5,125,2109.07,14.75,1369,9,2011-06-13 08:44:00,2011-10-11 11:43:00,59,5,2109.07,0,At Risk
13518,1,36,627.16,17.42,382,0,2011-09-15 10:29:00,2011-09-15 10:29:00,85,1,627.16,0,At Risk
13519,3,19,331.26,16.56,133,1,2010-09-23 11:45:00,2011-10-20 15:56:00,49,3,331.26,0,At Risk
13520,15,81,6377.25,30.96,3179,64,2009-12-17 11:11:00,2011-10-12 10:20:00,58,15,6377.25,0,At Risk
13521,3,313,1071.73,2.56,718,0,2011-11-29 15:09:00,2011-12-08 13:50:00,0,3,1071.73,0,At Risk
13522,1,5,125.80,25.16,44,0,2011-11-09 15:11:00,2011-11-09 15:11:00,29,1,125.80,0,At Risk
13523,7,177,4325.07,21.00,1989,7,2010-11-02 14:55:00,2011-11-06 15:11:00,32,7,4325.07,0,At Risk
13524,5,17,680.18,25.19,324,0,2011-05-04 12:26:00,2011-10-30 12:34:00,40,5,680.18,0,At Risk
13525,2,5,628.78,104.80,394,0,2011-04-05 15:36:00,2011-11-25 12:01:00,14,2,628.78,0,At Risk
13526,4,29,942.60,17.46,1911,264,2009-12-01 12:56:00,2009-12-01 13:14:00,737,4,942.60,0,At Risk
13527,14,267,4507.59,10.13,2736,20,2010-01-21 12:37:00,2011-11-06 12:04:00,33,14,4507.59,0,At Risk
13528,1,1,-40.00,-40.00,0,16,2010-01-26 16:59:00,2010-01-26 16:59:00,681,1,-40.00,0,At Risk
13529,2,15,307.76,20.52,74,0,2011-05-19 11:50:00,2011-09-22 09:15:00,78,2,307.76,0,At Risk
13530,1,18,402.98,22.39,272,0,2010-03-15 14:10:00,2010-03-15 14:10:00,633,1,402.98,0,At Risk
13531,6,44,1433.07,19.11,497,0,2009-12-03 15:20:00,2011-05-18 16:56:00,204,6,1433.07,0,At Risk
13532,1,66,210.31,3.19,129,0,2011-11-06 12:25:00,2011-11-06 12:25:00,33,1,210.31,0,At Risk
13533,3,61,269.09,3.59,202,0,2011-03-17 12:47:00,2011-06-10 11:54:00,182,3,269.09,0,At Risk
13534,60,164,7324.50,15.89,3869,161,2010-07-07 15:00:00,2011-12-07 14:52:00,1,60,7324.50,0,At Risk
13535,1,1,89.50,89.50,10,0,2010-11-02 11:49:00,2010-11-02 11:49:00,402,1,89.50,0,At Risk
13536,7,91,3444.39,19.35,2126,0,2011-09-25 13:30:00,2011-12-08 16:38:00,0,7,3444.39,0,At Risk
13537,2,38,717.85,17.09,337,0,2010-09-14 10:41:00,2010-10-10 12:45:00,425,2,717.85,0,At Risk
13538,12,105,3103.13,21.85,959,0,2010-02-02 12:47:00,2011-10-27 16:34:00,42,12,3103.13,0,At Risk
13539,9,70,1531.26,17.40,710,12,2010-04-28 12:04:00,2011-09-15 10:18:00,85,9,1531.26,0,At Risk
13540,3,26,632.39,19.76,189,0,2010-02-22 09:22:00,2010-08-29 14:20:00,466,3,632.39,0,At Risk
13541,3,10,717.90,59.83,279,13,2010-05-18 16:15:00,2010-10-12 15:58:00,422,3,717.90,0,At Risk
13542,18,98,3924.09,11.75,804,3,2009-12-10 19:53:00,2010-11-28 11:24:00,376,18,3924.09,0,At Risk
13543,2,37,1439.61,30.63,329,0,2010-01-21 14:30:00,2010-03-15 13:34:00,633,2,1439.61,0,At Risk
13544,7,219,781.70,3.27,331,1,2010-03-05 11:31:00,2011-10-31 11:57:00,39,7,781.70,0,At Risk
13545,3,56,337.64,6.03,252,7,2009-12-01 12:41:00,2010-11-14 11:27:00,390,3,337.64,0,At Risk
13546,5,95,1086.24,7.15,587,0,2010-10-11 17:23:00,2011-11-27 14:50:00,11,5,1086.24,0,At Risk
13547,1,44,167.08,3.80,79,0,2010-10-27 14:14:00,2010-10-27 14:14:00,407,1,167.08,0,At Risk
13548,3,169,901.44,4.90,558,0,2010-08-25 13:44:00,2011-09-04 14:50:00,95,3,901.44,0,At Risk
13549,9,44,1003.72,16.73,554,1,2010-11-17 12:17:00,2011-11-14 09:20:00,25,9,1003.72,0,At Risk
13550,1,40,342.55,8.16,430,0,2010-11-21 15:24:00,2010-11-21 15:24:00,382,1,342.55,0,At Risk
13551,2,5,244.20,48.84,36,0,2010-02-11 15:01:00,2011-01-24 14:46:00,318,2,244.20,0,At Risk
13552,32,162,6588.63,29.15,2630,68,2010-02-19 13:28:00,2011-10-04 15:19:00,65,32,6588.63,0,At Risk
13553,1,85,499.60,5.61,201,0,2010-02-03 12:21:00,2010-02-03 12:21:00,674,1,499.60,0,At Risk
13554,10,156,1547.46,7.48,578,15,2010-09-19 12:39:00,2010-11-24 15:05:00,379,10,1547.46,0,At Risk
13555,16,264,8798.99,21.83,4762,19,2010-01-19 13:20:00,2011-09-27 12:36:00,73,16,8798.99,0,At Risk
13556,2,8,200.82,22.31,134,0,2010-09-30 09:01:00,2010-10-06 16:44:00,428,2,200.82,0,At Risk
13557,16,126,2980.08,16.28,2398,38,2009-12-08 17:41:00,2011-11-11 15:24:00,27,16,2980.08,0,At Risk
13558,4,123,594.52,3.52,338,0,2011-10-02 13:01:00,2011-12-04 11:24:00,5,4,594.52,0,At Risk
13559,2,1,990.00,495.00,360,0,2010-06-14 11:52:00,2010-07-15 09:52:00,512,2,990.00,0,At Risk
13560,1,32,171.42,5.36,63,0,2011-12-02 13:11:00,2011-12-02 13:11:00,6,1,171.42,0,At Risk
13561,11,131,1803.40,7.88,1125,0,2010-02-28 13:42:00,2011-05-08 12:39:00,215,11,1803.40,0,At Risk
13562,8,88,4838.18,24.68,1603,0,2010-01-14 16:33:00,2011-09-19 10:51:00,81,8,4838.18,0,At Risk
13563,2,49,777.53,15.87,209,0,2011-07-22 17:21:00,2011-09-16 14:45:00,83,2,777.53,0,At Risk
13564,54,491,15036.14,12.06,8878,104,2009-12-02 11:55:00,2011-07-18 14:35:00,143,54,15036.14,0,At Risk
13565,3,45,414.80,6.91,260,0,2010-10-24 15:51:00,2011-11-20 14:33:00,18,3,414.80,0,At Risk
13566,5,263,1688.60,4.61,1257,0,2010-03-10 12:22:00,2011-10-30 11:59:00,40,5,1688.60,0,At Risk
13567,5,180,1074.19,5.32,643,2,2010-06-16 12:48:00,2010-10-07 12:51:00,427,5,1074.19,0,At Risk
13568,1,41,187.05,4.35,66,0,2011-06-19 14:42:00,2011-06-19 14:42:00,172,1,187.05,0,At Risk
13569,4,140,726.54,4.06,345,0,2010-10-07 13:05:00,2011-11-22 13:07:00,16,4,726.54,0,At Risk
13570,1,27,239.49,8.87,161,0,2011-04-10 13:36:00,2011-04-10 13:36:00,242,1,239.49,0,At Risk
13571,26,263,4537.26,6.74,3191,0,2009-12-08 13:02:00,2011-11-27 10:47:00,12,26,4537.26,0,At Risk
13572,1,32,1384.25,41.95,534,0,2011-05-18 11:59:00,2011-05-18 11:59:00,205,1,1384.25,0,At Risk
13573,6,73,904.52,10.40,647,0,2010-03-12 16:06:00,2011-10-20 14:33:00,49,6,904.52,0,At Risk
13574,1,84,404.45,4.44,304,0,2010-10-24 13:28:00,2010-10-24 13:28:00,410,1,404.45,0,At Risk
13575,5,41,732.07,15.91,449,0,2011-06-16 14:24:00,2011-11-16 13:14:00,22,5,732.07,0,At Risk
13576,32,146,11167.00,40.03,4506,13,2009-12-08 15:12:00,2011-11-29 15:34:00,9,32,11167.00,0,At Risk
13577,14,102,3346.62,19.23,1661,49,2009-12-14 16:10:00,2011-11-14 15:19:00,24,14,3346.62,0,At Risk
13578,1,9,147.66,16.41,127,0,2010-10-26 13:44:00,2010-10-26 13:44:00,408,1,147.66,0,At Risk
13579,6,72,1371.14,16.52,718,4,2010-02-18 13:53:00,2011-11-25 08:41:00,14,6,1371.14,0,At Risk
13580,1,5,107.75,21.55,45,0,2010-10-29 15:01:00,2010-10-29 15:01:00,405,1,107.75,0,At Risk
13581,2,32,280.53,8.50,119,0,2010-10-21 16:30:00,2011-02-03 14:41:00,308,2,280.53,0,At Risk
13582,2,10,241.68,21.97,106,0,2010-04-01 11:38:00,2010-11-15 11:34:00,389,2,241.68,0,At Risk
13583,2,93,1445.03,15.05,1097,0,2010-01-29 13:53:00,2011-07-07 10:40:00,155,2,1445.03,0,At Risk
13584,5,74,340.40,4.00,360,87,2010-02-02 08:40:00,2011-02-06 12:49:00,306,5,340.40,0,At Risk
13585,4,29,674.46,16.86,1386,48,2009-12-01 14:56:00,2010-06-27 12:33:00,530,4,674.46,0,At Risk
13586,1,20,127.28,6.36,38,0,2010-06-16 13:47:00,2010-06-16 13:47:00,540,1,127.28,0,At Risk
13587,6,27,1308.10,39.64,664,20,2010-02-14 13:17:00,2011-11-08 11:17:00,31,6,1308.10,0,At Risk
13588,13,132,2445.12,13.58,2606,33,2011-03-29 15:53:00,2011-11-24 10:42:00,15,13,2445.12,0,At Risk
13589,6,48,1120.74,21.55,293,0,2009-12-06 10:26:00,2011-11-25 12:10:00,14,6,1120.74,0,At Risk
13590,21,255,6284.74,15.29,5271,10,2009-12-01 13:37:00,2011-11-28 12:54:00,10,21,6284.74,0,At Risk
13591,8,89,2081.19,20.40,850,1,2009-12-14 15:44:00,2011-10-06 12:26:00,64,8,2081.19,0,At Risk
13592,4,15,247.96,15.50,84,0,2011-03-20 14:01:00,2011-11-04 09:49:00,35,4,247.96,0,At Risk
13593,16,212,5444.81,13.28,2170,28,2010-03-02 16:36:00,2011-08-23 13:35:00,107,16,5444.81,0,At Risk
13594,3,33,508.42,14.53,396,2,2010-01-07 13:25:00,2011-10-18 10:19:00,52,3,508.42,0,At Risk
13595,3,114,784.48,5.49,341,0,2010-03-03 14:42:00,2010-07-11 12:36:00,516,3,784.48,0,At Risk
13596,2,133,664.11,4.55,384,0,2011-11-27 11:57:00,2011-12-04 12:01:00,5,2,664.11,0,At Risk
13597,3,18,372.21,19.59,231,11,2010-11-02 09:30:00,2010-11-16 13:53:00,387,3,372.21,0,At Risk
13598,6,78,749.21,8.06,393,1,2010-02-26 11:22:00,2011-10-23 14:35:00,46,6,749.21,0,At Risk
13599,52,236,9433.75,22.25,6248,224,2009-12-01 12:30:00,2011-12-08 19:26:00,0,52,9433.75,0,At Risk
13600,2,35,518.42,12.64,599,0,2010-03-15 17:16:00,2011-01-31 15:27:00,311,2,518.42,0,At Risk
13601,4,160,1159.99,6.27,957,0,2010-06-11 15:03:00,2011-10-25 17:31:00,44,4,1159.99,0,At Risk
13602,4,49,1025.17,17.68,538,0,2010-05-28 11:49:00,2011-10-06 11:47:00,64,4,1025.17,0,At Risk
13603,1,27,164.34,6.09,164,0,2011-11-13 15:57:00,2011-11-13 15:57:00,25,1,164.34,0,At Risk
13604,2,21,713.39,31.02,242,3,2010-02-19 12:02:00,2010-02-25 18:38:00,651,2,713.39,0,At Risk
13605,2,50,522.67,9.86,425,0,2010-05-17 15:46:00,2010-11-17 17:16:00,386,2,522.67,0,At Risk
13606,3,40,276.75,6.92,276,0,2011-02-01 11:42:00,2011-11-10 17:46:00,28,3,276.75,0,At Risk
13607,3,110,1058.11,8.67,466,6,2010-11-02 11:48:00,2011-10-30 16:17:00,39,3,1058.11,0,At Risk
13608,1,31,232.05,6.83,110,0,2010-06-17 12:28:00,2010-06-17 12:28:00,540,1,232.05,0,At Risk
13609,1,7,167.35,23.91,19,0,2010-04-25 13:26:00,2010-04-25 13:26:00,592,1,167.35,0,At Risk
13610,17,309,2071.96,5.15,869,8,2010-01-05 14:12:00,2011-11-27 15:38:00,11,17,2071.96,0,At Risk
13611,14,170,3259.43,13.99,1988,13,2009-12-03 07:57:00,2011-09-11 14:51:00,88,14,3259.43,0,At Risk
13612,2,51,777.79,14.96,444,6,2010-03-17 12:14:00,2010-07-09 16:18:00,517,2,777.79,0,At Risk
13613,5,50,1039.85,17.62,445,0,2010-02-17 12:40:00,2010-09-13 12:01:00,452,5,1039.85,0,At Risk
13614,6,227,2332.74,8.84,821,0,2010-06-06 13:42:00,2011-11-15 14:47:00,23,6,2332.74,0,At Risk
13615,12,259,6212.23,16.52,2910,19,2010-01-28 15:43:00,2011-01-31 11:29:00,312,12,6212.23,0,At Risk
13616,2,31,283.85,8.11,172,0,2010-01-17 14:56:00,2010-05-20 12:59:00,567,2,283.85,0,At Risk
13617,9,48,1263.80,11.70,593,1,2010-08-01 15:23:00,2011-10-30 13:50:00,39,9,1263.80,0,At Risk
13618,1,13,177.34,13.64,246,0,2011-06-19 11:09:00,2011-06-19 11:09:00,173,1,177.34,0,At Risk
13619,2,39,224.94,5.00,79,0,2010-02-03 14:16:00,2010-06-13 11:39:00,544,2,224.94,0,At Risk
13620,1,5,112.34,22.47,74,0,2010-06-29 15:02:00,2010-06-29 15:02:00,527,1,112.34,0,At Risk
13621,1,19,213.85,11.26,343,0,2011-08-15 08:26:00,2011-08-15 08:26:00,116,1,213.85,0,At Risk
13622,2,32,651.45,19.16,379,2,2010-01-12 13:22:00,2010-01-20 10:30:00,688,2,651.45,0,At Risk
13623,15,214,2412.93,8.18,1010,14,2009-12-02 11:36:00,2011-11-09 12:00:00,30,15,2412.93,0,At Risk
13624,2,22,427.18,17.80,820,6,2010-11-16 13:43:00,2010-11-23 18:42:00,380,2,427.18,0,At Risk
13625,1,21,301.26,14.35,144,0,2010-04-22 10:50:00,2010-04-22 10:50:00,596,1,301.26,0,At Risk
13626,3,44,689.49,14.99,398,3,2010-11-25 16:12:00,2011-04-01 10:05:00,252,3,689.49,0,At Risk
13627,10,118,2217.55,16.80,1632,5,2010-03-09 14:03:00,2011-10-11 14:20:00,58,10,2217.55,0,At Risk
13628,1,16,310.14,19.38,106,0,2010-02-01 14:44:00,2010-02-01 14:44:00,675,1,310.14,0,At Risk
13629,19,28,13370.86,153.69,7722,0,2010-02-11 17:34:00,2011-11-16 13:21:00,22,19,13370.86,0,At Risk
13630,11,51,1995.68,24.95,1391,14,2011-02-27 12:49:00,2011-12-04 15:16:00,4,11,1995.68,0,At Risk
13631,12,6,3021.77,251.81,467,7,2011-03-17 17:13:00,2011-09-01 09:57:00,99,12,3021.77,0,At Risk
13632,10,166,3632.36,16.29,1633,3,2010-04-07 10:59:00,2011-11-15 10:51:00,24,10,3632.36,0,At Risk
13633,1,1,-306.66,-306.66,0,1,2010-04-15 15:27:00,2010-04-15 15:27:00,602,1,-306.66,0,At Risk
13634,17,269,4479.85,9.45,2090,156,2010-01-10 14:26:00,2011-11-06 13:40:00,32,17,4479.85,0,At Risk
13635,6,136,2948.22,17.65,1884,15,2009-12-01 09:46:00,2011-10-03 10:55:00,67,6,2948.22,0,At Risk
13636,6,57,941.62,14.71,592,6,2011-02-27 14:29:00,2011-11-03 10:30:00,36,6,941.62,0,At Risk
13637,3,79,804.30,8.12,405,0,2011-04-27 13:06:00,2011-10-18 13:32:00,51,3,804.30,0,At Risk
13638,1,8,122.64,15.33,93,0,2011-11-24 10:38:00,2011-11-24 10:38:00,15,1,122.64,0,At Risk
13639,2,49,1346.27,22.82,997,0,2010-09-29 10:05:00,2011-09-26 13:36:00,73,2,1346.27,0,At Risk
13640,1,4,405.00,101.25,108,0,2010-04-07 15:33:00,2010-04-07 15:33:00,610,1,405.00,0,At Risk
13641,7,41,921.82,18.44,1098,18,2009-12-05 13:17:00,2010-03-09 07:37:00,640,7,921.82,0,At Risk
13642,5,93,459.45,4.33,231,1,2010-10-03 12:23:00,2011-05-08 12:34:00,215,5,459.45,0,At Risk
13643,15,72,2112.17,19.74,902,8,2009-12-08 12:48:00,2011-11-08 15:37:00,30,15,2112.17,0,At Risk
13644,5,144,2597.52,17.55,2067,7,2011-08-26 11:53:00,2011-12-01 08:18:00,8,5,2597.52,0,At Risk
13645,1,5,252.10,50.42,158,0,2011-08-11 16:11:00,2011-08-11 16:11:00,119,1,252.10,0,At Risk
13646,3,58,323.30,5.48,79,1,2010-11-05 11:02:00,2010-11-05 12:13:00,399,3,323.30,0,At Risk
13647,9,98,3033.78,21.67,1795,1,2010-04-15 12:55:00,2011-11-30 12:00:00,9,9,3033.78,0,At Risk
13648,11,95,1679.01,14.86,960,32,2009-12-01 18:13:00,2010-11-04 14:46:00,399,11,1679.01,0,At Risk
13649,6,97,1453.68,13.46,782,0,2010-06-30 16:35:00,2011-03-28 11:51:00,256,6,1453.68,0,At Risk
13650,16,129,3098.50,16.84,1746,72,2010-01-26 08:44:00,2011-11-23 12:22:00,16,16,3098.50,0,At Risk
13651,4,14,208.95,13.93,62,2,2010-11-23 09:44:00,2011-11-04 14:59:00,34,4,208.95,0,At Risk
13652,5,116,2262.05,16.04,1458,0,2010-02-25 17:37:00,2011-10-25 08:51:00,45,5,2262.05,0,At Risk
13653,1,9,152.20,16.91,72,0,2010-08-09 08:19:00,2010-08-09 08:19:00,487,1,152.20,0,At Risk
13654,11,262,6308.00,19.17,4762,0,2009-12-02 11:43:00,2011-10-27 16:24:00,42,11,6308.00,0,At Risk
13655,8,104,2259.30,18.37,1225,13,2010-04-27 09:59:00,2011-08-17 14:25:00,113,8,2259.30,0,At Risk
13656,7,81,1053.35,11.70,862,3,2010-04-23 12:50:00,2011-06-28 10:31:00,164,7,1053.35,0,At Risk
13657,2,16,382.14,23.88,209,0,2011-05-22 12:35:00,2011-11-29 12:32:00,10,2,382.14,0,At Risk
13658,13,164,5772.07,23.56,2171,25,2010-02-05 13:17:00,2011-11-30 10:13:00,9,13,5772.07,0,At Risk
13659,17,226,4706.43,16.34,2527,35,2010-02-17 09:05:00,2011-05-26 19:56:00,196,17,4706.43,0,At Risk
13660,2,39,295.74,7.21,136,2,2010-11-04 16:10:00,2010-11-09 10:01:00,395,2,295.74,0,At Risk
13661,1,17,325.24,19.13,118,0,2010-04-15 14:58:00,2010-04-15 14:58:00,602,1,325.24,0,At Risk
13662,17,126,2166.63,14.74,1169,27,2010-02-19 13:21:00,2011-09-15 12:04:00,85,17,2166.63,0,At Risk
13663,6,87,2013.61,19.94,893,2,2010-03-03 10:11:00,2011-06-13 15:44:00,178,6,2013.61,0,At Risk
13664,1,1,-13.14,-13.14,0,1,2010-01-26 16:31:00,2010-01-26 16:31:00,681,1,-13.14,0,At Risk
13665,3,97,1711.66,16.15,1652,0,2010-07-23 13:29:00,2010-11-18 13:06:00,385,3,1711.66,0,At Risk
13666,5,19,127.90,6.73,54,0,2009-12-04 10:48:00,2011-10-10 15:39:00,59,5,127.90,0,At Risk
13667,1,82,299.05,3.60,149,0,2011-07-13 15:42:00,2011-07-13 15:42:00,148,1,299.05,0,At Risk
13668,47,411,12607.68,15.80,6096,151,2009-12-11 14:28:00,2011-12-07 12:14:00,2,47,12607.68,0,At Risk
13669,3,13,413.55,29.54,393,0,2010-10-28 15:05:00,2011-10-20 09:32:00,50,3,413.55,0,At Risk
13670,1,25,349.70,13.99,282,0,2011-09-25 15:25:00,2011-09-25 15:25:00,74,1,349.70,0,At Risk
13671,1,61,172.60,2.70,95,0,2010-11-10 10:50:00,2010-11-10 10:50:00,394,1,172.60,0,At Risk
13672,7,14,162.07,5.79,138,58,2009-12-09 11:40:00,2011-02-11 13:55:00,300,7,162.07,0,At Risk
13673,2,47,387.44,6.46,114,0,2011-11-07 15:40:00,2011-11-21 12:11:00,18,2,387.44,0,At Risk
13674,2,14,215.88,13.49,102,4,2010-10-03 10:41:00,2010-10-06 11:15:00,429,2,215.88,0,At Risk
13675,2,25,486.82,19.47,330,0,2011-02-28 12:14:00,2011-07-11 12:57:00,150,2,486.82,0,At Risk
13676,3,13,153.15,10.21,104,45,2010-03-30 16:53:00,2010-06-18 17:30:00,538,3,153.15,0,At Risk
13677,2,98,551.24,5.20,217,0,2010-07-07 17:25:00,2010-10-31 11:32:00,404,2,551.24,0,At Risk
13678,1,16,232.60,14.54,924,0,2011-07-11 10:14:00,2011-07-11 10:14:00,151,1,232.60,0,At Risk
13679,3,44,281.26,5.63,102,0,2009-12-04 16:52:00,2010-08-03 12:13:00,493,3,281.26,0,At Risk
13680,13,354,9899.56,14.84,5244,669,2009-12-04 14:14:00,2011-12-08 13:47:00,0,13,9899.56,0,At Risk
13681,4,37,827.83,14.52,360,0,2011-07-07 15:21:00,2011-11-22 11:13:00,17,4,827.83,0,At Risk
13682,1,3,59.50,19.83,10,0,2011-06-05 14:06:00,2011-06-05 14:06:00,186,1,59.50,0,At Risk
13683,1,10,258.60,25.86,180,0,2010-09-08 10:00:00,2010-09-08 10:00:00,457,1,258.60,0,At Risk
13684,6,81,544.42,4.86,234,12,2010-03-28 14:48:00,2011-02-27 10:25:00,285,6,544.42,0,At Risk
13685,7,29,3119.44,79.99,5056,0,2011-10-10 12:59:00,2011-12-07 11:41:00,2,7,3119.44,0,At Risk
13686,3,27,409.04,12.03,378,0,2010-11-03 13:44:00,2011-06-10 09:10:00,182,3,409.04,0,At Risk
13687,1,45,11880.84,264.02,87167,0,2010-09-27 16:30:00,2010-09-27 16:30:00,437,1,11880.84,0,At Risk
13688,1,5,375.50,75.10,130,0,2010-03-14 14:11:00,2010-03-14 14:11:00,634,1,375.50,0,At Risk
13689,2,6,1259.50,139.94,722,0,2010-09-21 10:27:00,2011-10-07 13:21:00,62,2,1259.50,0,At Risk
13690,1,9,172.25,19.14,67,0,2011-10-11 15:03:00,2011-10-11 15:03:00,58,1,172.25,0,At Risk
13691,1,54,212.78,3.94,145,0,2010-11-08 17:34:00,2010-11-08 17:34:00,395,1,212.78,0,At Risk
13692,8,84,3016.45,30.47,2101,12,2010-10-15 13:28:00,2011-11-15 11:17:00,24,8,3016.45,0,At Risk
13693,13,80,1948.32,17.40,880,9,2009-12-07 11:29:00,2011-01-18 15:23:00,324,13,1948.32,0,At Risk
13694,164,902,190020.84,122.52,188201,3667,2009-12-04 15:26:00,2011-12-06 09:32:00,3,164,190020.84,1,Potential Loyal
13695,16,47,2770.73,28.86,1791,0,2010-05-11 11:07:00,2011-11-08 14:26:00,30,16,2770.73,0,At Risk
13696,4,25,2008.70,80.35,552,6,2010-01-13 12:08:00,2010-10-14 09:44:00,421,4,2008.70,0,At Risk
13697,1,12,151.30,12.61,177,0,2011-11-01 09:14:00,2011-11-01 09:14:00,38,1,151.30,0,At Risk
13698,2,31,451.73,11.89,227,0,2010-01-27 09:02:00,2010-04-22 11:52:00,596,2,451.73,0,At Risk
13699,3,33,711.40,17.79,219,5,2010-06-07 13:03:00,2011-07-07 16:51:00,154,3,711.40,0,At Risk
13700,14,163,2569.72,10.53,2786,11,2010-02-07 10:53:00,2011-11-13 13:00:00,25,14,2569.72,0,At Risk
13701,2,9,159.55,15.96,80,1,2010-09-19 12:39:00,2010-09-28 18:34:00,436,2,159.55,0,At Risk
13702,1,5,135.18,27.04,74,0,2010-09-20 11:40:00,2010-09-20 11:40:00,445,1,135.18,0,At Risk
13703,3,36,99.50,1.36,128,118,2010-10-20 13:11:00,2011-01-25 13:10:00,317,3,99.50,0,At Risk
13704,10,111,2295.31,17.00,1531,3,2011-09-12 14:40:00,2011-12-04 15:13:00,4,10,2295.31,0,At Risk
13705,7,55,1717.19,23.21,906,0,2010-03-25 17:19:00,2011-12-02 12:32:00,7,7,1717.19,0,At Risk
13706,2,38,631.17,16.61,301,0,2010-03-23 09:18:00,2011-02-10 09:21:00,302,2,631.17,0,At Risk
13707,5,142,3365.86,21.72,2210,0,2010-06-21 11:57:00,2011-03-17 18:03:00,266,5,3365.86,0,At Risk
13708,1,49,285.33,5.82,301,0,2011-03-13 13:46:00,2011-03-13 13:46:00,270,1,285.33,0,At Risk
13709,22,296,7492.41,17.97,4122,15,2010-01-11 10:40:00,2011-12-06 10:28:00,3,22,7492.41,0,At Risk
13710,3,13,509.52,33.97,336,0,2010-04-06 12:54:00,2011-11-08 08:16:00,31,3,509.52,0,At Risk
13711,15,81,1632.61,15.85,819,23,2009-12-01 14:01:00,2011-05-05 10:31:00,218,15,1632.61,0,At Risk
13712,2,32,766.42,23.22,1128,0,2010-04-08 11:16:00,2011-04-07 12:33:00,246,2,766.42,0,At Risk
13713,3,70,740.76,9.26,284,0,2010-05-05 16:48:00,2010-10-27 16:18:00,407,3,740.76,0,At Risk
13714,1,30,161.35,5.38,50,0,2010-08-31 13:57:00,2010-08-31 13:57:00,464,1,161.35,0,At Risk
13715,21,277,8108.09,15.65,4800,15,2010-03-11 15:33:00,2011-03-03 19:21:00,280,21,8108.09,0,At Risk
13716,1,21,138.28,6.58,138,0,2011-03-15 13:49:00,2011-03-15 13:49:00,268,1,138.28,0,At Risk
13717,11,110,1748.05,13.76,2144,3,2010-08-11 09:40:00,2011-11-07 14:13:00,31,11,1748.05,0,At Risk
13718,2,9,306.55,25.55,173,0,2011-02-17 11:58:00,2011-04-07 13:24:00,245,2,306.55,0,At Risk
13719,11,194,2783.08,11.22,1588,0,2010-05-17 14:36:00,2011-11-24 15:26:00,14,11,2783.08,0,At Risk
13720,4,42,799.90,18.60,501,0,2011-03-30 09:17:00,2011-08-15 12:46:00,116,4,799.90,0,At Risk
13721,2,41,741.54,17.66,512,0,2010-11-09 17:59:00,2011-11-03 14:05:00,35,2,741.54,0,At Risk
13722,11,137,5629.16,29.63,3059,1,2010-03-03 14:13:00,2011-08-11 15:26:00,119,11,5629.16,0,At Risk
13723,6,51,1194.08,20.59,593,0,2010-04-07 14:32:00,2011-05-06 17:04:00,216,6,1194.08,0,At Risk
13724,1,39,213.01,5.07,130,0,2010-03-12 15:28:00,2010-03-12 15:28:00,636,1,213.01,0,At Risk
13725,11,97,1809.81,15.34,806,147,2011-02-04 12:18:00,2011-10-21 10:03:00,49,11,1809.81,0,At Risk
13726,2,39,1079.66,25.71,1054,0,2011-08-31 11:06:00,2011-11-01 10:49:00,38,2,1079.66,0,At Risk
13727,9,74,1061.40,12.64,368,3,2009-12-09 13:25:00,2011-11-11 09:46:00,28,9,1061.40,0,At Risk
13728,16,75,2855.17,17.41,1269,0,2009-12-09 17:13:00,2011-11-03 10:49:00,36,16,2855.17,0,At Risk
13729,5,36,676.43,15.37,419,14,2010-01-24 14:57:00,2010-09-30 10:44:00,435,5,676.43,0,At Risk
13730,2,38,752.60,17.50,488,0,2011-07-01 12:47:00,2011-07-27 08:35:00,135,2,752.60,0,At Risk
13731,2,36,610.59,16.07,278,0,2011-04-07 10:10:00,2011-05-04 14:33:00,218,2,610.59,0,At Risk
13732,1,33,491.86,14.90,498,0,2011-11-11 15:49:00,2011-11-11 15:49:00,27,1,491.86,0,At Risk
13733,3,28,484.53,16.15,335,2,2009-12-04 15:28:00,2010-10-25 12:18:00,410,3,484.53,0,At Risk
13734,6,24,3445.34,118.80,302,93,2010-04-16 08:42:00,2010-07-19 12:04:00,508,6,3445.34,0,At Risk
13735,22,362,9422.36,13.98,4135,88,2009-12-13 13:31:00,2011-11-15 11:14:00,24,22,9422.36,0,At Risk
13736,12,327,2701.27,4.78,1549,12,2009-12-06 12:07:00,2011-12-04 15:19:00,4,12,2701.27,0,At Risk
13737,1,29,339.60,11.32,125,0,2011-05-23 16:32:00,2011-05-23 16:32:00,199,1,339.60,0,At Risk
13738,1,88,434.78,4.89,237,0,2010-11-08 15:23:00,2010-11-08 15:23:00,395,1,434.78,0,At Risk
13739,2,6,292.20,48.70,76,0,2010-06-30 10:25:00,2011-11-21 13:35:00,17,2,292.20,0,At Risk
13740,5,83,1582.77,16.84,987,0,2009-12-02 12:22:00,2011-04-13 10:32:00,240,5,1582.77,0,At Risk
13741,4,34,666.33,19.04,218,1,2011-05-06 13:43:00,2011-09-29 09:19:00,71,4,666.33,0,At Risk
13742,14,200,3079.27,9.78,1115,8,2011-01-23 14:59:00,2011-11-23 11:07:00,16,14,3079.27,0,At Risk
13743,8,8,1340.15,31.91,1776,1,2011-03-25 14:46:00,2011-12-07 10:09:00,2,8,1340.15,0,At Risk
13744,2,54,1080.52,17.15,1153,0,2011-02-20 14:08:00,2011-09-05 15:19:00,94,2,1080.52,0,At Risk
13745,4,46,761.27,12.90,1146,25,2010-06-11 17:19:00,2011-07-11 14:21:00,150,4,761.27,0,At Risk
13746,1,9,176.69,19.63,83,0,2010-10-22 11:55:00,2010-10-22 11:55:00,413,1,176.69,0,At Risk
13747,2,4,169.80,33.96,60,0,2010-10-11 09:15:00,2010-12-01 10:37:00,373,2,169.80,0,At Risk
13748,9,40,2064.35,35.59,1028,0,2009-12-01 16:44:00,2011-09-05 09:45:00,95,9,2064.35,0,At Risk
13749,1,2,-10.25,-5.13,0,7,2010-01-07 16:52:00,2010-01-07 16:52:00,700,1,-10.25,0,At Risk
13750,13,51,3563.60,46.28,1370,10,2010-04-01 14:49:00,2011-10-17 12:16:00,53,13,3563.60,0,At Risk
13751,1,9,296.25,32.92,152,0,2011-02-24 15:56:00,2011-02-24 15:56:00,287,1,296.25,0,At Risk
13752,7,75,1579.83,16.81,1005,0,2010-06-30 10:23:00,2011-08-07 14:16:00,123,7,1579.83,0,At Risk
13753,4,64,2094.57,26.18,1450,0,2009-12-03 10:20:00,2011-02-25 12:48:00,287,4,2094.57,0,At Risk
13754,3,16,447.05,21.29,315,0,2010-09-28 15:29:00,2011-07-11 11:51:00,151,3,447.05,0,At Risk
13755,10,232,2101.39,6.53,1242,23,2011-10-07 15:45:00,2011-12-06 12:26:00,3,10,2101.39,0,At Risk
13756,25,142,8595.65,24.91,5138,26,2009-12-15 15:18:00,2011-12-07 16:44:00,1,25,8595.65,0,At Risk
13757,1,8,195.55,24.44,54,0,2010-02-03 12:37:00,2010-02-03 12:37:00,674,1,195.55,0,At Risk
13758,19,215,8544.29,29.36,4667,9,2009-12-01 10:06:00,2011-11-28 11:11:00,11,19,8544.29,0,At Risk
13759,2,24,659.41,26.38,287,0,2011-09-29 15:40:00,2011-11-06 14:47:00,32,2,659.41,0,At Risk
13760,6,95,1358.64,11.32,623,4,2010-04-25 13:10:00,2011-10-16 16:13:00,53,6,1358.64,0,At Risk
13761,6,118,1952.17,16.00,1079,0,2010-02-21 11:08:00,2011-10-20 14:01:00,49,6,1952.17,0,At Risk
13762,6,23,2165.76,51.57,2608,272,2010-01-10 12:13:00,2011-05-19 15:23:00,203,6,2165.76,0,At Risk
13763,6,50,5181.99,97.77,3224,4,2010-09-30 17:39:00,2011-10-07 15:13:00,62,6,5181.99,0,At Risk
13764,6,295,2919.62,7.89,2084,0,2010-03-07 12:56:00,2011-09-30 12:03:00,70,6,2919.62,0,At Risk
13765,1,17,352.82,20.75,297,0,2010-02-24 13:46:00,2010-02-24 13:46:00,652,1,352.82,0,At Risk
13766,1,16,190.35,11.20,137,0,2010-08-01 14:25:00,2010-08-01 14:25:00,494,1,190.35,0,At Risk
13767,96,119,33480.82,41.39,14595,95,2009-12-01 10:52:00,2011-12-07 15:00:00,1,96,33480.82,0,At Risk
13768,8,37,758.07,17.63,373,16,2009-12-01 12:33:00,2010-05-25 10:19:00,563,8,758.07,0,At Risk
13769,29,121,5444.33,18.97,2452,16,2009-12-16 11:59:00,2011-12-07 15:08:00,1,29,5444.33,0,At Risk
13770,4,48,785.37,16.36,468,0,2009-12-09 14:44:00,2010-10-13 15:10:00,421,4,785.37,0,At Risk
13771,10,182,5726.07,26.39,3140,1,2010-02-25 12:37:00,2011-10-06 14:18:00,63,10,5726.07,0,At Risk
13772,9,394,3080.52,5.41,1446,22,2010-02-23 13:55:00,2011-11-06 11:43:00,33,9,3080.52,0,At Risk
13773,2,19,301.54,15.87,174,0,2010-02-18 10:27:00,2010-11-08 11:49:00,396,2,301.54,0,At Risk
13774,1,22,345.00,15.68,192,0,2011-09-19 12:06:00,2011-09-19 12:06:00,81,1,345.00,0,At Risk
13775,1,63,1049.66,16.66,455,0,2010-04-28 12:15:00,2010-04-28 12:15:00,590,1,1049.66,0,At Risk
13776,8,3,-340.17,-42.52,2,6,2010-01-26 16:51:00,2010-10-07 16:59:00,427,8,-340.17,0,At Risk
13777,73,51,49218.41,123.66,23190,156,2009-12-02 09:47:00,2011-12-09 12:25:00,0,73,49218.41,0,At Risk
13778,5,34,1116.54,24.81,511,1,2010-05-23 13:34:00,2011-08-28 15:25:00,102,5,1116.54,0,At Risk
13779,1,27,161.13,5.97,53,0,2010-07-12 11:24:00,2010-07-12 11:24:00,515,1,161.13,0,At Risk
13780,3,90,732.07,7.47,479,0,2010-10-28 19:51:00,2011-12-02 13:49:00,6,3,732.07,0,At Risk
13781,4,56,770.88,13.29,300,1,2009-12-18 15:46:00,2011-04-03 12:08:00,250,4,770.88,0,At Risk
13782,14,187,1778.13,7.44,643,1,2009-12-06 12:52:00,2011-11-27 11:54:00,12,14,1778.13,0,At Risk
13783,4,4,1542.09,154.21,3437,0,2010-02-04 13:47:00,2010-08-09 09:23:00,487,4,1542.09,0,At Risk
13784,15,13,2897.18,64.38,2827,5,2010-09-15 12:27:00,2011-11-30 09:33:00,9,15,2897.18,0,At Risk
13785,4,26,542.49,18.08,151,0,2010-09-05 16:01:00,2010-10-07 09:25:00,428,4,542.49,0,At Risk
13786,8,81,2505.46,21.23,1515,13,2009-12-03 15:32:00,2010-12-07 13:53:00,366,8,2505.46,0,At Risk
13787,9,71,1173.70,12.49,998,11,2010-01-14 10:13:00,2011-09-25 12:06:00,75,9,1173.70,0,At Risk
13788,1,1,3.75,3.75,1,0,2010-07-22 15:50:00,2010-07-22 15:50:00,504,1,3.75,0,At Risk
13789,1,18,239.46,13.30,258,0,2010-11-16 15:31:00,2010-11-16 15:31:00,387,1,239.46,0,At Risk
13790,1,45,348.80,7.75,748,0,2011-12-05 15:48:00,2011-12-05 15:48:00,3,1,348.80,0,At Risk
13791,3,7,1047.68,61.63,1200,372,2011-06-24 16:38:00,2011-10-27 14:38:00,42,3,1047.68,0,At Risk
13792,3,23,383.95,16.69,156,0,2010-10-13 11:05:00,2011-10-04 14:31:00,65,3,383.95,0,At Risk
13793,1,7,96.00,13.71,52,0,2010-03-03 08:25:00,2010-03-03 08:25:00,646,1,96.00,0,At Risk
13794,1,9,126.03,14.00,63,0,2010-06-11 12:30:00,2010-06-11 12:30:00,546,1,126.03,0,At Risk
13795,4,23,836.30,28.84,1250,0,2010-03-12 12:44:00,2010-11-16 17:25:00,387,4,836.30,0,At Risk
13796,1,22,289.70,13.17,218,0,2010-07-28 14:45:00,2010-07-28 14:45:00,498,1,289.70,0,At Risk
13797,4,71,1168.45,14.61,573,3,2010-03-02 12:17:00,2010-09-29 10:34:00,436,4,1168.45,0,At Risk
13798,125,173,73166.92,80.23,48187,936,2009-12-08 16:21:00,2011-12-08 15:51:00,0,125,73166.92,1,Potential Loyal
13799,13,65,2039.82,17.58,1539,181,2010-03-05 16:39:00,2011-08-15 12:07:00,116,13,2039.82,0,At Risk
13800,3,73,1679.56,23.01,891,0,2009-12-03 10:03:00,2011-02-03 12:27:00,309,3,1679.56,0,At Risk
13801,1,23,324.80,14.12,168,0,2011-10-04 10:15:00,2011-10-04 10:15:00,66,1,324.80,0,At Risk
13802,24,212,25491.56,55.78,14129,299,2010-02-16 10:11:00,2011-07-24 13:26:00,137,24,25491.56,0,At Risk
13803,4,73,1319.11,16.70,831,12,2010-03-31 10:00:00,2011-03-29 12:57:00,254,4,1319.11,0,At Risk
13804,9,149,3161.12,18.93,1797,0,2010-09-29 10:26:00,2011-11-09 12:32:00,30,9,3161.12,0,At Risk
13805,2,10,924.60,71.12,1900,0,2011-08-02 15:29:00,2011-10-18 14:50:00,51,2,924.60,0,At Risk
13806,1,10,256.38,25.64,56,0,2011-10-07 11:43:00,2011-10-07 11:43:00,63,1,256.38,0,At Risk
13807,4,25,397.30,14.71,116,2,2009-12-04 12:41:00,2010-12-07 15:48:00,366,4,397.30,0,At Risk
13808,5,70,1747.66,23.00,782,0,2011-09-04 12:07:00,2011-12-04 12:18:00,5,5,1747.66,0,At Risk
13809,3,23,679.70,27.19,281,0,2010-09-05 11:42:00,2011-02-07 13:15:00,304,3,679.70,0,At Risk
13810,4,32,899.51,24.99,312,1,2011-10-14 12:57:00,2011-11-11 08:33:00,28,4,899.51,0,At Risk
13811,4,7,591.75,42.27,68,1,2011-04-14 18:40:00,2011-06-09 09:54:00,183,4,591.75,0,At Risk
13812,3,33,539.00,14.97,333,0,2011-08-26 12:54:00,2011-10-28 14:27:00,41,3,539.00,0,At Risk
13813,12,84,2686.42,17.56,1292,16,2009-12-06 10:16:00,2011-10-31 10:38:00,39,12,2686.42,0,At Risk
13814,5,56,2239.07,27.64,1214,3,2010-06-30 14:12:00,2011-10-14 16:57:00,55,5,2239.07,0,At Risk
13815,10,203,7285.79,20.18,5381,23,2010-02-12 10:26:00,2011-11-17 14:19:00,21,10,7285.79,0,At Risk
13816,4,27,555.04,16.82,269,9,2011-10-06 14:37:00,2011-11-16 08:38:00,23,4,555.04,0,At Risk
13817,2,20,382.98,15.96,211,0,2010-12-23 11:46:00,2011-11-10 17:49:00,28,2,382.98,0,At Risk
13818,1,5,61.28,12.26,60,0,2010-10-06 12:35:00,2010-10-06 12:35:00,429,1,61.28,0,At Risk
13819,7,47,2631.10,25.30,2309,7,2009-12-01 16:18:00,2011-02-11 10:38:00,301,7,2631.10,0,At Risk
13820,5,68,632.50,6.88,285,3,2010-01-28 12:05:00,2010-10-17 13:46:00,417,5,632.50,0,At Risk
13821,7,158,1355.38,6.61,477,6,2010-01-04 13:36:00,2011-07-18 09:49:00,144,7,1355.38,0,At Risk
13822,2,90,632.00,6.58,611,0,2011-10-30 15:55:00,2011-12-04 12:13:00,5,2,632.00,0,At Risk
13823,8,108,3358.55,20.23,1564,4,2009-12-15 14:34:00,2011-11-21 10:22:00,18,8,3358.55,0,At Risk
13824,14,59,3273.36,31.47,1442,8,2010-03-12 15:17:00,2011-11-07 12:41:00,32,14,3273.36,0,At Risk
13825,2,38,255.59,6.39,182,0,2009-12-09 14:30:00,2010-03-28 11:02:00,621,2,255.59,0,At Risk
13826,2,11,174.65,14.55,82,2,2011-06-16 13:48:00,2011-07-04 16:27:00,157,2,174.65,0,At Risk
13827,3,83,409.80,4.45,138,0,2011-07-19 15:38:00,2011-10-13 12:38:00,57,3,409.80,0,At Risk
13828,1,15,209.49,13.97,311,0,2011-11-17 16:02:00,2011-11-17 16:02:00,21,1,209.49,0,At Risk
13829,2,1,0.00,0.00,12,12,2010-10-14 18:19:00,2010-12-15 16:36:00,358,2,0.00,0,At Risk
13830,2,11,135.95,10.46,47,2,2010-05-07 12:24:00,2010-05-14 13:16:00,573,2,135.95,0,At Risk
13831,20,121,6571.14,35.33,2393,4,2009-12-10 14:50:00,2011-11-23 15:41:00,15,20,6571.14,0,At Risk
13832,3,54,598.64,10.69,420,3,2010-10-13 14:41:00,2011-11-22 12:31:00,17,3,598.64,0,At Risk
13833,2,43,700.41,15.92,243,0,2010-10-31 14:11:00,2011-07-03 13:27:00,158,2,700.41,0,At Risk
13834,3,20,247.89,11.80,221,7,2009-12-17 17:47:00,2010-05-12 10:27:00,576,3,247.89,0,At Risk
13835,8,60,1044.82,14.31,520,7,2010-03-04 08:26:00,2011-11-14 15:37:00,24,8,1044.82,0,At Risk
13836,3,29,602.52,18.26,273,3,2010-10-21 13:27:00,2010-11-05 13:31:00,398,3,602.52,0,At Risk
13837,2,17,266.59,14.81,182,0,2011-01-26 12:15:00,2011-05-12 12:10:00,211,2,266.59,0,At Risk
13838,10,328,1690.07,4.19,694,0,2010-05-09 11:40:00,2011-12-04 11:00:00,5,10,1690.07,0,At Risk
13839,1,7,139.95,19.99,25,0,2010-08-10 13:52:00,2010-08-10 13:52:00,485,1,139.95,0,At Risk
13840,1,40,651.40,16.29,358,0,2010-10-19 13:34:00,2010-10-19 13:34:00,415,1,651.40,0,At Risk
13841,1,1,85.00,85.00,100,0,2011-04-01 12:10:00,2011-04-01 12:10:00,252,1,85.00,0,At Risk
13842,19,214,5294.39,15.66,2716,7,2010-02-16 15:54:00,2011-10-12 10:51:00,58,19,5294.39,0,At Risk
13843,1,18,319.75,17.76,145,0,2010-11-23 17:48:00,2010-11-23 17:48:00,380,1,319.75,0,At Risk
13844,1,20,361.62,18.08,196,0,2011-11-28 13:21:00,2011-11-28 13:21:00,10,1,361.62,0,At Risk
13845,1,9,312.98,34.78,182,0,2011-10-06 08:25:00,2011-10-06 08:25:00,64,1,312.98,0,At Risk
13846,5,81,1290.34,15.36,705,5,2010-11-05 09:47:00,2011-11-15 12:07:00,24,5,1290.34,0,At Risk
13847,1,19,310.72,16.35,96,0,2009-12-20 10:41:00,2009-12-20 10:41:00,719,1,310.72,0,At Risk
13848,8,3,3015.00,301.50,9200,0,2009-12-09 16:17:00,2011-09-08 12:58:00,91,8,3015.00,0,At Risk
13849,6,189,3443.80,15.58,1883,2,2010-03-25 12:03:00,2011-10-19 10:59:00,51,6,3443.80,0,At Risk
13850,2,93,1586.81,16.88,944,3,2011-08-02 14:04:00,2011-09-12 18:00:00,87,2,1586.81,0,At Risk
13851,9,111,4516.76,32.03,2525,6,2010-01-29 11:54:00,2011-09-05 12:36:00,95,9,4516.76,0,At Risk
13852,2,11,170.45,13.11,85,6,2010-04-08 09:06:00,2010-04-12 08:16:00,606,2,170.45,0,At Risk
13853,2,23,1056.94,44.04,312,8,2011-10-13 14:18:00,2011-12-01 08:12:00,8,2,1056.94,0,At Risk
13854,45,61,11848.81,64.40,3642,21,2010-01-08 11:28:00,2011-12-01 09:06:00,8,45,11848.81,0,At Risk
13855,5,65,1253.94,16.28,575,14,2009-12-08 16:56:00,2010-07-27 09:53:00,500,5,1253.94,0,At Risk
13856,15,33,1058.88,17.08,1105,19,2010-03-30 15:40:00,2011-06-24 10:03:00,168,15,1058.88,0,At Risk
13857,7,99,997.11,7.73,782,2,2010-05-17 14:21:00,2010-11-11 12:54:00,392,7,997.11,0,At Risk
13858,1,11,216.17,19.65,75,0,2011-10-13 16:17:00,2011-10-13 16:17:00,56,1,216.17,0,At Risk
13859,2,34,515.86,14.33,167,0,2010-06-28 15:36:00,2011-01-17 16:14:00,325,2,515.86,0,At Risk
13860,6,58,1240.00,16.10,591,2,2011-09-14 09:27:00,2011-12-08 12:57:00,0,6,1240.00,0,At Risk
13861,3,21,251.31,10.93,225,5,2010-06-27 11:37:00,2010-10-06 14:20:00,428,3,251.31,0,At Risk
13862,11,113,2534.04,15.55,1927,6,2010-11-15 13:43:00,2011-11-21 16:24:00,17,11,2534.04,0,At Risk
13863,6,59,1217.63,16.45,553,7,2010-04-25 13:09:00,2011-04-08 17:03:00,244,6,1217.63,0,At Risk
13864,1,1,662.40,662.40,192,0,2010-11-18 12:50:00,2010-11-18 12:50:00,386,1,662.40,0,At Risk
13865,4,26,501.56,16.72,204,0,2011-02-23 12:04:00,2011-10-12 13:31:00,57,4,501.56,0,At Risk
13866,1,7,145.67,20.81,57,0,2011-09-26 14:54:00,2011-09-26 14:54:00,73,1,145.67,0,At Risk
13867,3,51,1005.09,16.75,501,0,2011-05-05 17:28:00,2011-11-08 15:48:00,30,3,1005.09,0,At Risk
13868,2,32,3192.54,96.74,1964,0,2011-11-01 12:45:00,2011-12-02 16:32:00,6,2,3192.54,0,At Risk
13869,10,502,7996.87,9.54,4302,0,2010-01-17 14:53:00,2011-08-08 13:53:00,122,10,7996.87,0,At Risk
13870,18,159,5689.84,23.22,3449,6,2010-02-08 12:08:00,2011-12-07 13:23:00,1,18,5689.84,0,At Risk
13871,21,183,7804.95,19.08,3502,40,2009-12-20 13:09:00,2011-11-17 10:49:00,22,21,7804.95,0,At Risk
13872,6,52,891.32,14.61,339,7,2009-12-08 19:06:00,2010-07-14 15:39:00,512,6,891.32,0,At Risk
13873,9,55,1031.02,16.90,472,2,2010-03-03 12:31:00,2011-08-12 10:08:00,119,9,1031.02,0,At Risk
13874,10,47,1989.20,27.25,864,13,2009-12-11 13:23:00,2010-12-16 18:20:00,357,10,1989.20,0,At Risk
13875,14,159,4814.37,17.83,3072,0,2009-12-17 10:30:00,2011-10-17 09:36:00,53,14,4814.37,0,At Risk
13876,1,7,122.70,17.53,36,0,2011-10-07 10:22:00,2011-10-07 10:22:00,63,1,122.70,0,At Risk
13877,5,23,446.33,17.85,478,3,2010-01-19 10:53:00,2011-09-14 15:49:00,85,5,446.33,0,At Risk
13878,4,93,2416.90,23.70,927,0,2010-04-14 13:50:00,2011-10-16 12:19:00,54,4,2416.90,0,At Risk
13879,1,25,395.50,15.82,204,0,2010-03-04 10:49:00,2010-03-04 10:49:00,645,1,395.50,0,At Risk
13880,17,148,4293.86,19.25,2535,0,2010-05-26 14:29:00,2011-11-18 13:44:00,20,17,4293.86,0,At Risk
13881,51,182,44392.50,95.06,29760,314,2010-03-04 14:41:00,2011-12-06 12:50:00,3,51,44392.50,0,At Risk
13882,6,54,1131.28,17.14,953,3,2011-10-06 15:28:00,2011-12-07 11:16:00,2,6,1131.28,0,At Risk
13883,26,202,6342.74,18.88,3584,91,2009-12-08 17:26:00,2011-12-08 19:20:00,0,26,6342.74,0,At Risk
13884,14,108,1788.93,9.62,752,7,2010-08-26 19:57:00,2011-12-02 16:30:00,6,14,1788.93,0,At Risk
13885,2,28,506.80,18.10,182,0,2011-05-23 08:52:00,2011-06-03 15:07:00,188,2,506.80,0,At Risk
13886,1,16,243.56,15.22,126,0,2011-09-29 13:17:00,2011-09-29 13:17:00,70,1,243.56,0,At Risk
13887,1,19,349.55,18.40,147,0,2011-05-19 17:22:00,2011-05-19 17:22:00,203,1,349.55,0,At Risk
13888,7,124,2001.59,11.71,795,0,2010-05-13 11:57:00,2011-08-12 10:13:00,119,7,2001.59,0,At Risk
13889,8,59,1855.73,20.62,979,32,2010-01-22 14:32:00,2011-09-08 09:13:00,92,8,1855.73,0,At Risk
13890,22,101,2858.73,15.62,1392,27,2009-12-06 15:15:00,2011-12-08 15:36:00,0,22,2858.73,0,At Risk
13891,3,97,859.21,8.68,476,0,2010-05-06 16:02:00,2010-11-26 15:57:00,377,3,859.21,0,At Risk
13892,6,33,1267.65,35.21,3125,0,2010-05-13 10:32:00,2011-11-13 11:50:00,26,6,1267.65,0,At Risk
13893,1,21,821.10,39.10,190,0,2011-02-15 11:30:00,2011-02-15 11:30:00,297,1,821.10,0,At Risk
13894,5,25,535.97,17.87,354,15,2011-02-02 12:54:00,2011-11-17 13:35:00,21,5,535.97,0,At Risk
13895,8,154,3923.62,20.87,2060,2,2009-12-03 13:09:00,2011-11-18 17:15:00,20,8,3923.62,0,At Risk
13896,1,21,388.55,18.50,149,0,2010-03-24 08:55:00,2010-03-24 08:55:00,625,1,388.55,0,At Risk
13897,3,58,1160.72,19.67,820,0,2010-01-31 13:48:00,2011-10-20 14:30:00,49,3,1160.72,0,At Risk
13898,2,43,686.40,14.92,544,0,2010-10-24 15:42:00,2011-01-18 10:28:00,325,2,686.40,0,At Risk
13899,2,19,388.52,20.45,156,0,2011-03-10 09:30:00,2011-11-23 13:40:00,15,2,388.52,0,At Risk
13900,7,80,1608.09,16.75,938,2,2010-03-25 13:46:00,2011-06-09 19:26:00,182,7,1608.09,0,At Risk
13901,20,280,5599.34,17.61,3344,18,2010-01-05 09:29:00,2011-09-28 14:48:00,71,20,5599.34,0,At Risk
13902,8,60,30411.26,453.90,220600,2510,2009-12-08 17:13:00,2010-03-17 13:09:00,631,8,30411.26,0,At Risk
13903,1,10,165.45,16.55,103,0,2010-11-04 17:44:00,2010-11-04 17:44:00,399,1,165.45,0,At Risk
13904,2,24,332.64,12.79,332,0,2011-02-18 11:18:00,2011-11-02 13:41:00,36,2,332.64,0,At Risk
13905,3,12,244.45,16.30,135,11,2009-12-07 11:41:00,2010-05-17 17:04:00,570,3,244.45,0,At Risk
13906,1,1,42.00,42.00,100,0,2010-10-26 15:00:00,2010-10-26 15:00:00,408,1,42.00,0,At Risk
13907,1,4,136.80,34.20,68,0,2010-01-17 12:22:00,2010-01-17 12:22:00,691,1,136.80,0,At Risk
13908,5,104,2347.05,18.63,1478,8,2011-03-08 12:04:00,2011-09-21 11:49:00,79,5,2347.05,0,At Risk
13909,2,35,282.85,7.44,301,0,2010-07-06 16:52:00,2010-10-12 17:22:00,422,2,282.85,0,At Risk
13910,1,1,-127.66,-127.66,0,1,2010-09-22 16:19:00,2010-09-22 16:19:00,442,1,-127.66,0,At Risk
13911,22,178,4200.04,17.36,4487,11,2010-03-01 16:31:00,2011-10-13 15:43:00,56,22,4200.04,0,At Risk
13912,1,7,124.95,17.85,29,0,2010-10-12 08:43:00,2010-10-12 08:43:00,423,1,124.95,0,At Risk
13913,1,3,42.22,14.07,10,0,2010-07-21 10:11:00,2010-07-21 10:11:00,506,1,42.22,0,At Risk
13914,3,28,613.95,18.06,380,1,2011-11-03 16:28:00,2011-12-06 10:54:00,3,3,613.95,0,At Risk
13915,2,4,31.20,7.80,24,8,2009-12-08 13:42:00,2010-11-10 15:17:00,393,2,31.20,0,At Risk
13916,5,73,1260.51,16.81,673,6,2009-12-01 11:10:00,2010-09-02 10:04:00,463,5,1260.51,0,At Risk
13917,2,16,272.04,15.11,228,0,2011-06-01 12:46:00,2011-10-21 09:56:00,49,2,272.04,0,At Risk
13918,2,30,1212.84,40.43,1140,0,2011-03-31 18:05:00,2011-10-21 12:25:00,49,2,1212.84,0,At Risk
13919,5,65,1326.03,16.17,1133,37,2010-06-17 09:30:00,2011-10-17 15:24:00,52,5,1326.03,0,At Risk
13920,5,81,1734.88,19.71,1772,4,2010-05-26 15:48:00,2010-10-04 12:37:00,431,5,1734.88,0,At Risk
13921,5,36,720.75,16.02,210,1,2009-12-18 12:19:00,2010-11-05 15:04:00,398,5,720.75,0,At Risk
13922,5,31,824.70,24.99,467,14,2010-08-29 14:36:00,2010-12-23 10:38:00,351,5,824.70,0,At Risk
13923,1,20,351.13,17.56,185,0,2011-10-17 12:33:00,2011-10-17 12:33:00,53,1,351.13,0,At Risk
13924,11,91,1682.08,12.28,1575,43,2011-09-28 15:07:00,2011-12-08 09:39:00,1,11,1682.08,0,At Risk
13925,6,28,616.65,13.70,331,4,2011-07-28 12:09:00,2011-11-03 13:00:00,35,6,616.65,0,At Risk
13926,1,11,223.85,20.35,104,0,2011-11-16 13:16:00,2011-11-16 13:16:00,22,1,223.85,0,At Risk
13927,3,37,689.96,15.68,463,6,2010-09-28 16:12:00,2011-09-26 12:00:00,74,3,689.96,0,At Risk
13928,4,23,464.57,17.21,129,0,2011-07-29 15:59:00,2011-11-29 10:33:00,10,4,464.57,0,At Risk
13929,14,38,3318.10,55.30,1566,16,2010-01-14 07:25:00,2011-06-23 15:26:00,168,14,3318.10,0,At Risk
13930,2,15,337.34,19.84,274,0,2011-07-26 11:00:00,2011-10-13 09:45:00,57,2,337.34,0,At Risk
13931,12,205,5250.78,19.30,3488,4,2009-12-03 10:26:00,2011-09-15 10:03:00,85,12,5250.78,0,At Risk
13932,1,16,307.40,19.21,72,0,2011-02-18 12:02:00,2011-02-18 12:02:00,294,1,307.40,0,At Risk
13933,2,23,608.79,26.47,205,0,2011-07-14 13:35:00,2011-08-22 14:03:00,108,2,608.79,0,At Risk
13934,1,31,922.10,29.75,390,0,2011-03-21 08:39:00,2011-03-21 08:39:00,263,1,922.10,0,At Risk
13935,3,67,6116.92,76.46,2252,0,2010-02-25 16:01:00,2010-04-22 11:21:00,596,3,6116.92,0,At Risk
13936,4,56,924.36,15.41,661,6,2010-10-21 14:21:00,2011-06-21 17:44:00,170,4,924.36,0,At Risk
13937,3,54,867.38,15.77,587,1,2010-11-02 12:37:00,2011-06-23 16:35:00,168,3,867.38,0,At Risk
13938,1,7,71.66,10.24,70,0,2011-11-04 14:37:00,2011-11-04 14:37:00,34,1,71.66,0,At Risk
13939,10,91,1533.66,13.57,1608,8,2010-04-06 12:43:00,2011-11-16 13:33:00,22,10,1533.66,0,At Risk
13940,4,39,839.14,17.13,516,0,2011-07-18 16:05:00,2011-11-22 15:15:00,16,4,839.14,0,At Risk
13941,17,42,9826.63,102.36,4782,57,2009-12-16 16:10:00,2011-11-18 09:43:00,21,17,9826.63,0,At Risk
13942,1,1,320.00,320.00,1000,0,2010-06-23 12:35:00,2010-06-23 12:35:00,534,1,320.00,0,At Risk
13943,1,15,246.54,16.44,94,0,2010-05-11 11:30:00,2010-05-11 11:30:00,577,1,246.54,0,At Risk
13944,1,35,200.43,5.73,153,0,2010-02-24 15:02:00,2010-02-24 15:02:00,652,1,200.43,0,At Risk
13945,2,49,854.15,16.75,413,0,2010-08-17 09:59:00,2010-11-10 10:00:00,394,2,854.15,0,At Risk
13946,7,49,1745.43,30.62,2847,24,2009-12-04 11:07:00,2011-09-21 13:33:00,78,7,1745.43,0,At Risk
13947,1,5,90.60,18.12,44,0,2011-10-05 14:42:00,2011-10-05 14:42:00,64,1,90.60,0,At Risk
13948,5,23,536.86,21.47,248,2,2009-12-04 12:14:00,2010-12-14 10:18:00,360,5,536.86,0,At Risk
13949,6,124,2427.32,15.17,2474,0,2011-09-06 11:55:00,2011-12-07 09:35:00,2,6,2427.32,0,At Risk
13950,5,33,728.56,20.24,323,2,2011-04-07 11:29:00,2011-11-28 14:44:00,10,5,728.56,0,At Risk
13951,3,38,674.45,17.29,459,0,2011-02-18 15:21:00,2011-06-16 16:43:00,175,3,674.45,0,At Risk
13952,17,238,12790.89,30.97,5947,9,2009-12-16 09:41:00,2011-05-12 19:27:00,210,17,12790.89,0,At Risk
13953,12,8,6640.68,265.63,5224,0,2009-12-11 12:58:00,2011-12-02 16:04:00,6,12,6640.68,0,At Risk
13954,3,24,378.59,12.62,150,9,2011-09-30 10:52:00,2011-12-08 12:50:00,1,3,378.59,0,At Risk
13955,3,82,544.07,6.40,272,0,2010-11-29 17:35:00,2011-07-08 17:19:00,153,3,544.07,0,At Risk
13956,5,123,1019.27,6.93,486,0,2011-03-13 12:51:00,2011-12-04 13:20:00,4,5,1019.27,0,At Risk
13957,3,21,458.25,16.97,157,0,2010-02-19 10:32:00,2010-10-18 10:02:00,417,3,458.25,0,At Risk
13958,12,177,4504.78,18.39,2264,49,2009-12-05 13:12:00,2010-12-02 17:03:00,371,12,4504.78,0,At Risk
13959,6,120,1064.77,6.78,694,0,2010-07-16 15:11:00,2011-09-21 15:06:00,78,6,1064.77,0,At Risk
13960,2,11,230.22,19.19,142,0,2011-09-29 12:39:00,2011-11-18 15:27:00,20,2,230.22,0,At Risk
13961,2,19,498.70,23.75,226,4,2010-11-12 14:40:00,2010-11-19 15:13:00,384,2,498.70,0,At Risk
13962,3,23,362.80,15.77,160,0,2010-09-30 10:35:00,2011-11-18 08:47:00,21,3,362.80,0,At Risk
13963,18,129,2748.32,16.26,2007,7,2010-04-21 16:20:00,2011-02-04 14:43:00,307,18,2748.32,0,At Risk
13964,3,22,421.90,16.88,228,2,2010-10-05 12:38:00,2010-11-17 13:53:00,386,3,421.90,0,At Risk
13965,5,23,777.66,27.77,425,23,2010-01-05 15:21:00,2010-09-10 16:46:00,454,5,777.66,0,At Risk
13966,1,21,384.26,18.30,760,0,2010-09-30 13:08:00,2010-09-30 13:08:00,434,1,384.26,0,At Risk
13967,2,4,166.30,27.72,66,0,2010-11-08 13:24:00,2011-07-17 12:02:00,145,2,166.30,0,At Risk
13968,1,8,123.66,15.46,174,0,2010-10-12 13:22:00,2010-10-12 13:22:00,422,1,123.66,0,At Risk
13969,39,472,12820.36,11.95,6640,62,2010-03-25 13:15:00,2011-12-02 15:11:00,6,39,12820.36,0,At Risk
13970,2,10,846.55,65.12,469,0,2010-09-28 11:53:00,2010-11-18 13:21:00,385,2,846.55,0,At Risk
13971,18,184,4593.83,17.34,3084,32,2010-01-26 09:51:00,2011-12-01 08:27:00,8,18,4593.83,0,At Risk
13972,2,15,190.25,12.68,187,0,2011-05-22 11:34:00,2011-09-30 11:54:00,70,2,190.25,0,At Risk
13973,1,11,264.70,24.06,109,0,2011-02-25 15:21:00,2011-02-25 15:21:00,286,1,264.70,0,At Risk
13974,4,43,663.52,14.74,356,2,2010-05-06 17:55:00,2011-10-21 14:41:00,48,4,663.52,0,At Risk
13975,14,434,5224.85,7.06,3884,8,2010-02-02 11:10:00,2011-11-08 13:19:00,30,14,5224.85,0,At Risk
13976,4,49,1192.36,21.29,452,0,2010-02-09 13:08:00,2011-05-17 09:13:00,206,4,1192.36,0,At Risk
13977,1,13,519.81,39.99,303,0,2010-10-24 14:08:00,2010-10-24 14:08:00,410,1,519.81,0,At Risk
13978,2,14,196.79,13.12,315,0,2011-10-25 15:04:00,2011-11-25 11:36:00,14,2,196.79,0,At Risk
13979,11,358,3290.53,8.25,2270,18,2009-12-03 10:02:00,2011-09-27 13:32:00,72,11,3290.53,0,At Risk
13980,9,58,722.02,10.78,463,6,2010-02-21 14:18:00,2011-10-10 13:34:00,59,9,722.02,0,At Risk
13981,2,22,327.39,14.23,234,1,2010-10-20 10:03:00,2010-11-04 11:10:00,400,2,327.39,0,At Risk
13982,13,123,3927.49,16.57,2478,12,2010-01-20 14:04:00,2011-10-31 16:24:00,38,13,3927.49,0,At Risk
13983,30,240,6638.85,19.36,3925,114,2009-12-09 13:53:00,2011-11-10 11:06:00,29,30,6638.85,0,At Risk
13984,13,53,1461.32,16.42,1301,408,2009-12-07 11:51:00,2011-11-13 12:38:00,26,13,1461.32,0,At Risk
13985,24,149,9982.31,20.67,4936,9,2010-02-09 13:56:00,2011-12-05 17:06:00,3,24,9982.31,0,At Risk
13986,1,12,320.46,24.65,430,0,2011-11-22 15:00:00,2011-11-22 15:00:00,16,1,320.46,0,At Risk
13987,2,46,682.54,14.84,492,0,2010-11-04 09:54:00,2010-11-25 10:20:00,379,2,682.54,0,At Risk
13988,11,218,4708.64,15.70,3385,19,2010-03-24 11:05:00,2011-11-20 10:15:00,19,11,4708.64,0,At Risk
13989,5,61,2026.06,23.56,2207,0,2010-05-25 12:13:00,2011-10-05 09:47:00,65,5,2026.06,0,At Risk
13990,1,16,311.30,19.46,190,0,2011-05-10 15:19:00,2011-05-10 15:19:00,212,1,311.30,0,At Risk
13991,7,58,847.54,10.09,995,2,2011-07-19 12:58:00,2011-11-27 16:18:00,11,7,847.54,0,At Risk
13992,3,10,219.50,19.95,154,0,2010-09-02 17:04:00,2011-11-09 15:23:00,29,3,219.50,0,At Risk
13993,24,110,6690.36,25.06,2135,15,2009-12-03 11:57:00,2011-11-07 13:00:00,31,24,6690.36,0,At Risk
13994,6,122,2274.14,15.37,932,0,2011-07-14 18:28:00,2011-12-06 11:05:00,3,6,2274.14,0,At Risk
13995,18,146,3836.26,16.12,2359,35,2009-12-18 12:43:00,2011-11-24 14:22:00,14,18,3836.26,0,At Risk
13996,2,29,895.76,27.14,613,0,2010-11-05 15:07:00,2010-11-18 16:27:00,385,2,895.76,0,At Risk
13997,3,36,376.46,8.56,143,0,2010-06-07 17:33:00,2010-07-08 18:06:00,518,3,376.46,0,At Risk
13998,3,30,566.70,18.28,204,0,2010-05-12 13:18:00,2010-09-19 10:20:00,446,3,566.70,0,At Risk
13999,36,174,9438.01,19.87,5043,20,2009-12-05 12:42:00,2011-11-29 13:40:00,9,36,9438.01,0,At Risk
14000,8,28,1877.59,36.11,1838,27,2009-12-02 09:50:00,2011-05-17 13:44:00,205,8,1877.59,0,At Risk
14001,10,61,4216.10,40.54,1779,3,2010-08-03 12:49:00,2011-10-25 10:31:00,45,10,4216.10,0,At Risk
14002,2,47,529.73,11.27,877,0,2011-07-06 14:59:00,2011-07-28 15:55:00,133,2,529.73,0,At Risk
14003,1,16,209.41,13.09,149,0,2009-12-07 08:53:00,2009-12-07 08:53:00,732,1,209.41,0,At Risk
14004,11,127,6258.45,25.97,3425,0,2010-09-30 09:39:00,2011-10-27 14:40:00,42,11,6258.45,0,At Risk
14005,5,53,2874.72,34.22,2478,0,2011-05-08 10:33:00,2011-11-30 12:41:00,9,5,2874.72,0,At Risk
14006,7,55,2196.67,28.53,2181,0,2010-02-25 09:45:00,2011-08-16 09:39:00,115,7,2196.67,0,At Risk
14007,1,5,79.48,15.90,16,0,2010-07-15 09:06:00,2010-07-15 09:06:00,512,1,79.48,0,At Risk
14008,2,32,493.74,14.96,326,6,2010-10-03 13:09:00,2010-11-29 13:19:00,374,2,493.74,0,At Risk
14009,4,71,1090.23,14.35,951,4,2010-09-03 12:08:00,2011-05-25 15:47:00,197,4,1090.23,0,At Risk
14010,3,20,288.10,10.29,177,49,2010-05-23 12:46:00,2010-05-23 13:00:00,564,3,288.10,0,At Risk
14011,3,32,451.92,13.69,644,2,2010-04-11 13:40:00,2010-08-16 15:31:00,479,3,451.92,0,At Risk
14012,1,11,328.80,29.89,160,0,2011-03-07 12:26:00,2011-03-07 12:26:00,277,1,328.80,0,At Risk
14013,6,59,1006.22,13.98,775,9,2009-12-07 18:09:00,2011-08-21 15:01:00,109,6,1006.22,0,At Risk
14014,3,76,1948.21,25.63,2004,0,2010-05-12 09:04:00,2011-09-23 13:18:00,76,3,1948.21,0,At Risk
14015,1,20,917.34,45.87,378,0,2011-10-18 10:02:00,2011-10-18 10:02:00,52,1,917.34,0,At Risk
14016,13,354,11379.71,25.29,5722,2,2010-01-08 14:12:00,2011-07-08 14:27:00,153,13,11379.71,0,At Risk
14017,1,14,229.75,16.41,73,0,2010-05-17 14:52:00,2010-05-17 14:52:00,570,1,229.75,0,At Risk
14018,1,13,367.15,28.24,224,0,2010-03-04 14:23:00,2010-03-04 14:23:00,644,1,367.15,0,At Risk
14019,4,37,1398.96,20.57,1037,3,2011-07-24 15:39:00,2011-10-24 10:13:00,46,4,1398.96,0,At Risk
14020,5,63,1213.26,15.96,648,7,2010-06-28 15:29:00,2011-11-23 09:22:00,16,5,1213.26,0,At Risk
14021,7,84,1716.58,19.07,878,0,2010-04-26 11:22:00,2011-07-07 15:46:00,154,7,1716.58,0,At Risk
14022,2,45,792.15,16.85,681,0,2010-08-10 09:38:00,2011-04-28 14:39:00,224,2,792.15,0,At Risk
14023,2,30,584.07,18.84,345,0,2011-04-03 15:50:00,2011-12-02 13:58:00,6,2,584.07,0,At Risk
14024,3,33,645.74,18.99,238,0,2010-11-14 10:51:00,2011-08-10 11:30:00,121,3,645.74,0,At Risk
14025,10,60,3969.10,39.30,1914,16,2010-05-05 09:56:00,2010-09-01 10:11:00,464,10,3969.10,0,At Risk
14026,2,43,713.11,14.26,427,0,2010-03-24 14:10:00,2010-08-26 10:31:00,470,2,713.11,0,At Risk
14027,1,6,104.82,17.47,62,0,2011-10-10 09:01:00,2011-10-10 09:01:00,60,1,104.82,0,At Risk
14028,5,4,3175.50,244.27,7170,2491,2010-06-07 12:02:00,2010-07-29 12:24:00,498,5,3175.50,0,At Risk
14029,2,15,467.66,31.18,198,0,2011-07-18 16:57:00,2011-10-07 14:46:00,62,2,467.66,0,At Risk
14030,22,594,7405.10,8.94,4215,54,2009-12-01 13:38:00,2011-11-21 16:48:00,17,22,7405.10,0,At Risk
14031,55,283,36048.26,46.63,13783,549,2009-12-03 15:35:00,2011-12-02 17:13:00,6,55,36048.26,0,At Risk
14032,25,79,4482.21,18.60,3740,37,2009-12-14 12:02:00,2011-12-07 15:23:00,1,25,4482.21,0,At Risk
14033,1,1,109.44,109.44,576,0,2010-06-02 15:10:00,2010-06-02 15:10:00,554,1,109.44,0,At Risk
14034,4,82,509.09,5.72,420,108,2011-07-05 13:06:00,2011-11-17 14:02:00,21,4,509.09,0,At Risk
14035,11,70,2790.50,18.85,1405,3,2010-04-06 12:39:00,2011-11-11 10:03:00,28,11,2790.50,0,At Risk
14036,1,38,626.65,16.49,268,0,2011-02-28 09:26:00,2011-02-28 09:26:00,284,1,626.65,0,At Risk
14037,7,96,755.95,6.57,590,27,2009-12-07 11:39:00,2011-06-16 13:57:00,175,7,755.95,0,At Risk
14038,8,99,3000.93,17.86,1708,11,2010-02-04 08:56:00,2011-09-22 13:37:00,77,8,3000.93,0,At Risk
14039,2,10,267.28,26.73,192,0,2010-05-13 10:15:00,2011-11-06 13:48:00,32,2,267.28,0,At Risk
14040,42,336,12336.08,15.52,4972,50,2009-12-01 12:14:00,2011-10-30 12:42:00,40,42,12336.08,0,At Risk
14041,1,21,141.41,6.73,94,0,2011-03-18 13:25:00,2011-03-18 13:25:00,265,1,141.41,0,At Risk
14042,1,21,431.98,20.57,180,0,2009-12-14 15:07:00,2009-12-14 15:07:00,724,1,431.98,0,At Risk
14043,3,37,299.65,7.13,152,1,2009-12-10 14:34:00,2010-08-05 18:18:00,490,3,299.65,0,At Risk
14044,11,533,3060.75,3.70,2100,1,2010-01-24 15:14:00,2011-11-13 12:05:00,26,11,3060.75,0,At Risk
14045,19,16,9334.23,227.66,4459,340,2010-01-08 10:08:00,2011-08-22 15:27:00,108,19,9334.23,0,At Risk
14046,1,14,154.99,11.07,460,0,2011-02-28 14:48:00,2011-02-28 14:48:00,283,1,154.99,0,At Risk
14047,19,91,3881.11,24.56,1541,13,2010-02-01 10:05:00,2011-12-01 11:43:00,8,19,3881.11,0,At Risk
14048,4,126,713.89,4.96,467,14,2010-11-22 14:08:00,2011-03-07 13:49:00,276,4,713.89,0,At Risk
14049,18,575,12848.40,11.82,8480,55,2010-04-01 14:52:00,2011-11-23 12:20:00,16,18,12848.40,0,At Risk
14050,2,49,746.36,13.82,689,0,2011-08-25 13:46:00,2011-11-08 10:00:00,31,2,746.36,0,At Risk
14051,42,82,21441.48,65.37,5709,56,2009-12-03 11:53:00,2011-12-09 10:20:00,0,42,21441.48,0,At Risk
14052,2,115,466.66,3.86,174,0,2010-11-14 11:37:00,2011-11-20 12:30:00,19,2,466.66,0,At Risk
14053,4,3,572.30,63.59,490,0,2010-08-10 11:02:00,2011-08-07 14:27:00,123,4,572.30,0,At Risk
14054,1,6,92.46,15.41,62,0,2011-10-05 15:49:00,2011-10-05 15:49:00,64,1,92.46,0,At Risk
14055,3,33,1520.96,46.09,720,0,2009-12-16 15:11:00,2011-08-25 15:04:00,105,3,1520.96,0,At Risk
14056,29,321,8062.46,7.26,4252,41,2011-02-28 15:19:00,2011-12-08 13:36:00,0,29,8062.46,0,At Risk
14057,23,244,8276.10,18.23,6438,168,2009-12-03 13:17:00,2011-11-16 10:32:00,23,23,8276.10,0,At Risk
14058,2,23,469.19,19.55,211,0,2010-06-27 11:29:00,2010-09-03 09:31:00,462,2,469.19,0,At Risk
14059,1,8,183.60,22.95,128,0,2011-03-18 10:06:00,2011-03-18 10:06:00,266,1,183.60,0,At Risk
14060,32,100,8882.30,34.16,7419,14,2010-03-11 09:47:00,2011-12-05 12:29:00,4,32,8882.30,0,At Risk
14061,3,17,917.43,48.29,133,0,2009-12-01 18:03:00,2010-07-20 17:22:00,506,3,917.43,0,At Risk
14062,27,141,25416.28,73.67,12794,101,2009-12-10 14:28:00,2011-11-30 10:04:00,9,27,25416.28,0,At Risk
14063,13,30,-3767.20,-85.62,3850,4,2009-12-08 13:46:00,2010-10-05 11:52:00,430,13,-3767.20,0,At Risk
14064,21,131,2967.57,12.16,3911,529,2010-01-21 13:22:00,2011-11-10 13:14:00,28,21,2967.57,0,At Risk
14065,4,42,889.37,17.79,582,1,2010-10-04 12:03:00,2010-11-15 16:13:00,388,4,889.37,0,At Risk
14066,1,7,152.55,21.79,45,0,2011-03-18 12:21:00,2011-03-18 12:21:00,266,1,152.55,0,At Risk
14067,2,51,374.70,7.21,361,0,2011-09-04 12:00:00,2011-10-07 10:21:00,63,2,374.70,0,At Risk
14068,5,93,1493.32,13.70,510,12,2010-01-31 10:10:00,2011-01-23 16:02:00,319,5,1493.32,0,At Risk
14069,2,37,225.81,5.51,58,0,2010-05-27 12:30:00,2010-07-13 12:12:00,514,2,225.81,0,At Risk
14070,1,40,321.60,7.84,85,0,2010-01-24 12:27:00,2010-01-24 12:27:00,684,1,321.60,0,At Risk
14071,9,271,1306.16,3.93,994,95,2011-03-20 11:33:00,2011-12-06 12:27:00,3,9,1306.16,0,At Risk
14072,1,19,390.85,20.57,65,0,2010-02-11 12:31:00,2010-02-11 12:31:00,666,1,390.85,0,At Risk
14073,2,13,139.54,9.97,130,2,2011-11-07 15:49:00,2011-11-18 16:14:00,20,2,139.54,0,At Risk
14074,1,6,219.40,36.57,228,0,2010-03-26 13:55:00,2010-03-26 13:55:00,622,1,219.40,0,At Risk
14075,6,59,1734.87,21.42,1494,0,2010-06-16 14:47:00,2011-12-05 08:38:00,4,6,1734.87,0,At Risk
14076,1,43,118.67,2.70,79,0,2011-08-02 15:19:00,2011-08-02 15:19:00,128,1,118.67,0,At Risk
14077,6,43,615.08,10.98,376,0,2010-11-09 16:01:00,2011-10-30 12:35:00,40,6,615.08,0,At Risk
14078,9,107,1553.47,10.50,586,0,2010-03-28 15:05:00,2011-08-30 12:16:00,101,9,1553.47,0,At Risk
14079,2,13,618.73,47.59,302,0,2010-01-26 17:19:00,2011-08-07 12:10:00,124,2,618.73,0,At Risk
14080,6,74,1075.73,12.81,268,1,2009-12-02 15:01:00,2011-11-07 11:09:00,32,6,1075.73,0,At Risk
14081,16,467,4747.52,5.57,3381,20,2009-12-10 18:27:00,2011-03-17 14:24:00,266,16,4747.52,0,At Risk
14082,2,48,413.36,6.36,246,0,2010-11-12 11:47:00,2010-12-10 11:02:00,364,2,413.36,0,At Risk
14083,11,169,1082.19,5.85,760,0,2009-12-18 11:34:00,2011-12-05 13:14:00,3,11,1082.19,0,At Risk
14084,1,7,150.50,21.50,306,0,2010-07-15 14:36:00,2010-07-15 14:36:00,511,1,150.50,0,At Risk
14085,34,479,9707.92,9.28,6434,1,2009-12-08 13:41:00,2011-12-07 13:46:00,1,34,9707.92,0,At Risk
14086,1,1,39.95,39.95,1,0,2010-09-03 10:52:00,2010-09-03 10:52:00,462,1,39.95,0,At Risk
14087,5,175,786.72,3.66,718,25,2009-12-04 15:27:00,2011-12-07 12:41:00,2,5,786.72,0,At Risk
14088,20,437,62400.02,90.96,15276,97,2010-10-14 19:46:00,2011-11-29 16:16:00,9,20,62400.02,0,At Risk
14089,1,13,158.75,12.21,133,0,2011-10-14 10:38:00,2011-10-14 10:38:00,56,1,158.75,0,At Risk
14090,1,1,76.32,76.32,72,0,2011-01-19 10:51:00,2011-01-19 10:51:00,324,1,76.32,0,At Risk
14091,2,13,9530.08,733.08,3316,0,2010-01-10 13:41:00,2010-02-23 15:17:00,653,2,9530.08,0,At Risk
14092,27,169,7215.64,19.19,3606,5,2009-12-16 16:24:00,2011-12-02 12:13:00,7,27,7215.64,0,At Risk
14093,1,95,433.86,4.34,391,0,2011-11-27 16:27:00,2011-11-27 16:27:00,11,1,433.86,0,At Risk
14094,2,41,310.82,7.06,158,1,2010-09-26 11:58:00,2010-09-26 12:02:00,439,2,310.82,0,At Risk
14095,1,1,2.95,2.95,1,0,2009-12-17 12:49:00,2009-12-17 12:49:00,722,1,2.95,0,At Risk
14096,34,1121,57120.91,11.14,16352,17,2011-08-30 10:49:00,2011-12-05 17:17:00,3,34,57120.91,0,At Risk
14097,2,39,422.86,10.57,352,0,2010-03-04 10:46:00,2010-08-15 14:20:00,480,2,422.86,0,At Risk
14098,1,21,147.35,7.02,104,0,2011-11-03 10:13:00,2011-11-03 10:13:00,36,1,147.35,0,At Risk
14099,22,273,5685.71,10.81,3666,10,2009-12-10 11:55:00,2011-11-23 13:53:00,15,22,5685.71,0,At Risk
14100,1,24,191.95,7.68,63,0,2011-07-25 11:01:00,2011-07-25 11:01:00,137,1,191.95,0,At Risk
14101,14,19,9942.13,109.25,10542,12,2010-03-28 13:36:00,2011-09-27 12:28:00,73,14,9942.13,0,At Risk
14102,8,35,1060.33,16.83,769,23,2011-10-26 12:46:00,2011-12-04 15:38:00,4,8,1060.33,0,At Risk
14104,5,117,743.53,5.51,496,0,2010-05-28 16:11:00,2011-07-08 12:50:00,154,5,743.53,0,At Risk
14105,9,202,5703.98,19.47,3534,51,2009-12-18 16:57:00,2011-09-15 16:13:00,84,9,5703.98,0,At Risk
14106,1,1,214.80,214.80,24,0,2009-12-02 14:09:00,2009-12-02 14:09:00,736,1,214.80,0,At Risk
14107,13,102,4853.70,20.31,3489,8,2009-12-09 14:20:00,2011-10-19 12:12:00,51,13,4853.70,0,At Risk
14108,5,49,1041.21,19.65,660,1,2009-12-01 18:07:00,2011-11-09 10:41:00,30,5,1041.21,0,At Risk
14109,2,9,80.20,5.73,88,32,2011-09-28 10:18:00,2011-11-16 13:51:00,22,2,80.20,0,At Risk
14110,35,178,12957.60,32.23,5825,12,2009-12-01 09:50:00,2011-12-06 12:26:00,3,35,12957.60,0,At Risk
14111,5,10,688.60,62.60,458,1,2011-04-12 11:36:00,2011-11-25 13:44:00,13,5,688.60,0,At Risk
14112,27,199,5524.51,15.43,3539,117,2009-12-17 17:56:00,2011-11-17 12:30:00,22,27,5524.51,0,At Risk
14113,31,79,6156.75,42.46,3439,347,2009-12-07 10:44:00,2011-12-06 12:18:00,3,31,6156.75,0,At Risk
14114,7,72,1364.09,18.43,650,0,2010-04-12 11:07:00,2011-03-11 09:42:00,273,7,1364.09,0,At Risk
14115,2,22,622.67,28.30,509,0,2010-02-11 11:44:00,2010-07-26 12:36:00,501,2,622.67,0,At Risk
14116,5,61,1382.74,19.20,707,0,2011-08-10 12:44:00,2011-11-20 10:29:00,19,5,1382.74,0,At Risk
14117,1,3,90.00,30.00,72,0,2011-07-19 09:49:00,2011-07-19 09:49:00,143,1,90.00,0,At Risk
14118,1,15,458.45,30.56,97,0,2010-10-07 11:59:00,2010-10-07 11:59:00,428,1,458.45,0,At Risk
14119,3,11,163.47,13.62,177,2,2009-12-21 14:52:00,2010-12-20 13:58:00,353,3,163.47,0,At Risk
14120,1,1,-23.80,-23.80,0,4,2010-10-05 19:12:00,2010-10-05 19:12:00,429,1,-23.80,0,At Risk
14121,6,148,2740.30,17.02,2082,4,2011-10-11 10:39:00,2011-12-06 12:19:00,3,6,2740.30,0,At Risk
14122,5,12,309.77,19.36,114,19,2009-12-02 14:22:00,2010-11-10 09:38:00,394,5,309.77,0,At Risk
14123,1,24,436.18,18.17,234,0,2009-12-06 15:35:00,2009-12-06 15:35:00,732,1,436.18,0,At Risk
14124,1,4,419.58,83.92,1618,0,2011-09-16 13:32:00,2011-09-16 13:32:00,83,1,419.58,0,At Risk
14125,3,159,2720.63,16.39,1628,0,2011-09-22 15:40:00,2011-11-29 12:47:00,10,3,2720.63,0,At Risk
14126,5,37,1109.96,25.23,887,50,2010-09-21 14:51:00,2011-12-02 11:45:00,7,5,1109.96,0,At Risk
14127,6,96,1900.08,16.24,828,0,2010-10-10 11:53:00,2011-08-09 10:49:00,122,6,1900.08,0,At Risk
14128,4,50,909.36,13.78,814,3,2010-06-06 14:05:00,2011-10-10 12:00:00,60,4,909.36,0,At Risk
14129,9,40,2591.34,23.77,1414,0,2010-05-09 14:54:00,2011-12-08 11:02:00,1,9,2591.34,0,At Risk
14130,4,189,1858.77,8.45,1215,0,2009-12-11 16:33:00,2011-01-24 16:05:00,318,4,1858.77,0,At Risk
14131,1,45,168.22,3.66,105,0,2010-03-01 11:59:00,2010-03-01 11:59:00,648,1,168.22,0,At Risk
14132,12,100,3580.13,17.81,3368,2,2011-06-09 12:04:00,2011-12-07 13:35:00,1,12,3580.13,0,At Risk
14133,6,34,895.84,23.57,398,6,2009-12-06 12:10:00,2011-08-02 11:34:00,129,6,895.84,0,At Risk
14134,15,130,11123.35,61.80,5814,0,2009-12-10 09:25:00,2010-11-22 12:26:00,382,15,11123.35,0,At Risk
14135,25,138,8800.80,40.00,8534,23,2009-12-02 08:58:00,2011-12-08 11:38:00,1,25,8800.80,0,At Risk
14136,7,86,1553.96,14.39,1148,3,2009-12-08 09:19:00,2010-11-04 11:53:00,400,7,1553.96,0,At Risk
14137,2,11,294.10,21.01,462,62,2010-01-13 12:30:00,2010-01-27 10:21:00,681,2,294.10,0,At Risk
14138,2,40,965.88,21.00,600,0,2011-10-07 09:38:00,2011-12-08 12:44:00,1,2,965.88,0,At Risk
14139,4,48,1086.80,15.75,1049,0,2010-06-15 09:17:00,2011-10-24 13:34:00,45,4,1086.80,0,At Risk
14140,3,60,920.05,13.73,811,2,2011-11-08 11:20:00,2011-12-06 09:05:00,3,3,920.05,0,At Risk
14141,6,28,879.03,19.11,355,18,2011-08-26 14:40:00,2011-12-07 09:53:00,2,6,879.03,0,At Risk
14142,4,42,655.94,13.67,518,6,2010-03-03 15:13:00,2010-12-01 16:33:00,372,4,655.94,0,At Risk
14143,1,7,115.80,16.54,30,0,2011-07-29 09:48:00,2011-07-29 09:48:00,133,1,115.80,0,At Risk
14144,1,1,30.60,30.60,12,0,2010-08-10 15:17:00,2010-08-10 15:17:00,485,1,30.60,0,At Risk
14145,8,11,7006.05,269.46,1655,120,2010-04-08 09:47:00,2011-10-24 12:10:00,46,8,7006.05,0,At Risk
14146,13,337,8208.87,16.72,5780,551,2010-01-13 16:04:00,2011-12-01 10:18:00,8,13,8208.87,0,At Risk
14147,12,24,2019.30,61.19,995,158,2010-03-09 13:43:00,2011-10-21 13:36:00,48,12,2019.30,0,At Risk
14148,2,15,466.29,27.43,223,0,2010-10-21 14:08:00,2011-04-20 12:02:00,233,2,466.29,0,At Risk
14149,3,28,259.43,6.49,218,89,2011-05-03 09:44:00,2011-05-11 12:34:00,212,3,259.43,0,At Risk
14150,2,23,658.64,25.33,496,0,2010-12-15 10:04:00,2011-11-04 10:05:00,35,2,658.64,0,At Risk
14151,3,44,666.70,14.82,405,1,2009-12-23 10:54:00,2010-02-04 15:35:00,672,3,666.70,0,At Risk
14152,9,104,1975.44,14.63,1844,18,2010-02-18 13:57:00,2011-09-25 12:54:00,74,9,1975.44,0,At Risk
14153,1,17,233.40,13.73,312,0,2010-08-13 14:35:00,2010-08-13 14:35:00,482,1,233.40,0,At Risk
14154,10,236,6263.60,21.30,3222,18,2010-01-13 12:47:00,2011-04-14 16:26:00,238,10,6263.60,0,At Risk
14155,1,6,118.75,19.79,25,0,2011-03-18 14:13:00,2011-03-18 14:13:00,265,1,118.75,0,At Risk
14156,202,1446,296063.44,71.89,164325,2080,2009-12-01 12:30:00,2011-11-30 10:54:00,9,202,296063.44,1,Potential Loyal
14157,6,75,946.24,11.00,521,11,2010-03-03 16:49:00,2011-11-20 11:32:00,19,6,946.24,0,At Risk
14158,1,41,507.66,12.38,781,0,2011-10-30 15:08:00,2011-10-30 15:08:00,39,1,507.66,0,At Risk
14159,25,707,7494.67,4.06,6520,225,2009-12-03 12:31:00,2011-11-20 12:36:00,19,25,7494.67,0,At Risk
14160,7,80,8421.47,78.71,4661,0,2010-01-10 12:06:00,2010-04-08 14:30:00,609,7,8421.47,0,At Risk
14161,7,202,2996.93,10.82,1480,0,2009-12-13 11:46:00,2011-05-08 11:41:00,215,7,2996.93,0,At Risk
14162,2,25,289.36,11.57,142,0,2011-02-20 12:32:00,2011-06-19 11:36:00,173,2,289.36,0,At Risk
14163,5,42,2594.62,44.73,950,0,2010-09-03 17:15:00,2011-09-13 15:18:00,86,5,2594.62,0,At Risk
14164,2,28,1631.77,56.27,1033,0,2011-09-20 12:18:00,2011-09-30 12:24:00,70,2,1631.77,0,At Risk
14165,1,23,120.44,5.02,53,0,2011-03-09 12:39:00,2011-03-09 12:39:00,275,1,120.44,0,At Risk
14166,2,39,251.15,4.92,82,0,2010-03-23 15:10:00,2010-07-22 19:42:00,504,2,251.15,0,At Risk
14167,8,48,1274.29,11.08,340,0,2010-01-27 16:07:00,2011-10-31 14:29:00,38,8,1274.29,0,At Risk
14168,3,11,305.90,17.99,147,9,2010-05-24 12:28:00,2010-10-15 10:49:00,420,3,305.90,0,At Risk
14169,2,50,621.51,9.71,205,0,2010-09-21 13:39:00,2010-10-05 08:45:00,430,2,621.51,0,At Risk
14170,3,123,570.18,3.93,270,0,2010-11-09 14:06:00,2010-11-29 13:10:00,374,3,570.18,0,At Risk
14171,2,61,498.79,7.79,211,0,2009-12-09 13:50:00,2011-09-02 16:43:00,97,2,498.79,0,At Risk
14172,4,38,356.27,7.92,78,1,2010-03-07 10:58:00,2010-04-13 13:26:00,604,4,356.27,0,At Risk
14173,7,31,566.95,16.68,194,3,2009-12-09 12:46:00,2011-11-29 11:54:00,10,7,566.95,0,At Risk
14174,1,26,134.46,5.17,94,0,2011-11-06 13:17:00,2011-11-06 13:17:00,32,1,134.46,0,At Risk
14175,17,238,7350.44,19.92,3009,89,2010-03-22 10:43:00,2011-10-19 13:42:00,50,17,7350.44,0,At Risk
14176,6,33,753.56,19.83,265,2,2010-11-23 13:21:00,2011-02-15 13:12:00,296,6,753.56,0,At Risk
14177,14,141,2204.74,10.70,1043,1,2010-02-26 11:59:00,2011-09-16 09:52:00,84,14,2204.74,0,At Risk
14178,7,191,1600.26,5.03,1494,0,2011-06-10 12:51:00,2011-12-01 12:01:00,8,7,1600.26,0,At Risk
14179,2,135,701.57,4.47,319,0,2011-10-18 14:00:00,2011-10-30 12:07:00,40,2,701.57,0,At Risk
14180,42,125,5909.00,19.70,847,14,2010-06-09 14:56:00,2011-11-29 10:56:00,10,42,5909.00,0,At Risk
14181,2,48,308.35,5.93,120,0,2010-05-26 12:32:00,2010-10-25 08:27:00,410,2,308.35,0,At Risk
14182,5,42,660.07,12.69,174,2,2010-04-22 15:36:00,2010-09-22 11:45:00,443,5,660.07,0,At Risk
14183,2,27,278.34,8.19,60,0,2010-08-15 15:36:00,2010-10-24 14:45:00,410,2,278.34,0,At Risk
14184,1,24,452.89,18.87,127,0,2011-10-04 12:43:00,2011-10-04 12:43:00,66,1,452.89,0,At Risk
14185,1,3,197.65,65.88,6,0,2011-01-12 13:52:00,2011-01-12 13:52:00,330,1,197.65,0,At Risk
14186,5,75,1550.63,14.91,1550,0,2010-03-05 11:17:00,2010-10-08 13:30:00,426,5,1550.63,0,At Risk
14187,1,8,123.50,15.44,50,0,2010-08-23 12:06:00,2010-08-23 12:06:00,473,1,123.50,0,At Risk
14188,10,34,2018.91,28.44,1162,17,2011-02-02 13:46:00,2011-12-01 09:46:00,8,10,2018.91,0,At Risk
14189,25,199,5453.38,17.10,4392,18,2010-11-16 09:28:00,2011-12-07 15:55:00,1,25,5453.38,0,At Risk
14190,1,1,79.90,79.90,2,0,2010-02-11 14:27:00,2010-02-11 14:27:00,665,1,79.90,0,At Risk
14191,17,149,4713.41,17.39,3724,15,2009-12-11 10:47:00,2011-12-08 09:23:00,1,17,4713.41,0,At Risk
14192,1,14,293.74,20.98,218,0,2010-11-16 17:44:00,2010-11-16 17:44:00,387,1,293.74,0,At Risk
14193,3,49,1210.19,18.91,653,0,2010-11-08 12:31:00,2011-10-03 09:34:00,67,3,1210.19,0,At Risk
14194,54,432,18442.87,18.70,10037,110,2009-12-10 19:18:00,2011-12-05 10:38:00,4,54,18442.87,0,At Risk
14195,10,11,2381.24,108.24,2144,300,2010-03-15 17:12:00,2011-05-22 10:29:00,201,10,2381.24,0,At Risk
14196,1,6,335.52,55.92,142,0,2011-08-25 10:25:00,2011-08-25 10:25:00,106,1,335.52,0,At Risk
14197,1,20,390.05,19.50,143,0,2010-10-25 10:01:00,2010-10-25 10:01:00,410,1,390.05,0,At Risk
14198,13,58,1527.58,15.75,623,15,2010-01-05 10:07:00,2011-12-05 16:34:00,3,13,1527.58,0,At Risk
14199,6,15,916.50,45.83,254,24,2010-06-27 12:13:00,2011-05-05 13:44:00,217,6,916.50,0,At Risk
14200,1,21,379.20,18.06,140,0,2010-04-01 13:01:00,2010-04-01 13:01:00,616,1,379.20,0,At Risk
14201,12,47,1134.14,19.90,806,12,2010-04-30 13:00:00,2011-10-10 13:27:00,59,12,1134.14,0,At Risk
14202,3,27,847.76,29.23,166,0,2010-03-25 10:36:00,2010-11-23 17:13:00,380,3,847.76,0,At Risk
14203,1,16,339.34,21.21,80,0,2010-11-07 13:35:00,2010-11-07 13:35:00,396,1,339.34,0,At Risk
14204,4,186,1024.83,4.66,469,0,2009-12-02 13:26:00,2011-12-07 13:38:00,1,4,1024.83,0,At Risk
14205,12,80,2146.58,15.33,1342,107,2010-03-07 12:20:00,2011-11-29 11:56:00,10,12,2146.58,0,At Risk
14206,5,62,1145.21,15.69,930,4,2010-11-02 11:37:00,2011-04-14 16:38:00,238,5,1145.21,0,At Risk
14207,1,2,157.80,78.90,36,0,2010-01-21 09:33:00,2010-01-21 09:33:00,687,1,157.80,0,At Risk
14208,2,34,567.05,16.20,529,0,2010-06-06 13:11:00,2011-09-06 12:48:00,94,2,567.05,0,At Risk
14209,19,133,4937.37,20.83,1739,12,2009-12-07 17:52:00,2011-11-29 10:18:00,10,19,4937.37,0,At Risk
14210,21,143,5509.37,17.16,2511,8,2010-01-06 10:17:00,2011-09-09 12:55:00,90,21,5509.37,0,At Risk
14211,26,155,4301.69,17.00,2575,24,2009-12-09 12:48:00,2011-10-17 13:23:00,52,26,4301.69,0,At Risk
14212,2,18,2190.14,104.29,2046,0,2010-09-20 11:48:00,2011-09-11 12:45:00,89,2,2190.14,0,At Risk
14213,2,5,0.00,0.00,244,244,2010-10-31 10:37:00,2010-12-03 09:47:00,371,2,0.00,0,At Risk
14214,7,64,1000.23,14.29,751,3,2011-03-07 12:26:00,2011-11-09 10:31:00,30,7,1000.23,0,At Risk
14215,10,167,3238.53,17.32,2181,4,2009-12-08 09:35:00,2011-11-28 12:19:00,11,10,3238.53,0,At Risk
14216,6,65,2142.39,27.12,712,3,2010-10-21 15:07:00,2011-12-06 14:56:00,2,6,2142.39,0,At Risk
14217,33,122,3105.52,16.88,1230,23,2010-06-30 12:54:00,2011-12-08 11:53:00,1,33,3105.52,0,At Risk
14218,1,12,169.48,14.12,160,0,2011-10-28 10:00:00,2011-10-28 10:00:00,42,1,169.48,0,At Risk
14219,3,39,633.83,14.74,363,0,2010-08-03 14:42:00,2011-12-05 16:23:00,3,3,633.83,0,At Risk
14220,4,26,1515.00,39.87,468,0,2010-05-19 13:26:00,2011-04-06 13:23:00,246,4,1515.00,0,At Risk
14221,19,167,6506.59,18.64,3808,2,2009-12-04 10:28:00,2011-10-28 13:42:00,41,19,6506.59,0,At Risk
14222,1,41,683.17,16.66,607,0,2011-06-15 16:42:00,2011-06-15 16:42:00,176,1,683.17,0,At Risk
14223,4,50,975.23,15.99,585,2,2011-03-20 16:02:00,2011-09-08 13:38:00,91,4,975.23,0,At Risk
14224,9,189,1841.71,8.04,826,0,2010-06-13 13:46:00,2011-08-21 13:24:00,109,9,1841.71,0,At Risk
14225,5,70,2009.17,22.32,1167,13,2010-01-12 15:02:00,2010-10-01 10:32:00,434,5,2009.17,0,At Risk
14226,9,89,2950.38,28.37,1714,9,2010-09-24 14:32:00,2011-11-11 11:34:00,28,9,2950.38,0,At Risk
14227,22,246,6327.31,16.31,4048,12,2010-02-08 09:38:00,2011-11-13 15:48:00,25,22,6327.31,0,At Risk
14228,3,38,745.50,19.62,260,0,2010-06-11 12:29:00,2010-09-28 09:45:00,437,3,745.50,0,At Risk
14229,11,41,2468.99,31.65,934,23,2010-08-25 11:47:00,2011-10-19 10:04:00,51,11,2468.99,0,At Risk
14230,3,27,979.80,29.69,246,0,2010-06-09 13:56:00,2010-09-30 09:07:00,435,3,979.80,0,At Risk
14231,6,66,1131.97,15.51,610,7,2010-09-15 09:52:00,2011-06-13 15:35:00,178,6,1131.97,0,At Risk
14232,8,81,2043.93,17.32,1941,4,2011-03-20 12:44:00,2011-11-08 12:17:00,31,8,2043.93,0,At Risk
14233,10,42,2766.96,35.93,1261,35,2010-03-05 16:35:00,2011-10-27 09:25:00,43,10,2766.96,0,At Risk
14234,4,122,754.12,5.13,951,0,2011-10-13 13:58:00,2011-11-17 17:53:00,21,4,754.12,0,At Risk
14235,10,107,4666.99,31.32,3014,12,2010-03-30 13:36:00,2011-11-29 13:26:00,9,10,4666.99,0,At Risk
14236,7,39,1543.44,31.50,774,2,2010-07-22 14:27:00,2011-09-20 09:13:00,80,7,1543.44,0,At Risk
14237,3,26,466.04,17.26,238,2,2010-04-28 10:04:00,2010-12-01 13:20:00,372,3,466.04,0,At Risk
14238,3,13,434.23,33.40,189,0,2009-12-05 10:58:00,2011-01-17 14:40:00,325,3,434.23,0,At Risk
14239,24,97,4203.72,19.55,1729,8,2009-12-05 12:36:00,2011-10-27 14:40:00,42,24,4203.72,0,At Risk
14240,3,46,1247.49,20.45,655,0,2010-10-12 12:48:00,2011-11-09 13:45:00,29,3,1247.49,0,At Risk
14241,2,12,333.70,27.81,242,0,2010-01-12 15:11:00,2011-06-09 11:46:00,183,2,333.70,0,At Risk
14242,2,13,280.55,17.53,123,0,2011-01-18 08:53:00,2011-04-19 11:46:00,234,2,280.55,0,At Risk
14243,23,235,7152.06,19.12,3631,21,2010-08-20 13:41:00,2011-12-01 11:12:00,8,23,7152.06,0,At Risk
14244,2,16,354.82,17.74,814,12,2010-02-17 11:40:00,2010-02-18 17:09:00,658,2,354.82,0,At Risk
14245,5,107,1677.48,14.98,976,5,2011-03-21 10:41:00,2011-06-16 14:33:00,175,5,1677.48,0,At Risk
14246,3,57,1474.06,19.65,804,0,2011-04-08 08:25:00,2011-08-21 11:50:00,110,3,1474.06,0,At Risk
14247,6,82,750.61,6.58,378,1,2010-06-06 15:07:00,2011-03-06 15:21:00,277,6,750.61,0,At Risk
14248,3,41,1032.95,21.98,692,0,2010-07-12 14:27:00,2011-01-25 14:45:00,317,3,1032.95,0,At Risk
14249,12,178,5400.46,19.85,2383,0,2010-01-29 14:21:00,2010-10-25 12:34:00,410,12,5400.46,0,At Risk
14250,3,94,1904.05,17.15,1200,0,2011-09-11 13:44:00,2011-12-02 14:30:00,6,3,1904.05,0,At Risk
14251,5,37,2879.70,36.92,1674,0,2011-10-13 12:46:00,2011-12-08 08:32:00,1,5,2879.70,0,At Risk
14252,1,10,350.99,35.10,111,0,2010-11-23 13:36:00,2010-11-23 13:36:00,380,1,350.99,0,At Risk
14253,2,11,363.40,30.28,88,0,2010-03-26 15:08:00,2010-08-03 14:55:00,492,2,363.40,0,At Risk
14254,1,23,601.03,26.13,263,0,2010-10-03 11:52:00,2010-10-03 11:52:00,432,1,601.03,0,At Risk
14255,4,1,-1441.60,-360.40,1,3,2010-06-11 15:44:00,2010-06-11 15:57:00,545,4,-1441.60,0,At Risk
14256,9,100,2384.14,17.28,1147,9,2010-01-14 10:35:00,2011-03-30 16:39:00,253,9,2384.14,0,At Risk
14257,10,168,5942.00,24.66,3332,5,2010-03-01 15:36:00,2011-10-19 13:38:00,50,10,5942.00,0,At Risk
14258,32,99,31027.35,99.77,17488,241,2009-12-04 08:36:00,2011-11-30 15:27:00,8,32,31027.35,0,At Risk
14259,1,5,120.00,24.00,68,0,2011-07-21 10:44:00,2011-07-21 10:44:00,141,1,120.00,0,At Risk
14260,3,50,824.28,16.16,544,0,2010-06-09 11:23:00,2010-08-25 14:55:00,470,3,824.28,0,At Risk
14261,2,52,1163.45,22.37,406,0,2011-09-22 10:47:00,2011-10-20 10:04:00,50,2,1163.45,0,At Risk
14262,8,87,2618.23,18.31,1645,0,2011-04-13 12:23:00,2011-12-01 14:17:00,7,8,2618.23,0,At Risk
14263,1,16,322.93,20.18,171,0,2010-10-12 14:09:00,2010-10-12 14:09:00,422,1,322.93,0,At Risk
14264,8,59,1475.86,18.00,553,8,2010-04-07 13:21:00,2011-07-08 10:20:00,154,8,1475.86,0,At Risk
14265,4,74,1373.35,17.38,715,0,2010-04-06 14:39:00,2011-08-22 13:32:00,108,4,1373.35,0,At Risk
14266,1,1,40.56,40.56,24,0,2010-10-07 13:32:00,2010-10-07 13:32:00,427,1,40.56,0,At Risk
14267,9,26,1259.19,18.52,530,71,2009-12-08 19:09:00,2011-07-12 11:11:00,150,9,1259.19,0,At Risk
14268,1,19,354.85,18.68,147,0,2010-08-26 10:45:00,2010-08-26 10:45:00,470,1,354.85,0,At Risk
14269,2,16,261.68,13.08,123,9,2010-09-26 12:53:00,2010-09-30 18:19:00,434,2,261.68,0,At Risk
14270,1,29,492.65,16.99,197,0,2011-01-12 09:33:00,2011-01-12 09:33:00,331,1,492.65,0,At Risk
14271,2,38,214.18,5.64,148,0,2010-10-26 17:01:00,2011-04-28 12:47:00,225,2,214.18,0,At Risk
14272,4,62,920.81,14.39,1097,0,2010-05-06 14:01:00,2011-09-27 10:08:00,73,4,920.81,0,At Risk
14273,4,22,559.97,19.31,264,0,2011-04-11 13:24:00,2011-10-19 13:20:00,50,4,559.97,0,At Risk
14274,1,15,256.60,17.11,178,0,2010-01-22 12:51:00,2010-01-22 12:51:00,685,1,256.60,0,At Risk
14275,6,14,1189.38,51.71,538,0,2010-04-11 12:32:00,2010-11-09 09:06:00,395,6,1189.38,0,At Risk
14276,13,76,1929.32,13.40,1406,62,2010-02-17 13:10:00,2011-09-12 17:49:00,87,13,1929.32,0,At Risk
14277,14,347,4296.27,9.24,89806,87923,2009-12-03 17:52:00,2011-11-24 15:01:00,14,14,4296.27,0,At Risk
14278,1,13,205.83,15.83,131,0,2010-10-26 12:07:00,2010-10-26 12:07:00,409,1,205.83,0,At Risk
14279,2,3,191.86,63.95,46,0,2010-01-27 16:34:00,2010-07-07 08:42:00,520,2,191.86,0,At Risk
14280,1,8,134.04,16.76,52,0,2011-05-27 10:37:00,2011-05-27 10:37:00,196,1,134.04,0,At Risk
14281,1,7,245.15,35.02,45,0,2010-10-27 14:45:00,2010-10-27 14:45:00,407,1,245.15,0,At Risk
14282,26,100,7245.76,30.19,5166,4,2010-02-15 11:22:00,2011-12-06 17:04:00,2,26,7245.76,0,At Risk
14283,4,36,628.44,15.33,550,0,2010-05-19 12:22:00,2010-09-02 14:46:00,462,4,628.44,0,At Risk
14284,4,59,1282.85,18.59,510,4,2010-02-24 12:06:00,2011-11-09 08:11:00,30,4,1282.85,0,At Risk
14285,9,49,3158.64,50.95,954,1,2009-12-08 14:13:00,2011-11-18 14:50:00,20,9,3158.64,0,At Risk
14286,12,270,8396.70,16.46,8795,100,2009-12-04 08:40:00,2011-11-16 10:34:00,23,12,8396.70,0,At Risk
14287,4,10,151.23,13.75,261,25,2011-05-25 11:41:00,2011-12-01 13:25:00,7,4,151.23,0,At Risk
14288,2,16,413.85,24.34,188,1,2011-05-10 13:22:00,2011-05-11 15:17:00,211,2,413.85,0,At Risk
14289,6,33,911.26,19.39,292,0,2011-02-23 12:33:00,2011-12-01 11:44:00,8,6,911.26,0,At Risk
14290,14,133,4208.93,24.47,1600,86,2009-12-08 11:44:00,2011-11-28 14:02:00,10,14,4208.93,0,At Risk
14291,25,241,7844.40,15.78,6146,6,2009-12-09 10:46:00,2011-12-08 10:26:00,1,25,7844.40,0,At Risk
14292,27,124,8887.90,42.94,3429,56,2009-12-01 12:19:00,2011-12-02 11:50:00,7,27,8887.90,0,At Risk
14293,10,88,2809.41,23.41,1558,144,2009-12-10 10:57:00,2011-12-06 15:17:00,2,10,2809.41,0,At Risk
14294,1,23,375.34,16.32,190,0,2010-10-28 16:25:00,2010-10-28 16:25:00,406,1,375.34,0,At Risk
14295,8,68,2316.06,30.47,1029,7,2009-12-08 09:49:00,2011-10-30 15:50:00,39,8,2316.06,0,At Risk
14296,3,27,448.45,16.02,314,1,2010-05-14 14:34:00,2010-10-22 09:25:00,413,3,448.45,0,At Risk
14297,6,49,1284.06,20.06,865,4,2011-03-10 08:31:00,2011-11-22 09:06:00,17,6,1284.06,0,At Risk
14298,84,1370,90489.31,31.55,100272,418,2009-12-11 13:49:00,2011-12-06 15:04:00,2,84,90489.31,1,Potential Loyal
14299,41,166,12607.53,34.64,8136,175,2009-12-02 10:58:00,2011-12-01 16:05:00,7,41,12607.53,0,At Risk
14300,1,3,43.20,14.40,32,0,2011-11-21 08:57:00,2011-11-21 08:57:00,18,1,43.20,0,At Risk
14301,7,37,1956.23,32.60,1686,13,2010-02-11 13:07:00,2011-08-24 09:04:00,107,7,1956.23,0,At Risk
14302,3,25,742.90,26.53,298,0,2009-12-02 08:16:00,2010-10-05 08:10:00,430,3,742.90,0,At Risk
14303,2,21,277.94,12.63,218,0,2010-10-01 10:31:00,2010-10-28 15:37:00,406,2,277.94,0,At Risk
14304,5,69,1523.81,15.39,775,88,2010-05-18 10:50:00,2011-05-01 11:50:00,222,5,1523.81,0,At Risk
14305,5,96,1803.76,16.40,1089,20,2011-07-27 14:14:00,2011-09-29 15:29:00,70,5,1803.76,0,At Risk
14306,7,43,3141.50,65.45,2065,2,2010-01-31 13:42:00,2011-10-19 13:23:00,50,7,3141.50,0,At Risk
14307,11,205,4279.97,16.27,2816,1,2009-12-07 13:06:00,2011-09-12 09:38:00,88,11,4279.97,0,At Risk
14308,5,1,-849.45,-169.89,2,3,2010-06-08 16:22:00,2010-06-08 16:52:00,548,5,-849.45,0,At Risk
14309,12,125,3747.96,19.22,2583,14,2010-06-07 10:24:00,2011-12-01 13:33:00,7,12,3747.96,0,At Risk
14310,1,22,492.10,22.37,230,0,2010-10-03 12:34:00,2010-10-03 12:34:00,432,1,492.10,0,At Risk
14311,3,31,435.90,11.47,235,21,2010-05-21 10:28:00,2011-04-28 19:49:00,224,3,435.90,0,At Risk
14312,11,148,3090.29,17.17,1904,0,2010-07-23 15:05:00,2011-10-24 09:46:00,46,11,3090.29,0,At Risk
14313,1,1,-302.31,-302.31,0,1,2010-03-25 16:20:00,2010-03-25 16:20:00,623,1,-302.31,0,At Risk
14314,3,10,221.90,20.17,332,2,2010-10-05 08:00:00,2011-08-25 10:39:00,106,3,221.90,0,At Risk
14315,10,83,3168.72,23.13,1344,12,2010-03-15 12:49:00,2011-11-18 15:35:00,20,10,3168.72,0,At Risk
14316,6,21,1355.34,42.35,4494,12,2010-03-19 15:18:00,2010-10-13 16:31:00,421,6,1355.34,0,At Risk
14317,1,24,508.58,21.19,255,0,2011-10-06 10:44:00,2011-10-06 10:44:00,64,1,508.58,0,At Risk
14318,1,9,158.02,17.56,152,0,2010-09-05 15:32:00,2010-09-05 15:32:00,459,1,158.02,0,At Risk
14319,2,27,476.95,17.66,329,2,2009-12-11 11:59:00,2010-10-11 13:38:00,423,2,476.95,0,At Risk
14320,7,68,1204.12,12.95,713,87,2010-01-21 11:44:00,2011-05-17 09:24:00,206,7,1204.12,0,At Risk
14321,8,163,2198.58,12.15,3275,4,2010-08-23 12:56:00,2011-11-29 09:47:00,10,8,2198.58,0,At Risk
14322,6,10,384.30,22.61,158,16,2010-02-18 08:49:00,2010-10-08 13:14:00,426,6,384.30,0,At Risk
14323,4,32,574.26,14.01,350,10,2011-04-15 11:44:00,2011-08-17 11:37:00,114,4,574.26,0,At Risk
14324,2,41,701.61,17.11,402,0,2010-01-15 13:31:00,2010-10-26 11:44:00,409,2,701.61,0,At Risk
14325,1,18,245.48,13.64,320,0,2010-05-19 09:20:00,2010-05-19 09:20:00,569,1,245.48,0,At Risk
14326,4,54,923.98,15.93,572,4,2010-06-25 12:10:00,2011-04-19 11:08:00,234,4,923.98,0,At Risk
14327,6,99,1894.93,17.88,1296,0,2010-01-08 14:04:00,2011-06-29 13:58:00,162,6,1894.93,0,At Risk
14328,3,1,-445.06,-148.35,1,2,2010-09-09 16:43:00,2010-10-05 10:47:00,430,3,-445.06,0,At Risk
14329,28,349,9695.92,16.98,5913,34,2009-12-16 15:31:00,2011-12-01 08:27:00,8,28,9695.92,0,At Risk
14330,1,13,200.63,15.43,103,0,2010-03-26 09:10:00,2010-03-26 09:10:00,623,1,200.63,0,At Risk
14331,2,27,462.66,16.52,252,0,2011-07-27 15:14:00,2011-08-07 13:17:00,123,2,462.66,0,At Risk
14332,5,47,1917.41,30.93,875,0,2010-10-19 13:01:00,2011-11-17 11:54:00,22,5,1917.41,0,At Risk
14333,2,15,351.45,18.50,58,6,2011-10-03 10:38:00,2011-10-06 19:25:00,63,2,351.45,0,At Risk
14334,14,148,4292.98,16.51,2986,2,2010-05-20 10:04:00,2011-11-23 10:01:00,16,14,4292.98,0,At Risk
14335,2,55,454.86,7.58,375,0,2011-09-04 13:07:00,2011-11-23 13:41:00,15,2,454.86,0,At Risk
14336,4,77,1614.91,17.94,1759,0,2011-03-08 16:48:00,2011-11-23 11:40:00,16,4,1614.91,0,At Risk
14337,1,36,-658.63,-18.30,0,393,2009-12-08 14:04:00,2009-12-08 14:04:00,730,1,-658.63,0,At Risk
14338,5,43,894.10,16.87,622,6,2010-06-21 10:32:00,2011-07-04 16:00:00,157,5,894.10,0,At Risk
14339,5,22,600.66,22.25,456,18,2010-10-07 08:50:00,2011-04-19 11:31:00,234,5,600.66,0,At Risk
14340,1,6,134.70,22.45,58,0,2011-05-05 09:44:00,2011-05-05 09:44:00,218,1,134.70,0,At Risk
14341,20,185,4428.17,16.58,2813,3,2009-12-01 12:20:00,2011-10-25 15:48:00,44,20,4428.17,0,At Risk
14342,9,28,842.74,22.78,521,13,2010-08-24 13:03:00,2011-11-18 13:21:00,20,9,842.74,0,At Risk
14343,4,193,1079.66,4.61,626,0,2010-01-18 16:47:00,2010-10-14 13:05:00,420,4,1079.66,0,At Risk
14344,20,140,2993.05,13.01,1546,0,2010-03-23 15:47:00,2011-08-04 13:51:00,126,20,2993.05,0,At Risk
14345,1,6,108.98,18.16,50,0,2011-11-01 09:51:00,2011-11-01 09:51:00,38,1,108.98,0,At Risk
14346,5,123,2315.75,15.86,1878,0,2010-07-30 10:44:00,2011-08-11 09:47:00,120,5,2315.75,0,At Risk
14347,1,6,82.60,13.77,48,0,2009-12-03 10:49:00,2009-12-03 10:49:00,736,1,82.60,0,At Risk
14348,1,18,409.57,22.75,183,0,2011-03-24 16:23:00,2011-03-24 16:23:00,259,1,409.57,0,At Risk
14349,1,31,133.50,4.31,86,0,2011-11-29 15:39:00,2011-11-29 15:39:00,9,1,133.50,0,At Risk
14350,4,56,947.80,15.29,543,17,2010-10-05 15:52:00,2011-03-14 12:27:00,270,4,947.80,0,At Risk
14351,1,1,51.00,51.00,12,0,2011-06-28 11:56:00,2011-06-28 11:56:00,164,1,51.00,0,At Risk
14352,4,44,1078.96,22.96,538,0,2011-03-11 14:58:00,2011-07-05 15:41:00,156,4,1078.96,0,At Risk
14353,3,18,376.50,15.06,344,0,2010-10-04 12:38:00,2011-05-08 16:06:00,214,3,376.50,0,At Risk
14354,2,9,163.62,18.18,210,0,2011-11-09 15:36:00,2011-12-04 11:32:00,5,2,163.62,0,At Risk
14355,3,57,840.05,14.00,617,0,2010-03-22 15:08:00,2010-12-09 12:16:00,365,3,840.05,0,At Risk
14356,4,36,666.94,17.55,277,11,2011-09-19 14:43:00,2011-10-10 17:16:00,59,4,666.94,0,At Risk
14357,1,39,225.12,5.63,147,0,2011-10-27 16:23:00,2011-10-27 16:23:00,42,1,225.12,0,At Risk
14358,3,22,384.30,14.78,338,1,2010-01-26 17:24:00,2010-11-15 15:51:00,388,3,384.30,0,At Risk
14359,6,44,882.58,15.22,371,8,2011-09-13 09:03:00,2011-11-20 13:17:00,18,6,882.58,0,At Risk
14360,4,104,2118.03,18.10,1139,0,2011-09-06 11:58:00,2011-11-08 09:12:00,31,4,2118.03,0,At Risk
14361,1,14,214.71,15.34,251,0,2010-05-10 12:29:00,2010-05-10 12:29:00,578,1,214.71,0,At Risk
14362,1,37,151.50,4.09,96,0,2011-11-17 15:08:00,2011-11-17 15:08:00,21,1,151.50,0,At Risk
14363,2,8,227.47,28.43,105,0,2010-09-14 14:39:00,2010-11-02 17:01:00,401,2,227.47,0,At Risk
14364,8,61,3717.35,53.87,1967,0,2011-05-12 12:56:00,2011-08-23 11:01:00,108,8,3717.35,0,At Risk
14365,2,50,634.68,12.44,557,0,2010-01-27 09:44:00,2010-11-10 09:52:00,394,2,634.68,0,At Risk
14366,1,1,136.00,136.00,16,0,2010-07-02 17:23:00,2010-07-02 17:23:00,524,1,136.00,0,At Risk
14367,19,270,9134.12,17.23,4426,28,2011-03-08 14:12:00,2011-12-01 13:19:00,7,19,9134.12,0,At Risk
14368,1,8,155.00,19.38,36,0,2011-01-24 09:52:00,2011-01-24 09:52:00,319,1,155.00,0,At Risk
14369,2,24,469.13,18.04,255,0,2010-02-16 10:28:00,2010-03-07 15:47:00,641,2,469.13,0,At Risk
14370,9,37,1092.13,22.29,266,9,2010-02-01 08:35:00,2010-09-15 10:53:00,450,9,1092.13,0,At Risk
14371,1,4,100.50,25.13,34,0,2011-02-17 16:35:00,2011-02-17 16:35:00,294,1,100.50,0,At Risk
14372,3,37,830.18,21.29,378,2,2009-12-14 13:43:00,2010-09-22 16:17:00,442,3,830.18,0,At Risk
14373,1,4,76.55,19.14,17,0,2010-12-16 15:40:00,2010-12-16 15:40:00,357,1,76.55,0,At Risk
14374,1,7,108.00,15.43,20,0,2010-06-16 14:25:00,2010-06-16 14:25:00,540,1,108.00,0,At Risk
14375,3,176,1106.82,5.40,647,0,2010-06-16 14:34:00,2011-06-07 13:44:00,184,3,1106.82,0,At Risk
14376,1,17,215.46,11.97,50,0,2010-01-25 15:36:00,2010-01-25 15:36:00,682,1,215.46,0,At Risk
14377,2,11,617.05,56.10,219,0,2011-03-22 13:38:00,2011-06-01 13:32:00,190,2,617.05,0,At Risk
14378,1,9,131.25,14.58,57,0,2010-03-28 12:22:00,2010-03-28 12:22:00,621,1,131.25,0,At Risk
14379,4,93,1265.16,9.88,712,0,2010-08-16 15:31:00,2011-10-26 16:43:00,43,4,1265.16,0,At Risk
14380,2,2,-99.73,-49.87,1,1,2010-01-26 17:11:00,2010-04-15 15:47:00,602,2,-99.73,0,At Risk
14381,2,104,625.94,5.59,449,0,2010-09-14 16:15:00,2011-10-18 17:10:00,51,2,625.94,0,At Risk
14382,3,228,1187.68,4.24,1667,1,2010-11-14 16:27:00,2011-11-13 16:18:00,25,3,1187.68,0,At Risk
14383,3,49,1247.69,21.15,817,0,2011-06-29 10:18:00,2011-11-01 15:53:00,37,3,1247.69,0,At Risk
14384,1,3,58.50,19.50,30,0,2010-07-27 09:53:00,2010-07-27 09:53:00,500,1,58.50,0,At Risk
14385,3,13,202.11,14.44,159,0,2011-11-16 11:55:00,2011-11-30 15:36:00,8,3,202.11,0,At Risk
14386,1,7,142.40,20.34,54,0,2011-02-16 09:45:00,2011-02-16 09:45:00,296,1,142.40,0,At Risk
14387,3,125,1727.60,12.43,795,0,2011-08-22 14:13:00,2011-11-07 12:29:00,32,3,1727.60,0,At Risk
14388,20,184,6289.95,15.53,4190,21,2010-01-20 11:54:00,2011-12-01 11:13:00,8,20,6289.95,0,At Risk
14389,11,54,1821.07,15.43,1388,55,2009-12-10 19:13:00,2011-12-01 09:19:00,8,11,1821.07,0,At Risk
14390,18,197,6079.48,13.05,2830,13,2010-10-10 14:30:00,2011-11-29 13:49:00,9,18,6079.48,0,At Risk
14391,1,14,135.60,9.69,168,0,2010-05-12 09:42:00,2010-05-12 09:42:00,576,1,135.60,0,At Risk
14392,1,14,266.40,19.03,114,0,2010-10-03 12:56:00,2010-10-03 12:56:00,431,1,266.40,0,At Risk
14393,1,5,67.95,13.59,13,0,2011-05-05 18:16:00,2011-05-05 18:16:00,217,1,67.95,0,At Risk
14394,1,6,93.80,15.63,58,0,2010-05-24 10:43:00,2010-05-24 10:43:00,564,1,93.80,0,At Risk
14395,24,320,7754.73,9.89,3872,6,2010-04-18 13:12:00,2011-12-07 14:34:00,1,24,7754.73,0,At Risk
14396,7,202,1969.38,7.91,959,0,2009-12-02 14:21:00,2011-10-05 16:09:00,64,7,1969.38,0,At Risk
14397,23,18,2556.68,26.91,1890,38,2011-05-10 12:25:00,2011-12-09 09:57:00,0,23,2556.68,0,At Risk
14398,2,50,707.79,13.35,267,0,2010-06-30 11:57:00,2010-11-03 13:46:00,400,2,707.79,0,At Risk
14399,9,120,2093.21,10.73,965,8,2010-02-03 13:08:00,2010-11-10 13:23:00,393,9,2093.21,0,At Risk
14400,5,71,1703.00,22.12,1706,13,2010-03-18 12:11:00,2011-07-21 18:05:00,140,5,1703.00,0,At Risk
14401,25,171,6703.40,24.83,6401,22,2009-12-14 13:22:00,2011-12-05 13:30:00,3,25,6703.40,0,At Risk
14402,1,8,285.60,35.70,240,0,2010-02-25 13:20:00,2010-02-25 13:20:00,651,1,285.60,0,At Risk
14403,9,20,1822.76,55.24,737,11,2010-03-10 14:00:00,2011-08-01 12:57:00,129,9,1822.76,0,At Risk
14404,15,123,2625.13,14.34,1577,20,2009-12-20 14:40:00,2011-11-06 12:30:00,33,15,2625.13,0,At Risk
14405,1,2,195.00,97.50,100,0,2010-11-18 11:40:00,2010-11-18 11:40:00,386,1,195.00,0,At Risk
14406,1,8,156.75,19.59,77,0,2011-08-12 16:54:00,2011-08-12 16:54:00,118,1,156.75,0,At Risk
14407,9,67,2111.08,27.78,1415,3,2011-03-08 11:59:00,2011-08-24 14:02:00,106,9,2111.08,0,At Risk
14408,11,63,4102.27,32.05,2438,0,2009-12-07 12:18:00,2011-11-29 11:41:00,10,11,4102.27,0,At Risk
14409,10,76,3276.09,31.20,2233,72,2010-05-21 16:45:00,2011-09-29 18:18:00,70,10,3276.09,0,At Risk
14410,17,311,2105.08,4.41,1369,279,2010-09-28 15:46:00,2011-11-24 11:16:00,15,17,2105.08,0,At Risk
14411,1,14,1063.00,75.93,196,0,2011-02-02 10:56:00,2011-02-02 10:56:00,310,1,1063.00,0,At Risk
14412,4,75,1417.49,16.48,1428,2,2010-10-11 12:33:00,2011-11-04 13:14:00,34,4,1417.49,0,At Risk
14413,4,93,764.52,7.96,277,0,2010-01-19 14:27:00,2010-12-12 13:37:00,361,4,764.52,0,At Risk
14414,9,99,2387.48,20.06,2877,3,2010-11-30 10:12:00,2011-09-09 12:09:00,91,9,2387.48,0,At Risk
14415,32,446,11803.62,9.27,6263,58,2009-12-16 14:08:00,2011-12-08 14:38:00,0,32,11803.62,0,At Risk
14416,2,13,490.22,35.02,326,0,2011-10-28 15:10:00,2011-11-17 15:22:00,21,2,490.22,0,At Risk
14417,1,106,524.65,4.48,543,0,2010-11-17 10:55:00,2010-11-17 10:55:00,387,1,524.65,0,At Risk
14418,3,114,1937.25,15.62,1711,0,2011-08-23 17:18:00,2011-12-06 11:39:00,3,3,1937.25,0,At Risk
14419,7,118,1254.64,5.58,552,0,2010-11-22 11:09:00,2011-11-29 11:22:00,10,7,1254.64,0,At Risk
14420,7,85,1627.72,16.78,1120,5,2010-01-17 12:41:00,2011-09-15 16:57:00,84,7,1627.72,0,At Risk
14421,7,72,2456.62,25.33,1342,1,2010-01-17 11:30:00,2011-10-13 13:24:00,56,7,2456.62,0,At Risk
14422,21,317,10200.92,18.38,6067,8,2009-12-17 12:12:00,2011-12-09 11:26:00,0,21,10200.92,0,At Risk
14423,4,12,914.96,57.19,419,1,2010-01-14 11:49:00,2011-05-05 15:12:00,217,4,914.96,0,At Risk
14424,1,1,322.08,322.08,48,0,2011-11-22 11:48:00,2011-11-22 11:48:00,17,1,322.08,0,At Risk
14425,5,36,635.89,15.51,325,6,2009-12-02 11:31:00,2010-10-08 14:24:00,426,5,635.89,0,At Risk
14426,27,452,11103.97,17.06,7023,367,2010-03-04 14:36:00,2011-11-21 11:47:00,18,27,11103.97,0,At Risk
14427,4,43,1263.52,28.72,538,0,2010-03-18 09:49:00,2011-10-20 14:23:00,49,4,1263.52,0,At Risk
14428,7,108,1209.37,8.58,428,8,2011-01-18 16:39:00,2011-12-02 13:17:00,6,7,1209.37,0,At Risk
14429,1,22,516.28,23.47,286,0,2010-11-01 10:08:00,2010-11-01 10:08:00,403,1,516.28,0,At Risk
14430,5,33,956.40,23.91,446,38,2010-04-11 15:59:00,2010-07-16 11:35:00,511,5,956.40,0,At Risk
14431,5,72,2567.10,30.20,1202,6,2010-01-21 10:49:00,2011-02-14 10:56:00,298,5,2567.10,0,At Risk
14432,6,256,2248.50,5.96,2013,0,2011-09-11 14:09:00,2011-11-30 08:04:00,9,6,2248.50,0,At Risk
14433,1,72,280.70,3.79,131,0,2010-08-31 12:35:00,2010-08-31 12:35:00,465,1,280.70,0,At Risk
14434,6,3,1372.80,114.40,368,0,2011-09-28 15:31:00,2011-11-18 08:56:00,21,6,1372.80,0,At Risk
14435,1,3,90.42,30.14,282,0,2010-07-26 12:33:00,2010-07-26 12:33:00,501,1,90.42,0,At Risk
14436,2,11,271.70,24.70,297,0,2010-06-04 11:32:00,2011-09-02 10:13:00,98,2,271.70,0,At Risk
14437,7,35,744.44,16.92,420,7,2010-05-05 12:20:00,2011-07-19 14:56:00,142,7,744.44,0,At Risk
14438,1,9,131.90,14.66,82,0,2011-02-06 14:56:00,2011-02-06 14:56:00,305,1,131.90,0,At Risk
14439,5,105,9443.04,73.20,2244,0,2010-01-21 14:01:00,2011-01-24 11:39:00,319,5,9443.04,0,At Risk
14440,15,63,5870.13,45.15,1605,10,2009-12-02 12:13:00,2011-12-01 15:42:00,7,15,5870.13,0,At Risk
14441,19,104,4370.09,26.65,1260,18,2010-01-18 10:40:00,2011-12-09 09:07:00,0,19,4370.09,0,At Risk
14442,12,130,5272.02,27.75,1431,11,2010-01-18 12:59:00,2011-12-08 11:53:00,1,12,5272.02,0,At Risk
14443,8,119,2063.65,14.95,1357,7,2010-11-25 14:18:00,2011-10-17 10:10:00,53,8,2063.65,0,At Risk
14444,1,11,120.44,10.95,172,0,2010-09-09 18:56:00,2010-09-09 18:56:00,455,1,120.44,0,At Risk
14445,1,32,221.65,6.93,83,0,2010-09-10 11:09:00,2010-09-10 11:09:00,455,1,221.65,0,At Risk
14446,5,259,1200.28,3.76,1091,0,2010-11-18 12:08:00,2011-12-09 11:34:00,0,5,1200.28,0,At Risk
14447,6,81,1711.73,16.15,913,0,2010-11-04 13:32:00,2011-11-21 08:28:00,18,6,1711.73,0,At Risk
14448,2,20,375.35,18.77,104,0,2010-12-10 17:26:00,2011-11-30 13:50:00,8,2,375.35,0,At Risk
14449,8,301,2230.96,4.62,1604,0,2010-09-29 13:15:00,2011-11-21 12:06:00,18,8,2230.96,0,At Risk
14450,7,47,1128.44,14.85,522,0,2010-04-08 12:09:00,2011-06-12 10:46:00,180,7,1128.44,0,At Risk
14451,18,245,3215.50,6.20,1737,34,2010-01-17 10:35:00,2011-10-10 13:38:00,59,18,3215.50,0,At Risk
14452,4,108,658.95,5.11,285,0,2010-07-06 13:13:00,2011-11-29 12:06:00,10,4,658.95,0,At Risk
14453,1,22,119.93,5.45,49,0,2011-06-02 14:15:00,2011-06-02 14:15:00,189,1,119.93,0,At Risk
14454,6,94,970.70,8.75,400,4,2009-12-06 12:56:00,2010-11-28 13:26:00,375,6,970.70,0,At Risk
14455,5,66,584.37,7.30,706,37,2010-08-01 13:26:00,2010-10-03 15:48:00,431,5,584.37,0,At Risk
14456,14,580,3002.51,3.15,2885,7,2011-07-20 13:06:00,2011-12-04 13:59:00,4,14,3002.51,0,At Risk
14457,1,4,113.64,28.41,88,0,2011-02-02 09:39:00,2011-02-02 09:39:00,310,1,113.64,0,At Risk
14458,1,46,228.07,4.85,317,0,2010-11-24 12:43:00,2010-11-24 12:43:00,380,1,228.07,0,At Risk
14459,3,113,5339.14,46.83,2303,1,2010-02-26 13:26:00,2011-07-07 13:35:00,154,3,5339.14,0,At Risk
14460,12,33,919.60,19.16,1879,118,2009-12-15 19:06:00,2011-08-21 14:19:00,109,12,919.60,0,At Risk
14461,14,515,6661.01,10.46,3005,2,2010-01-18 12:48:00,2011-07-14 17:11:00,147,14,6661.01,0,At Risk
14462,16,183,2204.69,7.68,1063,32,2010-10-03 14:13:00,2011-10-07 09:22:00,63,16,2204.69,0,At Risk
14463,4,7,786.57,98.32,210,0,2010-07-28 11:35:00,2011-09-02 15:20:00,97,4,786.57,0,At Risk
14464,2,4,111.00,27.75,62,0,2010-03-22 15:20:00,2010-05-20 18:00:00,567,2,111.00,0,At Risk
14465,11,128,3925.85,20.34,2539,0,2010-01-07 15:03:00,2011-04-07 12:38:00,246,11,3925.85,0,At Risk
14466,13,77,4267.15,20.71,2507,0,2009-12-13 15:44:00,2011-11-10 14:07:00,28,13,4267.15,0,At Risk
14467,12,144,2203.24,7.27,1187,0,2009-12-02 12:44:00,2011-11-22 12:48:00,17,12,2203.24,0,At Risk
14468,1,12,204.24,17.02,164,0,2009-12-06 12:21:00,2009-12-06 12:21:00,733,1,204.24,0,At Risk
14469,4,120,2093.46,14.44,973,0,2010-01-29 11:12:00,2010-10-19 14:30:00,415,4,2093.46,0,At Risk
14470,3,56,712.04,11.87,282,0,2010-10-05 12:39:00,2011-11-28 10:31:00,11,3,712.04,0,At Risk
14471,2,38,400.95,9.78,187,0,2009-12-07 12:26:00,2010-04-27 17:12:00,590,2,400.95,0,At Risk
14472,9,173,2118.72,6.86,1271,0,2010-01-19 13:09:00,2011-08-28 11:01:00,103,9,2118.72,0,At Risk
14473,2,7,234.34,33.48,88,0,2011-03-02 13:56:00,2011-09-26 15:10:00,73,2,234.34,0,At Risk
14474,3,122,1248.94,9.76,448,1,2010-05-09 12:12:00,2011-10-27 12:57:00,42,3,1248.94,0,At Risk
14475,7,41,1025.12,19.34,541,19,2010-10-27 09:20:00,2011-09-29 10:46:00,71,7,1025.12,0,At Risk
14476,1,17,193.00,11.35,110,0,2011-03-27 15:39:00,2011-03-27 15:39:00,256,1,193.00,0,At Risk
14477,10,7,1960.61,115.33,1120,5,2009-12-23 10:17:00,2011-11-20 11:11:00,19,10,1960.61,0,At Risk
14478,4,59,1276.66,18.77,1226,0,2009-12-01 13:20:00,2010-11-22 15:29:00,381,4,1276.66,0,At Risk
14479,4,127,1124.71,8.09,562,0,2009-12-06 13:48:00,2011-03-31 09:07:00,253,4,1124.71,0,At Risk
14480,5,52,1295.27,19.63,670,1,2009-12-21 16:32:00,2011-11-28 16:35:00,10,5,1295.27,0,At Risk
14481,6,115,1908.52,12.64,1568,1,2010-01-31 12:43:00,2011-06-28 10:38:00,164,6,1908.52,0,At Risk
14482,14,185,4141.06,16.83,2869,86,2010-08-26 14:13:00,2011-11-21 13:14:00,17,14,4141.06,0,At Risk
14483,3,14,249.20,17.80,193,2,2009-12-03 10:16:00,2011-07-13 09:45:00,149,3,249.20,0,At Risk
14484,4,47,1070.98,20.21,744,0,2009-12-17 10:57:00,2011-10-20 14:11:00,49,4,1070.98,0,At Risk
14485,1,44,162.80,3.54,70,0,2011-11-01 12:25:00,2011-11-01 12:25:00,38,1,162.80,0,At Risk
14486,2,4,175.50,29.25,90,0,2010-06-04 10:30:00,2010-07-16 09:42:00,511,2,175.50,0,At Risk
14487,8,129,1253.52,7.42,761,1,2010-11-25 13:36:00,2011-11-13 12:17:00,26,8,1253.52,0,At Risk
14488,2,46,1047.43,21.38,799,6,2011-10-03 09:30:00,2011-10-19 14:39:00,50,2,1047.43,0,At Risk
14489,4,65,1574.93,15.75,1011,0,2010-04-06 09:52:00,2011-05-16 14:51:00,206,4,1574.93,0,At Risk
14490,2,72,1273.47,15.92,933,0,2010-10-07 11:36:00,2010-10-29 15:04:00,405,2,1273.47,0,At Risk
14491,2,17,340.93,20.05,139,0,2010-12-02 12:10:00,2011-06-17 15:22:00,174,2,340.93,0,At Risk
14492,10,70,1574.36,15.14,751,112,2010-03-30 14:23:00,2010-10-05 13:21:00,429,10,1574.36,0,At Risk
14493,14,292,4993.76,13.83,3148,12,2010-03-08 08:33:00,2011-12-02 16:14:00,6,14,4993.76,0,At Risk
14494,3,17,401.46,23.62,210,0,2009-12-08 13:25:00,2011-11-14 09:21:00,25,3,401.46,0,At Risk
14495,4,7,166.30,20.79,68,1,2010-02-18 08:49:00,2011-10-20 12:28:00,50,4,166.30,0,At Risk
14496,10,64,2341.54,21.48,905,11,2010-03-16 13:15:00,2011-02-01 09:01:00,311,10,2341.54,0,At Risk
14497,3,40,679.16,16.17,332,2,2010-02-04 09:59:00,2011-02-11 15:20:00,300,3,679.16,0,At Risk
14498,10,276,3900.83,10.57,2120,0,2010-06-07 16:05:00,2011-10-28 12:09:00,42,10,3900.83,0,At Risk
14499,10,199,2083.44,6.64,1231,9,2010-08-27 11:57:00,2011-11-13 13:01:00,25,10,2083.44,0,At Risk
14500,3,6,356.85,50.98,117,0,2011-06-03 10:08:00,2011-09-12 16:45:00,87,3,356.85,0,At Risk
14501,3,9,190.31,15.86,161,42,2011-01-24 10:43:00,2011-10-06 20:15:00,63,3,190.31,0,At Risk
14502,14,369,2310.18,3.76,1480,15,2011-01-30 15:52:00,2011-11-20 11:50:00,19,14,2310.18,0,At Risk
14503,6,113,3543.26,21.61,2004,0,2011-06-14 10:00:00,2011-12-06 13:30:00,2,6,3543.26,0,At Risk
14504,4,85,673.26,6.29,308,0,2011-03-06 14:38:00,2011-10-23 16:00:00,46,4,673.26,0,At Risk
14505,27,900,11596.04,7.28,5325,79,2009-12-09 14:48:00,2011-11-22 15:45:00,16,27,11596.04,0,At Risk
14506,7,251,2960.25,7.44,936,0,2010-04-19 08:27:00,2011-11-22 13:02:00,16,7,2960.25,0,At Risk
14507,14,189,3104.80,11.59,1491,43,2009-12-10 17:04:00,2011-11-16 12:21:00,23,14,3104.80,0,At Risk
14508,6,142,804.07,4.52,347,13,2010-06-17 13:02:00,2011-11-17 19:48:00,21,6,804.07,0,At Risk
14509,1,25,110.95,4.44,38,0,2010-06-23 13:21:00,2010-06-23 13:21:00,533,1,110.95,0,At Risk
14510,4,67,964.55,12.69,793,6,2010-09-29 13:35:00,2010-11-29 12:46:00,375,4,964.55,0,At Risk
14511,6,53,1267.41,17.85,784,12,2011-07-29 12:13:00,2011-11-28 17:05:00,10,6,1267.41,0,At Risk
14512,7,55,1215.97,15.39,736,0,2009-12-07 13:49:00,2011-06-05 12:39:00,187,7,1215.97,0,At Risk
14513,7,15,770.91,30.84,593,6,2010-05-20 17:57:00,2011-08-31 11:25:00,100,7,770.91,0,At Risk
14514,10,213,4375.79,13.67,2362,1,2009-12-13 13:21:00,2011-10-09 16:05:00,60,10,4375.79,0,At Risk
14515,15,109,3693.70,20.87,1893,10,2010-06-07 12:37:00,2011-11-22 11:37:00,17,15,3693.70,0,At Risk
14516,1,35,151.17,4.32,63,0,2010-07-11 14:07:00,2010-07-11 14:07:00,515,1,151.17,0,At Risk
14517,2,17,330.45,18.36,91,0,2011-07-21 11:42:00,2011-11-06 14:20:00,32,2,330.45,0,At Risk
14518,1,16,174.37,10.90,278,0,2011-10-06 14:43:00,2011-10-06 14:43:00,63,1,174.37,0,At Risk
14519,2,38,203.14,5.35,81,0,2009-12-11 10:40:00,2010-01-25 11:18:00,683,2,203.14,0,At Risk
14520,2,3,270.60,67.65,146,0,2011-02-22 09:15:00,2011-12-08 09:46:00,1,2,270.60,0,At Risk
14521,2,17,167.65,8.38,211,8,2010-08-05 16:35:00,2010-08-19 13:04:00,476,2,167.65,0,At Risk
14522,8,34,1748.42,38.85,956,0,2010-01-24 13:55:00,2011-11-15 13:24:00,23,8,1748.42,0,At Risk
14523,1,12,241.09,20.09,251,0,2011-08-23 13:13:00,2011-08-23 13:13:00,107,1,241.09,0,At Risk
14524,13,250,2909.86,9.04,1169,0,2010-10-19 11:44:00,2011-11-08 12:29:00,31,13,2909.86,0,At Risk
14525,21,340,7915.71,14.85,5106,34,2009-12-13 14:01:00,2011-12-01 08:53:00,8,21,7915.71,0,At Risk
14526,1,41,258.65,6.31,178,0,2010-11-15 13:32:00,2010-11-15 13:32:00,388,1,258.65,0,At Risk
14527,190,628,25285.91,9.12,6647,205,2009-12-02 12:06:00,2011-12-07 12:19:00,2,190,25285.91,1,Potential Loyal
14528,1,18,364.22,20.23,278,0,2011-11-02 17:09:00,2011-11-02 17:09:00,36,1,364.22,0,At Risk
14529,3,177,578.61,2.72,325,0,2011-08-21 14:10:00,2011-10-10 15:27:00,59,3,578.61,0,At Risk
14530,19,270,5968.62,12.51,2989,15,2010-01-21 11:25:00,2011-11-14 10:38:00,25,19,5968.62,0,At Risk
14531,1,29,376.34,12.98,260,0,2010-08-17 10:16:00,2010-08-17 10:16:00,479,1,376.34,0,At Risk
14532,12,209,3833.03,12.17,1111,1,2010-01-10 11:47:00,2011-04-17 13:05:00,235,12,3833.03,0,At Risk
14533,15,74,3185.12,33.88,6038,1255,2010-04-08 12:13:00,2011-11-15 12:05:00,24,15,3185.12,0,At Risk
14534,38,437,5702.97,7.50,2822,137,2010-03-15 14:16:00,2011-12-07 12:19:00,2,38,5702.97,0,At Risk
14535,11,589,5815.13,6.99,3214,26,2010-02-24 15:03:00,2011-10-11 16:24:00,58,11,5815.13,0,At Risk
14536,1,18,170.95,9.50,39,0,2011-03-25 12:21:00,2011-03-25 12:21:00,259,1,170.95,0,At Risk
14537,3,23,635.45,26.48,228,1,2010-03-26 13:44:00,2011-10-13 10:54:00,57,3,635.45,0,At Risk
14538,5,45,1370.84,26.36,284,0,2010-01-25 15:42:00,2011-10-06 10:31:00,64,5,1370.84,0,At Risk
14539,2,31,537.48,16.80,428,0,2011-10-26 12:03:00,2011-11-24 09:50:00,15,2,537.48,0,At Risk
14540,12,197,3699.74,13.96,1595,2,2009-12-07 13:00:00,2011-11-30 10:15:00,9,12,3699.74,0,At Risk
14541,14,99,2491.38,14.24,1123,0,2010-01-07 11:59:00,2011-10-12 10:08:00,58,14,2491.38,0,At Risk
14542,1,5,103.25,20.65,19,0,2011-06-07 08:19:00,2011-06-07 08:19:00,185,1,103.25,0,At Risk
14543,50,107,11905.71,44.26,2639,589,2009-12-01 13:47:00,2011-12-06 10:32:00,3,50,11905.71,0,At Risk
14544,3,148,2938.53,15.71,2412,0,2010-08-26 16:00:00,2011-11-15 15:06:00,23,3,2938.53,0,At Risk
14545,1,23,349.25,15.18,236,0,2010-02-03 15:23:00,2010-02-03 15:23:00,673,1,349.25,0,At Risk
14546,20,414,4987.97,6.02,2688,76,2009-12-06 13:10:00,2011-12-05 16:33:00,3,20,4987.97,0,At Risk
14547,9,198,3953.95,11.11,2639,10,2011-10-16 14:35:00,2011-12-06 11:06:00,3,9,3953.95,0,At Risk
14548,9,66,2541.29,23.10,986,0,2009-12-06 14:00:00,2011-07-12 12:19:00,150,9,2541.29,0,At Risk
14549,4,117,913.60,6.39,394,0,2009-12-02 14:06:00,2011-02-01 13:47:00,310,4,913.60,0,At Risk
14550,4,77,1345.06,13.87,771,0,2010-08-13 12:05:00,2011-11-29 12:12:00,10,4,1345.06,0,At Risk
14551,9,69,856.64,10.58,486,11,2010-01-27 12:06:00,2011-11-21 13:36:00,17,9,856.64,0,At Risk
14552,3,124,507.93,3.30,258,0,2010-04-26 13:44:00,2011-07-11 12:49:00,151,3,507.93,0,At Risk
14553,10,233,1793.10,6.20,1118,2,2010-07-18 12:07:00,2011-11-20 13:20:00,18,10,1793.10,0,At Risk
14554,4,147,2279.49,11.23,1443,0,2011-10-18 13:04:00,2011-11-29 16:44:00,9,4,2279.49,0,At Risk
14555,7,95,2294.88,19.28,842,3,2009-12-18 11:39:00,2011-10-13 16:24:00,56,7,2294.88,0,At Risk
14556,3,158,815.69,4.16,323,0,2010-01-20 11:49:00,2010-04-22 14:57:00,595,3,815.69,0,At Risk
14557,2,16,0.00,0.00,510,510,2011-09-15 15:48:00,2011-10-06 20:36:00,63,2,0.00,0,At Risk
14558,5,13,614.10,36.12,162,4,2009-12-01 14:47:00,2010-02-24 17:01:00,652,5,614.10,0,At Risk
14559,1,2,75.60,37.80,72,0,2010-11-14 16:05:00,2010-11-14 16:05:00,389,1,75.60,0,At Risk
14560,46,60,6050.44,29.95,4580,37,2009-12-02 10:15:00,2011-12-02 15:22:00,6,46,6050.44,0,At Risk
14561,3,67,1080.76,15.66,1014,0,2011-06-08 13:26:00,2011-09-25 12:39:00,75,3,1080.76,0,At Risk
14562,30,247,6308.00,10.13,2574,152,2010-02-07 14:10:00,2011-12-06 11:05:00,3,30,6308.00,0,At Risk
14563,2,95,640.54,6.04,279,0,2010-04-26 12:51:00,2010-07-18 12:01:00,509,2,640.54,0,At Risk
14564,5,108,2519.32,22.29,1295,11,2009-12-04 09:27:00,2010-10-08 14:20:00,426,5,2519.32,0,At Risk
14565,7,139,3833.87,23.67,1940,8,2010-08-23 09:48:00,2011-09-05 12:37:00,95,7,3833.87,0,At Risk
14566,4,9,4092.00,255.75,2400,0,2010-06-24 10:34:00,2011-08-21 11:05:00,110,4,4092.00,0,At Risk
14567,3,33,1524.46,44.84,412,2,2011-08-01 13:48:00,2011-11-04 13:57:00,34,3,1524.46,0,At Risk
14568,2,47,909.50,18.95,645,12,2010-09-30 17:15:00,2010-10-11 17:03:00,423,2,909.50,0,At Risk
14569,4,31,597.33,17.57,257,0,2010-04-15 11:49:00,2011-12-08 14:58:00,0,4,597.33,0,At Risk
14570,3,64,613.75,9.03,431,0,2010-09-22 13:07:00,2011-03-04 10:58:00,280,3,613.75,0,At Risk
14571,1,30,160.00,5.33,56,0,2010-10-10 15:06:00,2010-10-10 15:06:00,424,1,160.00,0,At Risk
14572,15,336,5484.98,10.73,2878,4,2010-03-28 13:47:00,2011-12-06 14:40:00,2,15,5484.98,0,At Risk
14573,17,183,2113.42,6.69,683,6,2010-01-08 16:34:00,2011-06-13 11:15:00,179,17,2113.42,0,At Risk
14574,1,11,143.70,13.06,63,0,2009-12-07 12:42:00,2009-12-07 12:42:00,732,1,143.70,0,At Risk
14575,1,71,420.22,5.84,163,0,2010-08-08 14:51:00,2010-08-08 14:51:00,487,1,420.22,0,At Risk
14576,1,1,35.40,35.40,12,0,2010-12-02 17:51:00,2010-12-02 17:51:00,371,1,35.40,0,At Risk
14577,7,104,1364.15,7.50,569,0,2009-12-11 12:09:00,2011-11-27 12:47:00,12,7,1364.15,0,At Risk
14578,1,24,168.63,7.03,240,0,2011-12-06 17:18:00,2011-12-06 17:18:00,2,1,168.63,0,At Risk
14579,1,24,105.56,4.22,56,0,2010-10-03 14:36:00,2010-10-03 14:36:00,431,1,105.56,0,At Risk
14580,1,1,14.85,14.85,3,0,2010-07-09 15:20:00,2010-07-09 15:20:00,517,1,14.85,0,At Risk
14581,2,59,409.65,6.83,304,0,2010-06-13 15:48:00,2011-11-23 12:39:00,16,2,409.65,0,At Risk
14582,1,6,114.11,19.02,73,0,2011-10-30 11:56:00,2011-10-30 11:56:00,40,1,114.11,0,At Risk
14583,8,353,1660.29,3.58,1071,0,2010-03-28 15:16:00,2011-12-04 12:32:00,5,8,1660.29,0,At Risk
14584,9,127,1725.16,7.88,960,4,2010-02-17 14:01:00,2011-06-23 18:33:00,168,9,1725.16,0,At Risk
14585,5,88,1143.27,10.30,630,0,2010-10-19 12:17:00,2011-10-20 14:33:00,49,5,1143.27,0,At Risk
14586,3,19,134.16,4.97,444,208,2011-03-08 10:04:00,2011-04-26 17:32:00,226,3,134.16,0,At Risk
14587,10,170,1577.39,4.24,749,2,2011-01-12 13:16:00,2011-11-21 11:34:00,18,10,1577.39,0,At Risk
14588,1,16,135.39,8.46,62,0,2010-05-10 15:08:00,2010-05-10 15:08:00,577,1,135.39,0,At Risk
14589,1,3,39.75,13.25,5,0,2010-12-03 11:42:00,2010-12-03 11:42:00,371,1,39.75,0,At Risk
14590,28,124,2871.04,13.29,901,23,2009-12-07 14:10:00,2010-10-11 12:06:00,424,28,2871.04,0,At Risk
14591,4,138,1320.21,7.50,1228,0,2011-05-10 14:09:00,2011-11-24 13:57:00,14,4,1320.21,0,At Risk
14592,3,132,557.94,3.53,407,0,2011-10-06 18:08:00,2011-11-04 16:35:00,34,3,557.94,0,At Risk
14593,18,437,3568.69,5.77,1848,13,2009-12-09 12:57:00,2011-11-18 12:48:00,21,18,3568.69,0,At Risk
14594,2,48,363.33,6.99,183,0,2010-12-01 13:54:00,2011-12-02 13:28:00,6,2,363.33,0,At Risk
14595,8,119,2164.45,15.92,1228,0,2010-01-20 13:59:00,2011-11-20 12:12:00,19,8,2164.45,0,At Risk
14596,1,50,222.22,4.19,75,0,2010-03-23 12:13:00,2010-03-23 12:13:00,626,1,222.22,0,At Risk
14597,6,79,2184.63,23.00,1436,0,2010-09-28 13:17:00,2011-11-28 13:13:00,10,6,2184.63,0,At Risk
14598,3,83,221.97,1.71,354,165,2010-05-19 13:07:00,2011-10-26 13:19:00,43,3,221.97,0,At Risk
14599,2,77,457.89,5.80,292,0,2010-07-18 15:54:00,2010-11-14 14:49:00,389,2,457.89,0,At Risk
14600,2,53,865.17,16.02,487,0,2010-11-11 15:56:00,2011-02-07 09:48:00,305,2,865.17,0,At Risk
14601,1,7,213.96,30.57,168,0,2011-11-29 09:48:00,2011-11-29 09:48:00,10,1,213.96,0,At Risk
14602,1,31,205.36,6.62,80,0,2010-02-21 15:47:00,2010-02-21 15:47:00,655,1,205.36,0,At Risk
14603,1,2,660.00,330.00,400,0,2011-03-10 10:27:00,2011-03-10 10:27:00,274,1,660.00,0,At Risk
14604,1,20,143.86,6.25,88,0,2010-03-16 13:00:00,2010-03-16 13:00:00,632,1,143.86,0,At Risk
14605,4,88,921.56,8.53,416,0,2009-12-08 13:59:00,2010-11-30 14:07:00,373,4,921.56,0,At Risk
14606,259,1270,29197.59,4.49,15217,333,2009-12-03 12:40:00,2011-12-08 19:28:00,0,259,29197.59,1,Potential Loyal
14607,27,106,18371.06,78.51,15335,3879,2009-12-15 11:25:00,2011-11-24 10:35:00,15,27,18371.06,0,At Risk
14608,12,15,3273.44,74.40,927,10,2009-12-06 12:34:00,2011-12-05 16:52:00,3,12,3273.44,0,At Risk
14609,11,6,1366.20,97.59,12720,2400,2010-02-09 09:48:00,2011-09-28 12:54:00,71,11,1366.20,0,At Risk
14610,2,10,24.35,2.44,15,0,2010-07-13 16:06:00,2010-11-09 10:58:00,395,2,24.35,0,At Risk
14611,3,37,599.38,15.37,582,1,2010-04-20 10:19:00,2010-09-26 16:07:00,438,3,599.38,0,At Risk
14612,1,14,877.70,62.69,134,0,2010-10-20 16:01:00,2010-10-20 16:01:00,414,1,877.70,0,At Risk
14613,1,1,76.32,76.32,72,0,2010-01-28 13:02:00,2010-01-28 13:02:00,679,1,76.32,0,At Risk
14614,1,19,295.13,15.53,189,0,2010-11-18 13:04:00,2010-11-18 13:04:00,385,1,295.13,0,At Risk
14615,6,40,934.26,18.32,495,14,2010-06-09 13:59:00,2010-11-10 13:36:00,393,6,934.26,0,At Risk
14616,5,3,527.78,105.56,170,0,2010-06-09 09:42:00,2011-04-11 09:54:00,242,5,527.78,0,At Risk
14617,2,7,190.47,21.16,81,0,2010-10-20 10:40:00,2010-11-02 11:41:00,402,2,190.47,0,At Risk
14618,9,40,1310.52,24.73,704,4,2010-06-11 10:11:00,2011-11-30 13:45:00,8,9,1310.52,0,At Risk
14619,3,58,1276.31,20.59,594,7,2010-06-16 14:41:00,2011-04-14 17:13:00,238,3,1276.31,0,At Risk
14620,3,26,393.28,13.11,214,26,2011-03-01 08:30:00,2011-05-19 14:14:00,203,3,393.28,0,At Risk
14621,16,139,2878.27,15.99,1706,35,2009-12-01 13:47:00,2011-12-08 16:22:00,0,16,2878.27,0,At Risk
14622,1,21,320.58,15.27,146,0,2011-06-08 12:42:00,2011-06-08 12:42:00,184,1,320.58,0,At Risk
14623,12,193,1988.23,6.98,1025,5,2010-04-16 17:12:00,2011-11-07 13:56:00,31,12,1988.23,0,At Risk
14624,6,39,814.07,15.96,645,0,2010-04-14 10:44:00,2011-10-13 13:44:00,56,6,814.07,0,At Risk
14625,18,167,4429.18,16.11,2155,11,2009-12-11 14:10:00,2011-06-07 15:40:00,184,18,4429.18,0,At Risk
14626,15,181,5374.77,22.68,3135,17,2009-12-10 14:57:00,2011-12-01 08:55:00,8,15,5374.77,0,At Risk
14627,3,32,406.40,10.42,284,15,2009-12-11 14:08:00,2011-02-01 10:49:00,311,3,406.40,0,At Risk
14628,5,65,1998.00,23.23,1147,0,2010-01-25 14:40:00,2011-09-09 14:58:00,90,5,1998.00,0,At Risk
14629,3,133,935.46,6.20,378,4,2011-10-23 16:13:00,2011-12-05 16:55:00,3,3,935.46,0,At Risk
14630,1,21,338.65,16.13,111,0,2010-08-12 16:38:00,2010-08-12 16:38:00,483,1,338.65,0,At Risk
14631,7,65,2023.17,21.99,1407,12,2010-08-09 14:45:00,2011-10-20 11:17:00,50,7,2023.17,0,At Risk
14632,1,8,114.56,14.32,96,0,2011-03-22 08:49:00,2011-03-22 08:49:00,262,1,114.56,0,At Risk
14633,1,20,344.90,17.25,96,0,2011-03-18 17:07:00,2011-03-18 17:07:00,265,1,344.90,0,At Risk
14634,7,105,1971.82,16.71,1906,56,2010-05-04 10:16:00,2010-09-28 10:40:00,437,7,1971.82,0,At Risk
14635,1,15,215.22,14.35,118,0,2010-09-12 10:47:00,2010-09-12 10:47:00,453,1,215.22,0,At Risk
14636,2,27,609.85,21.78,241,0,2011-03-16 09:52:00,2011-11-03 16:12:00,35,2,609.85,0,At Risk
14637,1,7,106.68,15.24,100,0,2010-01-31 15:52:00,2010-01-31 15:52:00,676,1,106.68,0,At Risk
14638,1,16,443.60,27.73,166,0,2011-10-20 10:10:00,2011-10-20 10:10:00,50,1,443.60,0,At Risk
14639,11,203,4946.81,16.77,2410,3,2010-02-16 12:35:00,2011-10-18 15:06:00,51,11,4946.81,0,At Risk
14640,16,165,3446.33,15.52,1645,93,2010-01-22 15:44:00,2011-11-24 11:00:00,15,16,3446.33,0,At Risk
14641,1,7,110.46,15.78,90,0,2011-11-18 10:42:00,2011-11-18 10:42:00,21,1,110.46,0,At Risk
14642,1,2,96.12,48.06,76,0,2011-10-12 11:08:00,2011-10-12 11:08:00,58,1,96.12,0,At Risk
14643,6,57,1654.69,25.46,1377,60,2009-12-11 11:52:00,2011-06-22 14:41:00,169,6,1654.69,0,At Risk
14644,12,50,2077.47,28.85,770,15,2009-12-03 16:24:00,2011-11-30 14:58:00,8,12,2077.47,0,At Risk
14645,4,45,840.24,15.56,587,13,2010-03-15 11:33:00,2011-07-06 09:15:00,156,4,840.24,0,At Risk
14646,163,963,523342.07,134.71,367193,2613,2009-12-02 16:52:00,2011-12-08 12:12:00,1,163,523342.07,1,Potential Loyal
14647,2,42,506.04,10.54,175,0,2010-07-04 13:27:00,2011-05-22 13:40:00,200,2,506.04,0,At Risk
14648,19,286,4378.00,9.93,3265,41,2009-12-10 13:59:00,2010-11-01 11:17:00,403,19,4378.00,0,At Risk
14649,11,374,3630.04,6.85,2415,3,2010-01-20 13:10:00,2011-12-05 12:30:00,4,11,3630.04,0,At Risk
14650,1,4,62.50,15.63,22,0,2010-04-29 20:27:00,2010-04-29 20:27:00,588,1,62.50,0,At Risk
14651,9,216,2025.52,7.16,880,0,2010-03-18 11:39:00,2011-10-03 15:52:00,66,9,2025.52,0,At Risk
14652,1,29,114.18,3.94,53,0,2011-09-23 14:21:00,2011-09-23 14:21:00,76,1,114.18,0,At Risk
14653,12,271,3593.06,9.41,1969,0,2009-12-02 11:51:00,2011-12-08 13:45:00,0,12,3593.06,0,At Risk
14654,1,27,246.86,9.14,273,0,2009-12-01 12:57:00,2009-12-01 12:57:00,737,1,246.86,0,At Risk
14655,12,73,3829.23,34.81,2341,16,2010-04-22 14:29:00,2011-12-06 10:52:00,3,12,3829.23,0,At Risk
14656,5,148,790.00,3.82,309,0,2010-04-15 12:10:00,2011-06-23 13:51:00,168,5,790.00,0,At Risk
14657,7,143,1440.24,6.86,879,1,2010-09-30 19:57:00,2011-11-22 12:47:00,17,7,1440.24,0,At Risk
14658,2,27,247.15,8.52,47,0,2011-08-14 15:42:00,2011-12-04 15:35:00,4,2,247.15,0,At Risk
14659,12,147,2456.53,9.48,1195,12,2011-01-28 12:43:00,2011-12-01 12:17:00,8,12,2456.53,0,At Risk
14660,2,24,285.74,9.52,228,0,2011-08-31 10:40:00,2011-09-14 11:34:00,86,2,285.74,0,At Risk
14661,1,4,107.95,26.99,35,0,2011-11-13 11:51:00,2011-11-13 11:51:00,26,1,107.95,0,At Risk
14662,7,199,1376.43,5.78,907,0,2009-12-03 16:47:00,2011-11-11 12:13:00,28,7,1376.43,0,At Risk
14663,2,60,490.60,7.21,397,0,2010-10-05 13:12:00,2010-10-05 13:21:00,429,2,490.60,0,At Risk
14664,2,78,636.24,6.49,465,0,2011-11-06 14:56:00,2011-11-20 10:59:00,19,2,636.24,0,At Risk
14665,9,94,2172.33,13.66,1144,240,2010-04-26 11:17:00,2011-10-10 11:54:00,60,9,2172.33,0,At Risk
14666,1,14,195.25,13.95,161,0,2011-11-15 12:57:00,2011-11-15 12:57:00,23,1,195.25,0,At Risk
14667,61,579,20188.79,15.74,11939,66,2009-12-02 12:38:00,2011-11-29 11:30:00,10,61,20188.79,0,At Risk
14668,1,10,111.63,9.30,49,0,2010-09-20 15:03:00,2010-09-20 15:03:00,444,1,111.63,0,At Risk
14669,7,334,3216.78,8.31,2043,0,2009-12-02 13:06:00,2011-04-12 11:43:00,241,7,3216.78,0,At Risk
14670,3,159,583.33,3.26,423,0,2009-12-07 13:59:00,2011-03-04 14:13:00,279,3,583.33,0,At Risk
14671,2,48,1127.45,20.50,571,0,2010-05-20 18:21:00,2010-06-08 13:39:00,548,2,1127.45,0,At Risk
14672,4,93,1113.14,10.50,646,0,2010-01-28 11:33:00,2011-04-19 10:19:00,234,4,1113.14,0,At Risk
14673,7,86,3037.32,20.52,1822,0,2010-10-26 10:14:00,2011-12-06 14:31:00,2,7,3037.32,0,At Risk
14674,1,14,173.66,12.40,103,0,2010-07-18 14:25:00,2010-07-18 14:25:00,508,1,173.66,0,At Risk
14675,2,196,1015.58,4.60,660,0,2010-11-16 12:22:00,2011-11-23 12:58:00,15,2,1015.58,0,At Risk
14676,16,77,8285.49,59.18,8792,48,2010-03-10 09:30:00,2011-11-08 13:29:00,30,16,8285.49,0,At Risk
14677,1,14,184.91,13.21,139,0,2010-04-26 09:48:00,2010-04-26 09:48:00,592,1,184.91,0,At Risk
14678,2,24,386.44,15.46,179,1,2010-05-09 14:32:00,2010-05-17 14:27:00,570,2,386.44,0,At Risk
14679,5,49,1272.95,19.00,794,5,2009-12-08 17:13:00,2010-12-03 10:07:00,371,5,1272.95,0,At Risk
14680,87,223,53080.02,36.89,26894,1343,2009-12-04 12:36:00,2011-11-14 16:59:00,24,87,53080.02,0,At Risk
14681,6,19,875.15,43.76,172,0,2010-02-24 08:54:00,2011-09-29 15:52:00,70,6,875.15,0,At Risk
14682,6,79,1514.81,17.61,949,0,2010-02-05 14:47:00,2011-06-05 12:12:00,187,6,1514.81,0,At Risk
14683,1,21,146.56,6.98,386,0,2010-04-30 17:18:00,2010-04-30 17:18:00,587,1,146.56,0,At Risk
14684,6,272,1430.03,2.94,1005,0,2010-11-14 14:07:00,2011-11-14 11:33:00,25,6,1430.03,0,At Risk
14685,13,110,4241.16,21.64,1969,60,2009-12-13 10:32:00,2010-05-12 13:08:00,575,13,4241.16,0,At Risk
14686,6,185,844.58,3.84,457,1,2010-02-18 15:48:00,2010-10-21 18:31:00,413,6,844.58,0,At Risk
14687,3,34,1402.06,35.05,850,0,2010-06-06 10:36:00,2011-08-25 11:59:00,106,3,1402.06,0,At Risk
14688,34,197,6666.93,12.80,5041,399,2010-09-09 12:35:00,2011-12-02 12:26:00,7,34,6666.93,0,At Risk
14689,1,13,112.80,8.68,76,0,2011-05-15 11:22:00,2011-05-15 11:22:00,208,1,112.80,0,At Risk
14690,5,69,764.59,7.15,341,7,2010-10-25 12:20:00,2011-10-26 15:39:00,43,5,764.59,0,At Risk
14691,5,50,2114.33,29.78,707,0,2011-05-11 09:55:00,2011-11-09 12:30:00,30,5,2114.33,0,At Risk
14692,13,101,1705.64,10.66,890,10,2010-04-01 14:04:00,2011-07-25 15:08:00,136,13,1705.64,0,At Risk
14693,8,43,1139.86,15.00,388,2,2010-07-02 08:28:00,2011-03-20 12:50:00,264,8,1139.86,0,At Risk
14694,1,15,244.31,16.29,193,0,2010-04-01 19:46:00,2010-04-01 19:46:00,616,1,244.31,0,At Risk
14695,4,85,1466.72,16.12,661,54,2009-12-07 11:05:00,2010-07-08 14:18:00,518,4,1466.72,0,At Risk
14696,10,137,2465.30,15.70,1867,4,2010-10-14 11:43:00,2011-12-05 13:43:00,3,10,2465.30,0,At Risk
14697,2,22,188.61,8.57,181,0,2011-05-05 15:29:00,2011-05-05 15:39:00,217,2,188.61,0,At Risk
14698,5,148,1217.27,6.09,602,0,2011-10-19 12:54:00,2011-12-08 12:26:00,1,5,1217.27,0,At Risk
14699,4,45,702.60,14.05,484,0,2010-07-02 12:04:00,2011-05-09 14:54:00,213,4,702.60,0,At Risk
14700,5,111,3076.06,18.42,1606,0,2010-08-11 12:19:00,2011-11-07 14:40:00,31,5,3076.06,0,At Risk
14701,18,455,4423.96,7.25,1744,23,2010-01-24 12:15:00,2011-11-29 12:38:00,10,18,4423.96,0,At Risk
14702,32,338,6310.28,9.25,2878,12,2009-12-10 20:22:00,2011-12-08 19:29:00,0,32,6310.28,0,At Risk
14703,1,22,318.17,14.46,183,0,2011-11-25 09:23:00,2011-11-25 09:23:00,14,1,318.17,0,At Risk
14704,11,319,1752.92,3.85,1164,0,2010-03-25 17:21:00,2011-11-28 12:51:00,10,11,1752.92,0,At Risk
14705,1,1,179.00,179.00,100,0,2011-05-25 12:39:00,2011-05-25 12:39:00,198,1,179.00,0,At Risk
14706,1,25,367.54,14.70,246,0,2010-03-31 11:09:00,2010-03-31 11:09:00,618,1,367.54,0,At Risk
14707,2,1,139.20,69.60,96,0,2010-05-12 11:07:00,2010-09-30 11:37:00,435,2,139.20,0,At Risk
14708,6,27,1763.52,41.99,1159,6,2010-09-10 10:26:00,2011-12-07 08:21:00,2,6,1763.52,0,At Risk
14709,27,105,8866.48,24.70,4141,3,2009-12-05 15:26:00,2011-11-24 15:41:00,14,27,8866.48,0,At Risk
14710,13,310,1899.79,4.40,1135,0,2009-12-03 17:12:00,2011-11-25 14:53:00,13,13,1899.79,0,At Risk
14711,12,221,2809.02,8.10,966,12,2011-03-22 13:32:00,2011-11-29 14:58:00,9,12,2809.02,0,At Risk
14712,4,24,1328.07,41.50,411,0,2010-10-17 14:49:00,2011-11-10 12:59:00,28,4,1328.07,0,At Risk
14713,25,223,5069.36,7.40,3329,11,2009-12-03 19:22:00,2011-11-30 16:26:00,8,25,5069.36,0,At Risk
14714,7,64,896.40,9.15,642,5,2010-01-21 11:06:00,2011-11-15 13:07:00,23,7,896.40,0,At Risk
14715,8,102,1825.45,13.32,1030,0,2010-01-19 12:18:00,2011-11-15 12:10:00,24,8,1825.45,0,At Risk
14716,3,85,543.28,5.66,643,0,2010-09-21 12:07:00,2011-10-27 17:29:00,42,3,543.28,0,At Risk
14717,2,12,72.80,6.07,32,2,2009-12-06 12:46:00,2009-12-06 13:05:00,732,2,72.80,0,At Risk
14718,1,11,226.42,20.58,202,0,2010-10-25 13:07:00,2010-10-25 13:07:00,409,1,226.42,0,At Risk
14719,6,177,1571.89,6.66,1025,1,2011-04-04 14:17:00,2011-12-08 12:43:00,1,6,1571.89,0,At Risk
14720,3,34,663.81,17.94,219,0,2011-08-05 12:06:00,2011-12-04 12:02:00,5,3,663.81,0,At Risk
14721,1,24,109.07,4.36,57,0,2010-11-25 13:08:00,2010-11-25 13:08:00,378,1,109.07,0,At Risk
14722,3,72,489.52,5.63,214,0,2010-08-10 13:28:00,2011-07-15 14:58:00,146,3,489.52,0,At Risk
14723,11,287,1803.06,4.33,1168,0,2009-12-04 11:22:00,2011-11-29 15:23:00,9,11,1803.06,0,At Risk
14724,1,40,341.90,8.34,184,0,2010-04-28 13:26:00,2010-04-28 13:26:00,589,1,341.90,0,At Risk
14725,5,85,1202.34,11.79,1335,24,2010-06-23 11:34:00,2011-11-15 12:42:00,24,5,1202.34,0,At Risk
14726,1,15,116.50,7.77,82,0,2010-02-23 12:35:00,2010-02-23 12:35:00,654,1,116.50,0,At Risk
14727,4,43,291.13,4.10,458,382,2010-06-11 13:23:00,2011-03-10 14:45:00,273,4,291.13,0,At Risk
14728,1,14,190.58,13.61,68,0,2010-10-22 15:57:00,2010-10-22 15:57:00,412,1,190.58,0,At Risk
14729,3,126,586.24,4.44,372,0,2010-03-24 13:30:00,2010-12-01 12:43:00,373,3,586.24,0,At Risk
14730,8,317,1897.57,4.11,1078,0,2011-03-08 12:49:00,2011-12-08 14:39:00,0,8,1897.57,0,At Risk
14731,3,38,380.02,8.44,256,0,2011-05-11 13:06:00,2011-10-23 15:54:00,46,3,380.02,0,At Risk
14732,24,162,5447.52,19.18,2273,14,2009-12-09 10:48:00,2011-12-01 14:34:00,7,24,5447.52,0,At Risk
14733,18,140,14200.78,42.64,5799,39,2010-11-02 15:42:00,2011-11-30 14:54:00,8,18,14200.78,0,At Risk
14734,5,48,1045.47,16.34,378,1,2010-06-06 15:15:00,2010-10-19 13:09:00,415,5,1045.47,0,At Risk
14735,59,198,11909.71,31.26,4513,115,2009-12-04 11:32:00,2011-12-06 12:09:00,3,59,11909.71,0,At Risk
14736,2,70,374.05,4.25,148,0,2010-08-11 15:13:00,2010-08-11 15:21:00,484,2,374.05,0,At Risk
14737,4,28,3554.17,78.98,1071,0,2010-11-04 11:29:00,2011-12-06 10:16:00,3,4,3554.17,0,At Risk
14738,12,59,1763.64,21.25,757,30,2009-12-07 10:21:00,2011-10-31 12:57:00,38,12,1763.64,0,At Risk
14739,28,129,11555.69,46.78,9696,8,2009-12-02 13:23:00,2011-12-07 14:32:00,1,28,11555.69,0,At Risk
14740,13,173,4068.86,17.10,2081,22,2010-02-25 11:40:00,2011-06-01 15:17:00,190,13,4068.86,0,At Risk
14741,7,48,1713.09,22.54,1006,0,2010-10-18 09:33:00,2011-11-28 08:48:00,11,7,1713.09,0,At Risk
14742,1,34,579.85,17.05,374,0,2010-09-30 14:07:00,2010-09-30 14:07:00,434,1,579.85,0,At Risk
14743,1,3,50.48,16.83,40,0,2010-04-26 10:26:00,2010-04-26 10:26:00,592,1,50.48,0,At Risk
14744,17,58,3596.02,29.72,2399,3,2010-05-18 14:06:00,2011-11-23 12:51:00,15,17,3596.02,0,At Risk
14745,17,74,2471.06,16.93,1969,24,2010-03-12 10:33:00,2011-08-19 10:05:00,112,17,2471.06,0,At Risk
14746,4,7,593.50,65.94,398,0,2010-10-12 11:06:00,2010-10-29 14:44:00,405,4,593.50,0,At Risk
14747,2,18,294.30,15.49,84,2,2011-04-04 14:09:00,2011-04-06 10:17:00,247,2,294.30,0,At Risk
14748,16,132,2201.83,11.71,2422,432,2009-12-01 11:56:00,2011-11-10 18:33:00,28,16,2201.83,0,At Risk
14749,1,18,310.15,17.23,403,0,2010-08-17 12:36:00,2010-08-17 12:36:00,479,1,310.15,0,At Risk
14750,1,32,112.03,3.50,65,0,2009-12-03 17:57:00,2009-12-03 17:57:00,735,1,112.03,0,At Risk
14751,2,7,126.45,18.06,65,0,2009-12-13 14:08:00,2010-01-24 13:37:00,683,2,126.45,0,At Risk
14752,1,5,389.64,77.93,260,0,2011-10-27 11:55:00,2011-10-27 11:55:00,43,1,389.64,0,At Risk
14753,2,45,869.51,18.11,412,0,2010-09-05 11:04:00,2011-09-13 14:50:00,86,2,869.51,0,At Risk
14754,7,110,1543.73,11.27,1010,2,2010-01-18 11:04:00,2011-10-26 12:01:00,44,7,1543.73,0,At Risk
14755,30,220,9851.45,20.35,4401,35,2009-12-03 16:51:00,2011-11-30 11:24:00,9,30,9851.45,0,At Risk
14756,4,102,2613.46,21.42,1423,4,2010-10-11 11:50:00,2011-11-24 18:13:00,14,4,2613.46,0,At Risk
14757,1,19,420.50,22.13,160,0,2011-09-25 14:36:00,2011-09-25 14:36:00,74,1,420.50,0,At Risk
14758,7,91,2864.97,21.07,840,0,2010-04-08 08:27:00,2011-07-18 08:21:00,144,7,2864.97,0,At Risk
14759,3,92,1625.97,15.94,569,0,2011-04-21 10:55:00,2011-12-05 12:03:00,4,3,1625.97,0,At Risk
14760,2,5,53.80,7.69,40,12,2011-02-15 16:27:00,2011-02-18 14:36:00,293,2,53.80,0,At Risk
14761,3,21,447.92,18.66,206,0,2010-09-21 14:22:00,2011-10-12 12:10:00,58,3,447.92,0,At Risk
14762,2,28,417.57,13.92,428,0,2010-03-23 15:36:00,2011-03-21 08:20:00,263,2,417.57,0,At Risk
14763,1,1,-9.95,-9.95,0,1,2009-12-07 17:59:00,2009-12-07 17:59:00,731,1,-9.95,0,At Risk
14764,2,6,250.55,35.79,190,15,2011-10-24 11:54:00,2011-10-27 10:46:00,43,2,250.55,0,At Risk
14765,3,38,254.11,6.52,135,0,2011-06-16 19:49:00,2011-11-10 19:53:00,28,3,254.11,0,At Risk
14766,14,251,6301.88,18.48,3999,36,2010-06-06 11:11:00,2011-12-01 16:05:00,7,14,6301.88,0,At Risk
14767,1,18,382.81,21.27,117,0,2010-08-22 14:54:00,2010-08-22 14:54:00,473,1,382.81,0,At Risk
14768,3,4,139.50,23.25,52,18,2011-08-04 13:25:00,2011-11-22 12:54:00,16,3,139.50,0,At Risk
14769,21,834,15438.90,10.97,11058,53,2009-12-16 09:17:00,2011-12-07 10:24:00,2,21,15438.90,0,At Risk
14770,9,152,3624.89,18.31,1598,1,2010-02-25 18:58:00,2011-04-21 14:21:00,231,9,3624.89,0,At Risk
14771,3,46,579.92,11.60,622,14,2009-12-03 09:44:00,2010-04-13 10:34:00,605,3,579.92,0,At Risk
14772,1,9,139.26,15.47,82,0,2011-08-19 15:04:00,2011-08-19 15:04:00,111,1,139.26,0,At Risk
14773,2,10,125.70,11.43,53,3,2010-04-26 10:29:00,2010-04-30 10:30:00,588,2,125.70,0,At Risk
14774,1,13,241.45,18.57,99,0,2010-06-29 12:26:00,2010-06-29 12:26:00,528,1,241.45,0,At Risk
14775,3,57,1011.90,16.87,1174,0,2010-12-02 16:38:00,2011-10-12 15:27:00,57,3,1011.90,0,At Risk
14776,19,68,3339.02,15.82,4658,454,2010-09-19 14:12:00,2011-10-19 15:34:00,50,19,3339.02,0,At Risk
14777,4,16,239.26,11.39,212,12,2010-11-01 12:50:00,2011-12-05 13:20:00,3,4,239.26,0,At Risk
14778,2,34,730.86,20.88,306,0,2011-02-04 11:43:00,2011-08-04 15:23:00,126,2,730.86,0,At Risk
14779,3,40,386.15,9.42,84,0,2011-01-20 12:04:00,2011-03-04 12:42:00,280,3,386.15,0,At Risk
14780,2,26,447.68,16.58,310,0,2011-09-21 15:15:00,2011-10-16 12:46:00,54,2,447.68,0,At Risk
14781,1,1,-530.31,-530.31,0,1,2010-10-15 15:25:00,2010-10-15 15:25:00,419,1,-530.31,0,At Risk
14782,1,6,200.10,33.35,114,0,2011-01-24 11:12:00,2011-01-24 11:12:00,319,1,200.10,0,At Risk
14783,2,17,305.35,16.96,262,1,2010-02-18 16:16:00,2010-02-22 16:08:00,654,2,305.35,0,At Risk
14784,3,25,449.93,16.66,363,0,2010-11-15 09:49:00,2011-11-13 13:30:00,25,3,449.93,0,At Risk
14785,2,2,77.40,25.80,84,0,2011-11-24 13:40:00,2011-11-29 13:21:00,9,2,77.40,0,At Risk
14786,1,7,90.96,12.99,112,0,2010-06-07 13:42:00,2010-06-07 13:42:00,549,1,90.96,0,At Risk
14787,1,14,110.65,7.38,59,0,2010-08-25 14:38:00,2010-08-25 14:38:00,470,1,110.65,0,At Risk
14788,3,53,1156.32,19.94,719,0,2010-04-22 18:16:00,2011-12-02 17:06:00,6,3,1156.32,0,At Risk
14789,1,6,197.64,32.94,116,0,2011-11-11 08:59:00,2011-11-11 08:59:00,28,1,197.64,0,At Risk
14790,10,65,2526.62,17.42,2642,0,2009-12-11 14:37:00,2011-11-23 09:28:00,16,10,2526.62,0,At Risk
14791,1,19,303.63,15.98,127,0,2010-04-12 10:24:00,2010-04-12 10:24:00,606,1,303.63,0,At Risk
14792,2,2,0.00,0.00,2,2,2011-10-06 18:34:00,2011-10-07 09:19:00,63,2,0.00,0,At Risk
14793,3,39,611.05,15.28,361,3,2010-06-22 16:54:00,2011-12-05 16:25:00,3,3,611.05,0,At Risk
14794,13,85,1889.15,17.66,783,5,2010-08-09 15:44:00,2011-12-07 10:11:00,2,13,1889.15,0,At Risk
14795,1,6,131.45,21.91,17,0,2011-06-26 13:04:00,2011-06-26 13:04:00,165,1,131.45,0,At Risk
14796,39,487,9972.76,6.56,7188,87,2009-12-14 15:06:00,2011-12-08 15:31:00,0,39,9972.76,0,At Risk
14797,1,16,300.31,18.77,99,0,2010-07-20 14:07:00,2010-07-20 14:07:00,506,1,300.31,0,At Risk
14798,9,30,715.11,14.02,601,2,2010-03-01 08:38:00,2011-10-18 10:58:00,52,9,715.11,0,At Risk
14799,2,20,338.15,14.70,495,0,2009-12-02 11:18:00,2011-10-19 16:16:00,50,2,338.15,0,At Risk
14800,23,338,6832.60,11.20,6501,123,2010-09-30 14:38:00,2011-10-23 12:46:00,47,23,6832.60,0,At Risk
14801,1,56,189.34,3.32,173,0,2011-10-09 15:24:00,2011-10-09 15:24:00,60,1,189.34,0,At Risk
14802,6,1,-1502.98,-250.50,2,4,2010-09-24 13:42:00,2010-10-05 14:49:00,429,6,-1502.98,0,At Risk
14803,3,35,845.55,19.22,370,0,2011-02-20 13:21:00,2011-06-30 13:58:00,161,3,845.55,0,At Risk
14804,1,12,353.27,29.44,121,0,2011-12-01 11:20:00,2011-12-01 11:20:00,8,1,353.27,0,At Risk
14805,7,88,1082.55,8.52,416,0,2010-03-28 12:34:00,2011-11-24 16:20:00,14,7,1082.55,0,At Risk
14806,2,17,303.43,15.17,423,0,2010-09-26 15:50:00,2011-09-25 15:32:00,74,2,303.43,0,At Risk
14807,2,37,504.14,13.27,234,0,2010-02-28 11:33:00,2010-11-14 12:47:00,390,2,504.14,0,At Risk
14808,15,179,2152.80,8.54,2120,93,2011-06-20 12:53:00,2011-10-31 12:21:00,39,15,2152.80,0,At Risk
14809,2,18,686.76,38.15,232,0,2010-03-28 15:42:00,2010-03-28 15:44:00,620,2,686.76,0,At Risk
14810,13,125,2354.03,7.82,1162,0,2010-10-06 13:12:00,2011-10-30 11:19:00,40,13,2354.03,0,At Risk
14811,1,28,170.50,6.09,74,0,2010-11-17 13:09:00,2010-11-17 13:09:00,386,1,170.50,0,At Risk
14812,1,36,178.85,4.97,135,0,2010-04-20 12:13:00,2010-04-20 12:13:00,598,1,178.85,0,At Risk
14813,4,110,888.91,6.44,392,0,2010-04-08 11:49:00,2010-12-05 11:57:00,369,4,888.91,0,At Risk
14814,1,28,154.21,5.14,93,0,2010-05-07 14:10:00,2010-05-07 14:10:00,580,1,154.21,0,At Risk
14815,2,53,778.50,14.69,744,0,2011-10-03 11:36:00,2011-11-03 11:36:00,36,2,778.50,0,At Risk
14816,1,4,271.85,67.96,5,0,2011-05-26 13:16:00,2011-05-26 13:16:00,196,1,271.85,0,At Risk
14817,9,145,3889.21,16.62,2462,17,2009-12-08 18:52:00,2011-05-23 13:35:00,199,9,3889.21,0,At Risk
14818,6,87,1153.56,11.09,543,0,2010-03-02 12:48:00,2011-09-27 11:01:00,73,6,1153.56,0,At Risk
14819,4,52,456.41,8.45,170,0,2009-12-21 15:54:00,2011-10-06 13:41:00,63,4,456.41,0,At Risk
14820,9,51,1274.76,19.92,724,0,2010-01-31 12:49:00,2011-11-18 15:41:00,20,9,1274.76,0,At Risk
14821,7,65,1230.15,17.83,459,0,2010-02-01 13:33:00,2010-12-08 08:43:00,366,7,1230.15,0,At Risk
14822,1,9,157.70,17.52,94,0,2010-08-11 12:52:00,2010-08-11 12:52:00,484,1,157.70,0,At Risk
14823,3,56,321.43,4.59,88,0,2011-05-29 12:48:00,2011-06-12 13:12:00,179,3,321.43,0,At Risk
14824,12,84,3952.51,24.40,1954,20,2010-03-12 13:07:00,2011-11-29 14:20:00,9,12,3952.51,0,At Risk
14825,27,188,4696.28,15.50,2774,7,2010-04-06 14:14:00,2011-12-06 11:38:00,3,27,4696.28,0,At Risk
14826,2,10,385.20,38.52,152,0,2010-01-13 13:08:00,2010-05-07 09:00:00,581,2,385.20,0,At Risk
14828,14,72,9803.46,96.11,9718,48,2009-12-07 11:19:00,2011-05-27 10:16:00,196,14,9803.46,0,At Risk
14829,9,77,1402.97,14.93,957,38,2010-09-29 13:14:00,2011-11-10 16:16:00,28,9,1402.97,0,At Risk
14830,1,39,188.88,4.84,164,0,2011-10-17 14:29:00,2011-10-17 14:29:00,52,1,188.88,0,At Risk
14831,7,67,1623.97,18.04,885,8,2009-12-02 09:21:00,2010-05-14 14:23:00,573,7,1623.97,0,At Risk
14832,3,1,-274.63,-91.54,1,2,2010-03-19 13:56:00,2010-03-19 15:15:00,629,3,-274.63,0,At Risk
14833,1,7,94.80,13.54,58,0,2010-07-29 10:06:00,2010-07-29 10:06:00,498,1,94.80,0,At Risk
14834,9,55,2184.21,24.27,872,3,2010-10-28 17:37:00,2011-11-22 10:30:00,17,9,2184.21,0,At Risk
14835,3,1,293.10,97.70,180,2,2010-04-01 19:34:00,2010-06-30 17:30:00,526,3,293.10,0,At Risk
14836,3,5,102.45,17.08,45,0,2011-11-09 13:26:00,2011-11-29 16:45:00,9,3,102.45,0,At Risk
14837,12,171,3445.82,16.18,3030,8,2010-01-24 10:20:00,2011-09-11 10:58:00,89,12,3445.82,0,At Risk
14838,2,69,769.92,11.00,361,0,2009-12-03 09:52:00,2010-10-12 15:46:00,422,2,769.92,0,At Risk
14839,3,61,915.28,12.37,927,0,2010-01-04 16:29:00,2010-10-17 13:01:00,417,3,915.28,0,At Risk
14840,3,20,340.21,14.18,179,6,2010-06-18 15:42:00,2011-03-17 12:00:00,267,3,340.21,0,At Risk
14841,14,196,7163.00,23.88,4164,0,2009-12-02 16:49:00,2011-10-17 15:03:00,52,14,7163.00,0,At Risk
14842,8,128,2456.80,15.55,1166,20,2011-02-04 15:32:00,2011-11-04 13:09:00,34,8,2456.80,0,At Risk
14843,1,9,211.80,23.53,132,0,2010-09-29 12:39:00,2010-09-29 12:39:00,436,1,211.80,0,At Risk
14844,12,159,6688.43,23.97,4369,4,2010-04-12 12:50:00,2011-10-07 10:41:00,63,12,6688.43,0,At Risk
14845,1,1,150.00,150.00,600,0,2010-04-19 10:19:00,2010-04-19 10:19:00,599,1,150.00,0,At Risk
14846,2,12,406.80,31.29,193,12,2010-10-08 17:07:00,2010-10-12 15:30:00,422,2,406.80,0,At Risk
14847,4,56,1320.60,20.32,533,4,2010-05-24 12:29:00,2011-07-14 10:52:00,148,4,1320.60,0,At Risk
14848,1,11,310.56,28.23,260,0,2010-10-31 12:22:00,2010-10-31 12:22:00,404,1,310.56,0,At Risk
14849,50,279,15186.60,20.22,11838,151,2010-01-10 11:40:00,2011-11-18 10:58:00,21,50,15186.60,0,At Risk
14850,9,129,1599.76,8.08,1393,16,2010-05-20 13:28:00,2011-02-01 11:21:00,311,9,1599.76,0,At Risk
14851,3,38,829.41,19.75,631,0,2010-03-19 11:52:00,2011-11-16 14:20:00,22,3,829.41,0,At Risk
14852,21,152,6108.88,19.58,4366,5,2010-03-05 14:51:00,2011-10-12 13:20:00,57,21,6108.88,0,At Risk
14853,7,26,1351.37,40.95,345,2,2010-04-13 09:26:00,2011-12-01 09:44:00,8,7,1351.37,0,At Risk
14854,14,170,4282.37,19.38,2987,13,2010-01-22 09:48:00,2011-09-22 17:00:00,77,14,4282.37,0,At Risk
14855,7,168,6520.30,31.50,3510,0,2010-04-08 10:30:00,2011-08-12 14:02:00,118,7,6520.30,0,At Risk
14856,3,65,1290.53,19.85,711,0,2011-10-14 09:35:00,2011-11-03 14:53:00,35,3,1290.53,0,At Risk
14857,10,170,3578.93,16.42,2081,16,2010-03-15 11:00:00,2011-10-11 09:23:00,59,10,3578.93,0,At Risk
14858,1,11,180.75,16.43,105,0,2010-07-22 10:51:00,2010-07-22 10:51:00,505,1,180.75,0,At Risk
14859,6,51,1703.94,25.43,888,2,2010-06-03 10:26:00,2011-11-27 11:18:00,12,6,1703.94,0,At Risk
14860,2,11,168.62,14.05,232,2,2011-11-20 14:17:00,2011-12-01 09:44:00,8,2,168.62,0,At Risk
14861,14,62,1318.40,13.88,1076,22,2009-12-08 12:12:00,2011-10-18 12:54:00,51,14,1318.40,0,At Risk
14862,2,47,841.20,17.53,772,0,2011-07-14 11:20:00,2011-11-14 10:01:00,25,2,841.20,0,At Risk
14863,1,11,266.76,24.25,132,0,2011-11-10 15:04:00,2011-11-10 15:04:00,28,1,266.76,0,At Risk
14864,1,2,-48.75,-24.38,0,17,2009-12-08 17:07:00,2009-12-08 17:07:00,730,1,-48.75,0,At Risk
14865,4,4,92.52,15.42,204,0,2009-12-01 16:05:00,2011-12-02 16:25:00,6,4,92.52,0,At Risk
14866,20,40,20554.09,146.81,9089,183,2010-08-26 11:54:00,2011-11-29 11:45:00,10,20,20554.09,0,At Risk
14867,19,67,2910.41,20.79,996,3,2009-12-05 15:47:00,2011-06-07 11:39:00,185,19,2910.41,0,At Risk
14868,13,132,4170.06,19.49,2230,6,2010-10-15 14:52:00,2011-12-06 14:49:00,2,13,4170.06,0,At Risk
14869,9,187,2750.70,10.87,2130,12,2009-12-16 11:43:00,2011-12-06 10:55:00,3,9,2750.70,0,At Risk
14870,9,43,1794.60,26.01,483,5,2010-01-25 09:05:00,2011-03-23 10:51:00,261,9,1794.60,0,At Risk
14871,9,123,1228.17,6.33,446,0,2009-12-01 11:57:00,2011-12-06 13:42:00,2,9,1228.17,0,At Risk
14872,4,34,802.68,18.24,662,48,2010-03-16 14:41:00,2010-08-16 10:44:00,480,4,802.68,0,At Risk
14873,2,48,854.13,17.43,311,0,2010-03-16 10:51:00,2011-05-13 13:52:00,209,2,854.13,0,At Risk
14874,1,6,116.18,19.36,148,0,2010-06-22 14:58:00,2010-06-22 14:58:00,534,1,116.18,0,At Risk
14875,7,89,2841.55,30.55,1332,5,2010-09-24 10:28:00,2011-11-30 14:41:00,8,7,2841.55,0,At Risk
14876,2,12,256.70,19.75,162,0,2010-05-27 13:49:00,2010-07-06 14:57:00,520,2,256.70,0,At Risk
14877,2,57,425.85,6.76,168,0,2010-03-07 12:25:00,2010-10-17 13:09:00,417,2,425.85,0,At Risk
14878,28,160,3783.48,10.14,2416,253,2010-02-21 11:14:00,2011-11-27 11:15:00,12,28,3783.48,0,At Risk
14879,1,27,185.06,6.85,104,0,2010-01-24 11:35:00,2010-01-24 11:35:00,684,1,185.06,0,At Risk
14880,3,45,690.59,15.01,365,0,2011-02-24 12:27:00,2011-09-23 13:42:00,76,3,690.59,0,At Risk
14881,1,17,255.40,15.02,316,0,2011-11-20 11:06:00,2011-11-20 11:06:00,19,1,255.40,0,At Risk
14882,15,32,3345.05,49.93,1614,192,2010-03-30 15:02:00,2011-11-13 12:47:00,26,15,3345.05,0,At Risk
14883,7,39,756.64,14.01,790,1,2011-05-12 09:49:00,2011-11-21 10:23:00,18,7,756.64,0,At Risk
14884,1,8,120.60,15.08,72,0,2010-02-08 12:56:00,2010-02-08 12:56:00,668,1,120.60,0,At Risk
14885,4,24,1496.12,46.75,1308,24,2010-08-31 10:11:00,2011-07-31 12:05:00,131,4,1496.12,0,At Risk
14886,1,18,364.80,20.27,160,0,2011-04-01 08:56:00,2011-04-01 08:56:00,252,1,364.80,0,At Risk
14887,1,6,1862.00,310.33,1100,0,2011-09-21 15:32:00,2011-09-21 15:32:00,78,1,1862.00,0,At Risk
14888,1,20,369.20,18.46,184,0,2011-05-16 14:58:00,2011-05-16 14:58:00,206,1,369.20,0,At Risk
14889,1,10,135.90,13.59,90,0,2011-01-07 15:19:00,2011-01-07 15:19:00,335,1,135.90,0,At Risk
14890,3,55,817.25,14.34,636,0,2010-02-18 09:00:00,2011-03-31 11:57:00,253,3,817.25,0,At Risk
14891,4,55,1106.73,17.57,788,0,2010-09-29 12:41:00,2011-07-14 18:08:00,147,4,1106.73,0,At Risk
14892,1,13,202.35,15.57,79,0,2010-01-18 08:58:00,2010-01-18 08:58:00,690,1,202.35,0,At Risk
14893,6,99,1782.26,16.20,1047,13,2010-04-01 09:03:00,2011-11-30 12:31:00,9,6,1782.26,0,At Risk
14894,5,39,1412.21,28.82,603,12,2009-12-02 10:42:00,2011-09-15 13:51:00,84,5,1412.21,0,At Risk
14895,48,445,24488.82,26.65,10714,69,2009-12-03 10:58:00,2011-12-02 09:23:00,7,48,24488.82,0,At Risk
14896,10,150,1727.30,6.64,931,14,2009-12-06 12:42:00,2011-05-19 10:20:00,204,10,1727.30,0,At Risk
14897,9,94,3100.74,24.22,1162,4,2009-12-15 17:05:00,2011-12-02 10:32:00,7,9,3100.74,0,At Risk
14898,18,185,3242.60,10.84,2207,21,2009-12-03 16:40:00,2011-11-16 14:54:00,22,18,3242.60,0,At Risk
14899,1,126,1331.38,10.32,570,0,2010-11-09 15:20:00,2010-11-09 15:20:00,394,1,1331.38,0,At Risk
14900,1,1,13.92,13.92,48,0,2010-07-05 15:09:00,2010-07-05 15:09:00,521,1,13.92,0,At Risk
14901,13,103,1912.70,14.06,880,2,2010-07-29 11:11:00,2011-11-28 17:09:00,10,13,1912.70,0,At Risk
14902,5,51,1000.27,15.39,716,13,2010-06-04 12:35:00,2011-11-18 17:09:00,20,5,1000.27,0,At Risk
14903,10,227,2729.18,7.60,1531,45,2011-03-06 11:50:00,2011-11-18 16:07:00,20,10,2729.18,0,At Risk
14904,4,127,1630.49,11.56,2522,0,2010-10-08 12:48:00,2011-12-07 12:55:00,1,4,1630.49,0,At Risk
14905,10,45,1939.69,23.95,1009,22,2009-12-03 14:36:00,2011-07-08 13:36:00,153,10,1939.69,0,At Risk
14906,3,1,-66.98,-22.33,1,2,2010-09-20 15:19:00,2010-09-20 16:33:00,444,3,-66.98,0,At Risk
14907,23,153,5476.62,19.70,2583,34,2009-12-08 18:35:00,2011-12-06 14:14:00,2,23,5476.62,0,At Risk
14908,2,14,381.90,27.28,182,0,2010-09-02 16:39:00,2011-09-26 12:56:00,73,2,381.90,0,At Risk
14909,5,61,1380.98,16.84,888,2,2010-02-14 15:47:00,2010-10-07 16:47:00,427,5,1380.98,0,At Risk
14910,7,25,389.86,11.14,238,17,2011-10-16 11:06:00,2011-12-07 10:06:00,2,7,389.86,0,At Risk
14911,510,2557,265757.91,23.23,147972,6472,2009-12-01 11:41:00,2011-12-08 15:54:00,0,510,265757.91,1,Potential Loyal
14912,11,46,748.58,11.01,1819,16,2010-01-26 16:29:00,2011-11-23 12:29:00,16,11,748.58,0,At Risk
14913,8,176,4073.13,16.49,3955,0,2010-08-11 08:40:00,2011-11-04 08:29:00,35,8,4073.13,0,At Risk
14914,1,1,-5.85,-5.85,0,3,2010-04-13 10:14:00,2010-04-13 10:14:00,605,1,-5.85,0,At Risk
14915,13,65,1752.65,19.05,707,8,2009-12-03 10:17:00,2011-09-15 10:27:00,85,13,1752.65,0,At Risk
14916,11,113,2888.21,20.63,2415,36,2010-04-01 10:57:00,2011-09-30 09:20:00,70,11,2888.21,0,At Risk
14917,2,29,1123.75,38.75,891,0,2010-04-22 09:44:00,2010-04-22 11:28:00,596,2,1123.75,0,At Risk
14918,9,79,5955.81,42.24,2551,0,2010-04-08 11:18:00,2011-08-16 11:50:00,115,9,5955.81,0,At Risk
14919,1,13,359.35,27.64,129,0,2010-06-18 13:06:00,2010-06-18 13:06:00,538,1,359.35,0,At Risk
14920,3,90,1607.17,16.57,886,0,2010-05-23 15:25:00,2011-05-11 10:32:00,212,3,1607.17,0,At Risk
14921,2,78,1316.07,16.87,953,0,2011-05-22 12:51:00,2011-11-09 13:17:00,29,2,1316.07,0,At Risk
14922,2,49,843.74,16.87,376,0,2010-07-20 09:45:00,2010-11-11 11:14:00,393,2,843.74,0,At Risk
14923,1,44,749.10,17.03,418,0,2011-10-20 11:51:00,2011-10-20 11:51:00,50,1,749.10,0,At Risk
14924,3,30,931.01,30.03,312,0,2010-03-10 12:51:00,2011-04-08 09:25:00,245,3,931.01,0,At Risk
14925,1,1,-7.95,-7.95,0,1,2009-12-08 13:44:00,2009-12-08 13:44:00,730,1,-7.95,0,At Risk
14926,3,2,337.65,84.41,204,15,2010-04-20 09:59:00,2010-11-23 07:13:00,381,3,337.65,0,At Risk
14927,1,20,308.20,15.41,196,0,2010-11-08 12:30:00,2010-11-08 12:30:00,396,1,308.20,0,At Risk
14928,2,21,204.46,8.52,268,5,2010-03-22 09:14:00,2010-03-30 15:51:00,618,2,204.46,0,At Risk
14929,2,34,836.69,24.61,487,0,2010-10-14 12:22:00,2011-11-07 17:21:00,31,2,836.69,0,At Risk
14930,9,213,5126.74,18.05,2193,7,2010-04-12 11:22:00,2011-08-23 10:31:00,108,9,5126.74,0,At Risk
14931,6,30,964.68,22.97,417,1,2011-04-13 09:32:00,2011-12-05 10:19:00,4,6,964.68,0,At Risk
14932,2,29,666.13,20.82,257,0,2010-11-19 09:16:00,2010-12-09 11:48:00,365,2,666.13,0,At Risk
14933,5,1,885.00,177.00,600,300,2010-09-21 17:29:00,2010-09-22 10:47:00,443,5,885.00,0,At Risk
14934,9,116,2444.10,9.86,2100,654,2010-09-24 12:08:00,2011-09-28 09:45:00,72,9,2444.10,0,At Risk
14935,2,25,2849.83,109.61,1931,0,2010-03-30 11:48:00,2011-02-15 14:44:00,296,2,2849.83,0,At Risk
14936,14,267,12378.46,23.36,6274,3,2010-05-05 12:26:00,2011-11-30 15:07:00,8,14,12378.46,0,At Risk
14937,4,33,1617.63,46.22,484,1,2011-08-01 14:16:00,2011-10-14 12:29:00,56,4,1617.63,0,At Risk
14938,4,71,2289.43,30.12,1369,8,2010-05-26 13:35:00,2010-07-25 16:00:00,501,4,2289.43,0,At Risk
14939,1,1,-934.66,-934.66,0,1,2010-03-19 12:35:00,2010-03-19 12:35:00,630,1,-934.66,0,At Risk
14940,2,32,531.49,16.61,384,0,2009-12-06 15:46:00,2010-10-18 10:47:00,417,2,531.49,0,At Risk
14941,1,7,182.10,26.01,80,0,2010-05-10 11:30:00,2010-05-10 11:30:00,578,1,182.10,0,At Risk
14942,5,13,706.56,35.33,354,1,2009-12-10 10:00:00,2010-11-03 10:51:00,401,5,706.56,0,At Risk
14943,1,5,107.62,21.52,46,0,2010-02-14 16:04:00,2010-02-14 16:04:00,662,1,107.62,0,At Risk
14944,24,184,9674.92,31.21,4864,31,2010-02-17 08:47:00,2011-11-10 09:10:00,29,24,9674.92,0,At Risk
14945,1,11,179.40,16.31,156,0,2010-10-22 11:26:00,2010-10-22 11:26:00,413,1,179.40,0,At Risk
14946,1,3,100.90,33.63,22,0,2011-11-25 13:33:00,2011-11-25 13:33:00,13,1,100.90,0,At Risk
14947,6,47,1049.79,19.44,416,0,2010-03-25 11:29:00,2011-09-28 15:48:00,71,6,1049.79,0,At Risk
14948,7,56,1066.57,16.67,673,12,2011-05-04 14:52:00,2011-11-16 17:16:00,22,7,1066.57,0,At Risk
14949,6,16,498.55,16.62,250,7,2009-12-18 15:28:00,2010-09-06 12:16:00,459,6,498.55,0,At Risk
14950,2,19,361.25,18.06,136,1,2011-11-20 13:48:00,2011-12-01 09:42:00,8,2,361.25,0,At Risk
14951,1,20,311.69,15.58,311,0,2011-09-21 15:15:00,2011-09-21 15:15:00,78,1,311.69,0,At Risk
14952,43,243,17347.25,53.21,6977,102,2009-12-03 15:34:00,2011-10-24 13:50:00,45,43,17347.25,0,At Risk
14953,5,202,962.92,3.91,1014,20,2010-09-30 12:16:00,2011-11-14 14:59:00,24,5,962.92,0,At Risk
14954,2,111,462.12,3.92,209,0,2010-01-05 16:38:00,2011-11-27 14:30:00,11,2,462.12,0,At Risk
14955,1,30,163.77,5.28,74,0,2009-12-07 11:35:00,2009-12-07 11:35:00,732,1,163.77,0,At Risk
14956,1,4,1325.00,331.25,2500,0,2010-10-14 16:40:00,2010-10-14 16:40:00,420,1,1325.00,0,At Risk
14957,2,27,261.69,9.35,97,0,2010-03-05 10:50:00,2011-03-31 17:59:00,252,2,261.69,0,At Risk
14958,6,52,941.99,13.27,248,0,2009-12-03 16:02:00,2011-07-15 14:20:00,146,6,941.99,0,At Risk
14959,5,37,684.97,11.23,494,3,2011-02-16 13:00:00,2011-10-11 16:28:00,58,5,684.97,0,At Risk
14960,2,23,221.27,8.20,221,0,2011-06-21 13:38:00,2011-12-01 12:54:00,7,2,221.27,0,At Risk
14961,28,328,16328.90,24.01,8372,37,2009-12-04 11:32:00,2011-11-29 09:42:00,10,28,16328.90,0,At Risk
14962,4,14,366.91,26.21,123,0,2010-05-04 14:57:00,2011-03-14 09:42:00,270,4,366.91,0,At Risk
14963,13,306,3117.72,6.52,2287,3,2010-07-02 12:43:00,2011-11-30 12:16:00,9,13,3117.72,0,At Risk
14964,1,13,206.21,15.86,143,0,2011-04-06 14:13:00,2011-04-06 14:13:00,246,1,206.21,0,At Risk
14965,2,80,596.09,7.36,363,0,2011-09-04 13:15:00,2011-09-04 13:20:00,95,2,596.09,0,At Risk
14966,6,125,1064.26,7.05,1060,0,2009-12-15 13:48:00,2011-11-25 12:20:00,14,6,1064.26,0,At Risk
14967,7,23,1680.52,56.02,652,1,2009-12-03 14:07:00,2011-10-21 11:06:00,49,7,1680.52,0,At Risk
14968,2,83,501.24,5.97,257,0,2010-09-07 13:28:00,2011-11-09 13:58:00,29,2,501.24,0,At Risk
14969,1,13,906.23,69.71,665,0,2010-01-05 12:43:00,2010-01-05 12:43:00,703,1,906.23,0,At Risk
14970,16,75,3593.40,28.29,982,219,2010-02-14 13:37:00,2011-10-02 13:44:00,67,16,3593.40,0,At Risk
14971,3,144,1097.98,7.08,639,0,2011-10-27 13:33:00,2011-11-04 17:07:00,34,3,1097.98,0,At Risk
14972,2,20,145.07,7.25,40,0,2010-11-23 16:17:00,2011-08-03 14:54:00,127,2,145.07,0,At Risk
14973,3,29,1314.45,41.08,369,0,2011-04-28 12:22:00,2011-08-24 15:51:00,106,3,1314.45,0,At Risk
14974,1,17,89.94,5.29,37,0,2011-11-02 13:01:00,2011-11-02 13:01:00,36,1,89.94,0,At Risk
14975,2,25,472.39,18.17,507,0,2010-10-14 14:11:00,2011-10-13 14:08:00,56,2,472.39,0,At Risk
14976,8,47,765.86,10.49,234,4,2011-01-17 11:09:00,2011-10-13 16:37:00,56,8,765.86,0,At Risk
14977,1,4,31.93,7.98,17,0,2009-12-14 10:37:00,2009-12-14 10:37:00,725,1,31.93,0,At Risk
14978,12,175,3076.39,10.54,736,4,2010-04-28 10:50:00,2011-09-28 13:07:00,71,12,3076.39,0,At Risk
14979,1,42,429.66,8.77,209,0,2009-12-04 12:54:00,2009-12-04 12:54:00,734,1,429.66,0,At Risk
14980,1,24,150.68,6.28,79,0,2009-12-02 14:09:00,2009-12-02 14:09:00,736,1,150.68,0,At Risk
14981,3,20,313.52,13.06,241,12,2010-10-12 11:04:00,2011-04-07 13:45:00,245,3,313.52,0,At Risk
14982,1,39,237.78,6.10,125,0,2010-05-16 15:52:00,2010-05-16 15:52:00,571,1,237.78,0,At Risk
14983,1,30,183.20,6.11,90,0,2010-01-19 17:32:00,2010-01-19 17:32:00,688,1,183.20,0,At Risk
14984,6,48,1260.51,23.34,348,0,2010-01-11 13:22:00,2011-11-20 14:28:00,18,6,1260.51,0,At Risk
14985,2,78,292.01,3.52,256,0,2010-12-16 19:51:00,2011-05-25 14:29:00,197,2,292.01,0,At Risk
14986,2,87,563.10,5.75,338,0,2010-01-24 15:54:00,2010-11-28 15:25:00,375,2,563.10,0,At Risk
14987,9,4,1469.05,91.82,607,32,2009-12-02 14:56:00,2011-11-24 09:59:00,15,9,1469.05,0,At Risk
14988,7,171,2038.65,8.68,1260,0,2010-04-16 13:34:00,2011-05-12 12:05:00,211,7,2038.65,0,At Risk
14989,1,18,342.40,19.02,200,0,2010-02-16 10:40:00,2010-02-16 10:40:00,661,1,342.40,0,At Risk
14990,2,41,304.17,7.24,129,0,2009-12-09 13:31:00,2010-04-06 13:54:00,611,2,304.17,0,At Risk
14991,1,21,314.67,14.98,191,0,2010-10-05 13:01:00,2010-10-05 13:01:00,429,1,314.67,0,At Risk
14992,1,27,210.50,7.80,145,0,2010-09-23 17:48:00,2010-09-23 17:48:00,441,1,210.50,0,At Risk
14993,1,9,36.13,3.61,21,0,2010-05-25 12:47:00,2010-05-25 12:47:00,563,1,36.13,0,At Risk
14994,8,234,872.42,2.80,568,88,2010-03-26 12:40:00,2010-11-22 12:59:00,381,8,872.42,0,At Risk
14995,2,53,231.98,3.87,102,0,2011-03-04 13:14:00,2011-11-01 11:39:00,38,2,231.98,0,At Risk
14996,2,37,442.29,10.79,404,0,2010-08-15 13:41:00,2010-08-15 13:44:00,480,2,442.29,0,At Risk
14997,5,36,771.38,19.78,1408,18,2010-02-22 12:11:00,2011-10-24 13:28:00,45,5,771.38,0,At Risk
14998,4,111,753.18,6.03,352,0,2010-04-13 16:07:00,2011-06-22 17:30:00,169,4,753.18,0,At Risk
14999,1,9,129.48,14.39,88,0,2010-04-26 10:47:00,2010-04-26 10:47:00,592,1,129.48,0,At Risk
15000,1,76,490.52,6.37,218,0,2011-10-23 11:42:00,2011-10-23 11:42:00,47,1,490.52,0,At Risk
15001,2,44,199.11,4.33,70,0,2010-11-10 13:31:00,2010-11-10 13:51:00,393,2,199.11,0,At Risk
15002,9,220,4138.08,12.28,2214,0,2010-01-12 11:40:00,2011-08-16 10:44:00,115,9,4138.08,0,At Risk
15003,7,253,1022.03,3.10,525,4,2010-01-26 13:04:00,2010-08-23 15:44:00,472,7,1022.03,0,At Risk
15004,1,154,1220.77,7.93,623,0,2011-07-15 14:05:00,2011-07-15 14:05:00,146,1,1220.77,0,At Risk
15005,76,594,13412.90,5.41,8666,103,2009-12-01 13:20:00,2011-11-24 12:25:00,15,76,13412.90,0,At Risk
15006,2,165,757.78,4.16,387,0,2010-09-12 13:03:00,2011-10-19 15:08:00,50,2,757.78,0,At Risk
15007,1,12,156.91,13.08,69,0,2011-07-03 16:00:00,2011-07-03 16:00:00,158,1,156.91,0,At Risk
15008,2,6,360.00,30.00,1500,0,2010-03-12 11:13:00,2010-08-16 13:09:00,479,2,360.00,0,At Risk
15009,3,148,1259.43,7.00,639,0,2011-11-14 17:40:00,2011-11-27 13:35:00,11,3,1259.43,0,At Risk
15010,1,20,308.94,15.45,184,0,2011-11-04 12:42:00,2011-11-04 12:42:00,35,1,308.94,0,At Risk
15011,2,17,416.60,20.83,289,0,2010-10-19 12:05:00,2010-11-09 11:10:00,395,2,416.60,0,At Risk
15012,3,165,646.26,3.38,383,0,2010-05-12 11:49:00,2011-10-17 12:22:00,53,3,646.26,0,At Risk
15013,10,177,1610.82,4.74,1715,0,2010-01-31 12:15:00,2010-08-09 12:05:00,487,10,1610.82,0,At Risk
15014,2,29,257.67,7.81,149,0,2011-06-16 19:40:00,2011-10-27 20:07:00,42,2,257.67,0,At Risk
15015,20,158,2265.77,7.40,1584,30,2009-12-14 13:49:00,2010-07-26 13:50:00,500,20,2265.77,0,At Risk
15016,6,93,612.89,5.73,243,3,2010-06-14 13:06:00,2011-06-20 12:06:00,172,6,612.89,0,At Risk
15017,1,20,125.58,6.28,63,0,2011-11-06 10:33:00,2011-11-06 10:33:00,33,1,125.58,0,At Risk
15018,4,30,456.26,14.26,189,1,2010-12-07 10:47:00,2011-11-01 12:47:00,38,4,456.26,0,At Risk
15019,1,64,252.81,3.83,150,0,2011-03-18 12:35:00,2011-03-18 12:35:00,266,1,252.81,0,At Risk
15020,1,27,198.47,7.35,111,0,2010-11-25 13:29:00,2010-11-25 13:29:00,378,1,198.47,0,At Risk
15021,17,355,2422.35,3.84,1079,24,2010-07-29 16:35:00,2011-12-01 11:53:00,8,17,2422.35,0,At Risk
15022,5,115,1133.44,8.10,640,0,2010-01-31 16:02:00,2011-11-28 12:35:00,11,5,1133.44,0,At Risk
15023,23,486,11500.16,11.94,4758,15,2010-02-03 15:45:00,2011-12-06 17:23:00,2,23,11500.16,0,At Risk
15024,16,168,3559.39,11.12,1924,0,2010-10-11 16:14:00,2011-11-30 12:06:00,9,16,3559.39,0,At Risk
15025,2,132,979.79,7.05,503,0,2010-05-20 13:28:00,2011-11-06 15:20:00,32,2,979.79,0,At Risk
15026,5,109,1048.89,7.60,655,0,2010-09-17 13:52:00,2011-09-20 13:52:00,79,5,1048.89,0,At Risk
15027,13,69,2974.04,31.64,2782,578,2010-03-25 14:39:00,2011-11-09 10:16:00,30,13,2974.04,0,At Risk
15028,6,65,962.94,9.44,673,0,2010-11-10 14:32:00,2011-12-01 14:06:00,7,6,962.94,0,At Risk
15029,2,10,362.15,32.92,234,1,2010-03-30 12:16:00,2010-03-31 16:04:00,617,2,362.15,0,At Risk
15030,9,26,1964.66,56.13,1225,2,2010-03-04 17:10:00,2011-09-29 10:50:00,71,9,1964.66,0,At Risk
15031,16,250,2803.73,6.46,1576,179,2009-12-08 13:38:00,2011-12-05 14:19:00,3,16,2803.73,0,At Risk
15032,10,39,10515.05,107.30,6601,300,2009-12-10 15:27:00,2011-03-28 15:30:00,255,10,10515.05,0,At Risk
15033,11,315,2541.53,5.04,1672,3,2011-01-14 13:28:00,2011-12-05 12:40:00,4,11,2541.53,0,At Risk
15034,17,416,8200.25,10.82,4748,11,2010-05-11 13:30:00,2011-11-24 12:11:00,15,17,8200.25,0,At Risk
15035,1,26,252.73,9.36,245,0,2011-09-11 11:08:00,2011-09-11 11:08:00,89,1,252.73,0,At Risk
15036,3,107,429.56,3.61,316,0,2011-06-13 12:19:00,2011-09-28 15:42:00,71,3,429.56,0,At Risk
15037,2,40,397.76,8.84,298,0,2010-11-28 12:14:00,2010-11-28 13:05:00,375,2,397.76,0,At Risk
15038,10,190,1106.63,4.65,381,30,2010-10-10 14:35:00,2011-10-27 14:42:00,42,10,1106.63,0,At Risk
15039,107,562,38853.04,14.32,17780,125,2009-12-10 11:39:00,2011-11-30 11:31:00,9,107,38853.04,0,At Risk
15040,1,1,7.49,7.49,1,0,2010-06-16 11:40:00,2010-06-16 11:40:00,541,1,7.49,0,At Risk
15041,2,98,289.40,2.78,194,0,2010-09-21 13:16:00,2011-06-22 16:16:00,169,2,289.40,0,At Risk
15042,2,9,315.45,35.05,238,0,2010-04-23 14:01:00,2011-05-24 16:25:00,198,2,315.45,0,At Risk
15043,6,39,2870.32,56.28,1019,0,2010-06-24 15:50:00,2011-11-08 14:26:00,30,6,2870.32,0,At Risk
15044,47,345,15661.35,17.13,5241,20,2009-12-16 15:13:00,2011-11-20 13:20:00,18,47,15661.35,0,At Risk
15045,3,11,633.66,48.74,114,8,2011-03-27 11:44:00,2011-07-11 11:33:00,151,3,633.66,0,At Risk
15046,28,248,7394.78,18.58,4585,171,2010-01-14 14:29:00,2011-11-30 15:50:00,8,28,7394.78,0,At Risk
15047,1,22,343.62,15.62,222,0,2011-03-15 10:49:00,2011-03-15 10:49:00,269,1,343.62,0,At Risk
15048,5,86,377.52,3.97,192,12,2010-12-06 12:15:00,2011-10-05 14:55:00,64,5,377.52,0,At Risk
15049,1,3,121.17,40.39,63,0,2011-03-11 12:13:00,2011-03-11 12:13:00,273,1,121.17,0,At Risk
15050,7,116,4032.27,26.70,2600,40,2010-08-16 12:00:00,2011-11-14 16:17:00,24,7,4032.27,0,At Risk
15051,10,226,3911.91,13.49,3052,12,2009-12-01 13:29:00,2011-11-16 15:38:00,22,10,3911.91,0,At Risk
15052,1,27,207.73,7.42,79,0,2011-01-24 15:52:00,2011-01-24 15:52:00,318,1,207.73,0,At Risk
15053,3,49,693.95,10.06,984,0,2011-03-03 12:06:00,2011-12-05 12:08:00,4,3,693.95,0,At Risk
15054,2,105,302.10,2.65,198,0,2011-10-30 14:33:00,2011-11-27 15:02:00,11,2,302.10,0,At Risk
15055,3,77,549.12,6.78,225,0,2009-12-16 15:48:00,2010-08-22 11:06:00,474,3,549.12,0,At Risk
15056,1,6,113.65,18.94,69,0,2010-07-07 15:58:00,2010-07-07 15:58:00,519,1,113.65,0,At Risk
15057,6,62,3184.56,44.85,1394,12,2009-12-05 15:27:00,2011-03-09 15:17:00,274,6,3184.56,0,At Risk
15058,17,232,3354.73,9.64,1645,3,2010-02-24 14:07:00,2011-11-14 14:57:00,24,17,3354.73,0,At Risk
15059,27,309,3395.25,5.69,1599,19,2009-12-06 10:57:00,2011-10-30 11:35:00,40,27,3395.25,0,At Risk
15060,4,81,294.25,2.56,257,0,2011-11-30 14:03:00,2011-12-01 13:47:00,7,4,294.25,0,At Risk
15061,138,131,124961.98,137.47,74280,726,2009-12-01 12:18:00,2011-12-06 12:06:00,3,138,124961.98,1,Potential Loyal
15062,8,98,2585.62,16.26,1872,0,2010-04-08 15:41:00,2011-09-29 16:51:00,70,8,2585.62,0,At Risk
15063,1,5,370.80,74.16,56,0,2011-05-10 13:25:00,2011-05-10 13:25:00,212,1,370.80,0,At Risk
15064,4,75,1254.41,15.49,810,0,2009-12-22 16:17:00,2010-10-25 14:32:00,409,4,1254.41,0,At Risk
15065,7,156,3304.71,19.55,1446,28,2010-10-25 09:13:00,2011-11-02 09:45:00,37,7,3304.71,0,At Risk
15066,2,42,760.59,14.35,317,38,2011-10-17 13:25:00,2011-11-08 09:56:00,31,2,760.59,0,At Risk
15067,6,170,3850.13,21.63,2151,1,2010-04-11 15:54:00,2011-09-22 13:20:00,77,6,3850.13,0,At Risk
15068,4,178,1174.90,5.39,832,0,2010-03-28 13:18:00,2011-10-24 14:47:00,45,4,1174.90,0,At Risk
15069,1,70,1109.53,15.85,520,0,2011-06-13 14:16:00,2011-06-13 14:16:00,178,1,1109.53,0,At Risk
15070,3,26,737.05,23.03,339,0,2009-12-15 13:49:00,2010-12-02 11:23:00,372,3,737.05,0,At Risk
15071,4,41,1455.56,26.95,416,0,2010-05-18 12:45:00,2011-09-07 11:43:00,93,4,1455.56,0,At Risk
15072,1,13,187.52,14.42,164,0,2010-08-17 15:46:00,2010-08-17 15:46:00,478,1,187.52,0,At Risk
15073,9,115,2357.04,13.02,1410,214,2010-01-27 08:48:00,2011-11-30 10:44:00,9,9,2357.04,0,At Risk
15074,3,63,1553.13,21.57,1039,0,2010-08-29 11:47:00,2011-08-26 14:45:00,104,3,1553.13,0,At Risk
15075,1,27,773.03,28.63,447,0,2011-09-23 12:27:00,2011-09-23 12:27:00,77,1,773.03,0,At Risk
15076,5,68,1425.84,17.39,866,2,2010-07-05 14:11:00,2011-06-20 08:23:00,172,5,1425.84,0,At Risk
15077,4,28,2423.88,71.29,528,2,2009-12-09 17:10:00,2010-09-09 18:20:00,455,4,2423.88,0,At Risk
15078,64,118,17101.37,21.65,8777,84,2009-12-04 12:03:00,2011-12-02 15:41:00,6,64,17101.37,0,At Risk
15079,17,120,3544.80,23.63,1459,20,2009-12-08 11:22:00,2011-05-11 12:45:00,212,17,3544.80,0,At Risk
15080,2,31,546.25,17.62,287,0,2010-07-26 10:03:00,2010-10-08 11:52:00,427,2,546.25,0,At Risk
15081,13,75,1837.12,17.84,749,2,2010-06-22 10:25:00,2011-11-17 17:08:00,21,13,1837.12,0,At Risk
15082,1,6,93.35,15.56,43,0,2010-02-09 10:23:00,2010-02-09 10:23:00,668,1,93.35,0,At Risk
15083,1,5,88.20,17.64,38,0,2011-03-28 12:18:00,2011-03-28 12:18:00,256,1,88.20,0,At Risk
15084,2,31,965.20,31.14,600,0,2010-03-04 10:45:00,2010-11-25 11:58:00,379,2,965.20,0,At Risk
15085,1,9,347.54,38.62,169,0,2009-12-10 11:47:00,2009-12-10 11:47:00,729,1,347.54,0,At Risk
15086,2,10,218.53,19.87,95,0,2010-03-24 13:56:00,2010-05-24 12:27:00,564,2,218.53,0,At Risk
15087,1,15,306.94,20.46,470,0,2011-03-03 10:34:00,2011-03-03 10:34:00,281,1,306.94,0,At Risk
15088,3,53,1140.27,19.00,460,3,2011-10-03 14:05:00,2011-11-18 13:14:00,20,3,1140.27,0,At Risk
15089,6,139,2420.84,16.70,1359,0,2011-08-03 14:14:00,2011-11-29 16:31:00,9,6,2420.84,0,At Risk
15090,1,23,381.32,16.58,208,0,2011-02-04 14:03:00,2011-02-04 14:03:00,307,1,381.32,0,At Risk
15091,6,56,1023.11,17.05,582,8,2009-12-01 12:18:00,2011-10-17 10:47:00,53,6,1023.11,0,At Risk
15092,4,39,773.16,16.81,230,2,2010-09-03 12:33:00,2011-05-08 14:10:00,214,4,773.16,0,At Risk
15093,34,104,13034.15,39.50,10778,127,2009-12-08 12:46:00,2011-11-21 13:09:00,17,34,13034.15,0,At Risk
15094,2,4,83.00,16.60,28,0,2010-03-05 12:56:00,2010-09-02 16:55:00,462,2,83.00,0,At Risk
15095,11,90,3135.74,24.89,2233,2,2010-01-21 09:37:00,2011-08-28 12:01:00,103,11,3135.74,0,At Risk
15096,1,11,219.39,19.94,120,0,2011-10-28 10:27:00,2011-10-28 10:27:00,42,1,219.39,0,At Risk
15097,5,59,587.05,8.63,424,126,2010-05-05 14:22:00,2011-12-05 14:03:00,3,5,587.05,0,At Risk
15098,5,2,649.50,129.90,121,61,2011-06-10 15:22:00,2011-06-10 15:39:00,181,5,649.50,0,At Risk
15099,1,23,410.48,17.85,343,0,2011-09-16 13:13:00,2011-09-16 13:13:00,83,1,410.48,0,At Risk
15100,14,11,1750.10,76.09,270,44,2010-01-07 14:33:00,2011-01-13 17:09:00,329,14,1750.10,0,At Risk
15101,11,53,1303.49,20.37,676,21,2010-04-28 15:00:00,2011-12-01 10:18:00,8,11,1303.49,0,At Risk
15102,2,26,554.67,20.54,339,0,2010-06-11 10:16:00,2010-06-27 12:16:00,530,2,554.67,0,At Risk
15103,2,35,703.36,20.10,329,0,2011-09-14 13:54:00,2011-11-08 14:53:00,30,2,703.36,0,At Risk
15104,3,66,968.64,14.04,635,2,2011-03-02 14:16:00,2011-06-26 11:35:00,166,3,968.64,0,At Risk
15105,9,129,3094.91,20.50,1747,0,2010-03-23 12:18:00,2011-11-21 16:54:00,17,9,3094.91,0,At Risk
15106,7,90,1407.73,13.80,1181,37,2011-03-15 12:52:00,2011-11-22 09:16:00,17,7,1407.73,0,At Risk
15107,12,33,740.26,15.75,330,10,2010-09-14 10:47:00,2011-02-01 14:46:00,310,12,740.26,0,At Risk
15108,5,50,1291.75,21.18,499,2,2011-04-26 10:54:00,2011-07-21 10:24:00,141,5,1291.75,0,At Risk
15109,4,46,961.90,18.86,258,4,2009-12-04 12:33:00,2011-04-13 09:53:00,240,4,961.90,0,At Risk
15110,9,23,1482.95,26.02,337,5,2010-08-11 15:49:00,2011-11-16 11:16:00,23,9,1482.95,0,At Risk
15111,5,109,2442.37,18.09,1058,0,2010-04-26 13:12:00,2011-11-10 16:58:00,28,5,2442.37,0,At Risk
15112,1,7,209.40,29.91,72,0,2010-04-07 14:17:00,2010-04-07 14:17:00,610,1,209.40,0,At Risk
15113,4,77,3339.51,34.08,2344,24,2011-10-16 15:27:00,2011-11-30 08:23:00,9,4,3339.51,0,At Risk
15114,12,151,3400.12,14.72,3532,0,2010-10-14 16:44:00,2011-11-09 15:05:00,29,12,3400.12,0,At Risk
15115,3,35,528.10,14.67,245,1,2009-12-07 11:20:00,2011-11-21 14:59:00,17,3,528.10,0,At Risk
15116,4,37,1352.75,30.06,648,0,2011-05-19 08:50:00,2011-11-22 12:25:00,17,4,1352.75,0,At Risk
15117,9,89,2484.32,18.82,3093,1,2010-03-15 13:39:00,2011-11-25 08:12:00,14,9,2484.32,0,At Risk
15118,1,1,244.80,244.80,1440,0,2011-07-28 14:54:00,2011-07-28 14:54:00,133,1,244.80,0,At Risk
15119,1,14,266.40,19.03,88,0,2011-04-08 09:08:00,2011-04-08 09:08:00,245,1,266.40,0,At Risk
15120,2,21,343.82,15.63,296,4,2011-07-29 09:48:00,2011-08-02 10:05:00,129,2,343.82,0,At Risk
15121,2,28,457.72,16.35,199,0,2011-02-24 12:41:00,2011-10-20 14:51:00,49,2,457.72,0,At Risk
15122,16,155,4451.22,18.94,2033,26,2010-03-30 14:05:00,2011-09-15 16:27:00,84,16,4451.22,0,At Risk
15123,5,149,4656.17,25.44,2524,0,2010-03-16 09:49:00,2011-12-02 13:12:00,6,5,4656.17,0,At Risk
15124,4,30,450.82,14.54,462,0,2010-02-26 10:49:00,2011-11-17 10:09:00,22,4,450.82,0,At Risk
15125,36,152,16124.33,61.78,8433,298,2010-03-31 13:29:00,2011-11-14 13:57:00,24,36,16124.33,0,At Risk
15126,2,25,449.49,17.98,273,0,2010-01-21 17:09:00,2010-06-21 12:31:00,536,2,449.49,0,At Risk
15127,2,27,711.50,25.41,464,0,2010-07-08 10:07:00,2011-10-05 10:30:00,65,2,711.50,0,At Risk
15128,9,89,1732.22,13.12,1583,17,2010-10-05 16:46:00,2011-10-10 13:54:00,59,9,1732.22,0,At Risk
15129,23,86,6860.18,33.14,4002,0,2010-04-08 17:15:00,2011-10-20 14:40:00,49,23,6860.18,0,At Risk
15130,1,22,330.11,15.01,197,0,2011-06-23 10:15:00,2011-06-23 10:15:00,169,1,330.11,0,At Risk
15131,1,7,80.28,11.47,88,0,2010-11-10 12:07:00,2010-11-10 12:07:00,394,1,80.28,0,At Risk
15132,5,49,977.93,18.81,679,0,2011-03-22 12:02:00,2011-11-21 17:10:00,17,5,977.93,0,At Risk
15133,5,45,1806.90,36.88,960,0,2010-07-07 12:31:00,2011-08-04 10:44:00,127,5,1806.90,0,At Risk
15134,10,47,1596.29,18.78,1057,0,2010-10-13 12:44:00,2011-11-25 08:55:00,14,10,1596.29,0,At Risk
15135,3,17,293.78,13.99,84,2,2010-06-01 13:33:00,2011-04-20 15:58:00,232,3,293.78,0,At Risk
15136,5,61,1282.45,18.59,776,1,2011-09-04 16:05:00,2011-12-07 12:26:00,2,5,1282.45,0,At Risk
15137,5,39,747.55,18.69,596,89,2009-12-08 18:47:00,2010-07-07 09:41:00,520,5,747.55,0,At Risk
15138,2,31,486.59,14.75,300,22,2010-11-11 09:16:00,2010-11-19 14:28:00,384,2,486.59,0,At Risk
15139,2,13,178.96,13.77,208,0,2011-01-07 12:44:00,2011-04-14 11:39:00,239,2,178.96,0,At Risk
15140,9,103,3239.44,28.67,2010,5,2010-09-23 13:07:00,2011-10-18 14:07:00,51,9,3239.44,0,At Risk
15141,9,44,1378.31,16.61,1197,13,2010-03-28 15:58:00,2010-09-08 11:33:00,457,9,1378.31,0,At Risk
15142,7,115,2608.97,18.24,2155,1,2010-07-27 09:05:00,2011-10-24 12:51:00,45,7,2608.97,0,At Risk
15143,2,27,563.63,18.18,320,0,2010-10-03 13:58:00,2011-04-28 12:03:00,225,2,563.63,0,At Risk
15144,33,199,12006.51,34.01,5251,46,2009-12-13 11:35:00,2011-12-01 15:12:00,7,33,12006.51,0,At Risk
15145,4,54,1194.73,17.83,756,0,2011-04-05 15:20:00,2011-12-05 17:21:00,3,4,1194.73,0,At Risk
15146,3,90,1313.66,13.83,1473,14,2011-02-21 13:07:00,2011-06-28 12:09:00,164,3,1313.66,0,At Risk
15147,2,28,608.65,20.99,366,3,2011-04-13 15:57:00,2011-05-05 11:20:00,218,2,608.65,0,At Risk
15148,1,20,301.29,15.06,187,0,2011-11-29 08:21:00,2011-11-29 08:21:00,10,1,301.29,0,At Risk
15149,5,62,1554.61,22.53,380,0,2010-02-28 11:13:00,2011-07-29 10:58:00,133,5,1554.61,0,At Risk
15150,14,495,8967.44,15.62,6167,25,2010-06-14 12:01:00,2011-11-22 12:52:00,16,14,8967.44,0,At Risk
15151,2,56,2085.61,36.59,795,0,2010-07-18 12:19:00,2010-10-12 16:37:00,422,2,2085.61,0,At Risk
15152,18,215,5197.97,16.88,2994,11,2010-01-07 15:15:00,2011-11-30 12:32:00,9,18,5197.97,0,At Risk
15153,1,22,329.25,14.97,198,0,2011-11-08 17:09:00,2011-11-08 17:09:00,30,1,329.25,0,At Risk
15154,4,166,1314.17,7.42,333,4,2010-08-18 17:41:00,2011-09-26 16:43:00,73,4,1314.17,0,At Risk
15155,1,24,383.97,16.00,192,0,2010-11-21 12:59:00,2010-11-21 12:59:00,382,1,383.97,0,At Risk
15156,3,51,961.49,17.48,597,0,2011-11-06 12:41:00,2011-12-08 18:22:00,0,3,961.49,0,At Risk
15157,7,153,2587.54,16.17,3466,150,2009-12-10 14:44:00,2011-12-06 11:28:00,3,7,2587.54,0,At Risk
15158,3,11,437.66,33.67,219,9,2010-11-03 13:46:00,2011-10-25 13:53:00,44,3,437.66,0,At Risk
15159,38,413,22049.40,26.89,13512,47,2010-10-04 09:31:00,2011-12-08 12:05:00,1,38,22049.40,0,At Risk
15160,4,17,589.27,25.62,307,0,2010-10-14 15:26:00,2010-12-17 14:15:00,356,4,589.27,0,At Risk
15161,1,33,119.92,3.63,144,0,2010-11-16 16:08:00,2010-11-16 16:08:00,387,1,119.92,0,At Risk
15162,2,12,241.50,15.09,74,8,2009-12-08 13:14:00,2009-12-11 11:31:00,728,2,241.50,0,At Risk
15163,2,29,304.47,10.50,186,0,2011-05-31 15:22:00,2011-11-21 13:10:00,17,2,304.47,0,At Risk
15164,10,243,2011.21,5.68,912,2,2010-01-18 13:34:00,2011-10-02 12:05:00,68,10,2011.21,0,At Risk
15165,1,27,487.75,18.06,160,0,2010-12-01 14:03:00,2010-12-01 14:03:00,372,1,487.75,0,At Risk
15166,1,12,167.16,13.93,140,0,2010-08-29 12:31:00,2010-08-29 12:31:00,467,1,167.16,0,At Risk
15167,5,262,1627.62,5.35,863,0,2010-02-04 14:13:00,2011-01-23 12:41:00,320,5,1627.62,0,At Risk
15168,1,5,106.56,21.31,52,0,2011-11-14 11:26:00,2011-11-14 11:26:00,25,1,106.56,0,At Risk
15169,2,58,569.22,9.65,356,0,2009-12-13 11:16:00,2010-11-22 13:04:00,381,2,569.22,0,At Risk
15170,1,4,81.15,20.29,33,0,2010-10-29 10:34:00,2010-10-29 10:34:00,406,1,81.15,0,At Risk
15171,2,5,1034.50,147.79,290,100,2011-01-12 15:36:00,2011-01-19 12:39:00,324,2,1034.50,0,At Risk
15172,5,106,1624.05,14.76,1611,0,2011-04-17 11:56:00,2011-12-01 11:51:00,8,5,1624.05,0,At Risk
15173,8,68,1399.26,15.90,840,12,2010-04-01 12:26:00,2010-11-24 10:21:00,380,8,1399.26,0,At Risk
15174,2,34,481.46,14.16,382,0,2010-10-25 09:40:00,2011-01-21 09:06:00,322,2,481.46,0,At Risk
15175,1,23,224.14,9.75,454,0,2011-09-29 11:31:00,2011-09-29 11:31:00,71,1,224.14,0,At Risk
15176,2,52,985.09,18.59,448,1,2010-02-10 10:36:00,2010-04-22 11:40:00,596,2,985.09,0,At Risk
15177,1,26,948.93,36.50,485,0,2010-10-10 12:48:00,2010-10-10 12:48:00,425,1,948.93,0,At Risk
15178,1,3,40.50,13.50,30,0,2011-03-24 15:12:00,2011-03-24 15:12:00,259,1,40.50,0,At Risk
15179,17,229,7426.82,23.06,5416,53,2009-12-03 12:27:00,2011-11-21 12:53:00,17,17,7426.82,0,At Risk
15180,3,46,816.93,15.71,654,0,2010-04-29 15:27:00,2010-12-07 14:57:00,366,3,816.93,0,At Risk
15181,8,17,953.40,41.45,688,50,2009-12-08 19:02:00,2011-10-04 13:58:00,65,8,953.40,0,At Risk
15182,14,78,2942.75,22.99,1186,12,2010-01-29 14:48:00,2011-07-08 13:37:00,153,14,2942.75,0,At Risk
15183,4,33,637.03,16.33,297,2,2010-05-04 11:31:00,2010-06-10 10:43:00,547,4,637.03,0,At Risk
15184,4,72,685.39,8.16,462,0,2009-12-16 12:06:00,2011-11-10 13:41:00,28,4,685.39,0,At Risk
15185,1,21,310.62,14.79,666,0,2011-09-30 14:06:00,2011-09-30 14:06:00,69,1,310.62,0,At Risk
15186,5,29,1403.20,26.98,716,0,2010-01-12 10:14:00,2011-11-25 14:58:00,13,5,1403.20,0,At Risk
15187,18,61,4670.08,50.22,1887,18,2011-05-11 13:49:00,2011-12-08 11:56:00,1,18,4670.08,0,At Risk
15188,1,23,310.43,13.50,233,0,2009-12-14 13:30:00,2009-12-14 13:30:00,724,1,310.43,0,At Risk
15189,58,90,17101.13,65.52,6902,114,2010-07-18 13:37:00,2011-12-08 13:22:00,0,58,17101.13,0,At Risk
15190,1,40,834.44,20.86,790,0,2010-10-01 13:09:00,2010-10-01 13:09:00,433,1,834.44,0,At Risk
15191,3,33,588.05,16.80,287,0,2010-01-20 12:35:00,2010-09-02 15:37:00,462,3,588.05,0,At Risk
15192,5,56,1666.39,18.31,1448,0,2010-01-29 10:13:00,2011-08-12 11:41:00,119,5,1666.39,0,At Risk
15193,1,19,499.32,26.28,144,0,2011-10-10 08:23:00,2011-10-10 08:23:00,60,1,499.32,0,At Risk
15194,39,278,11781.52,23.42,8922,89,2009-12-03 10:37:00,2011-12-06 15:10:00,2,39,11781.52,0,At Risk
15195,1,1,3861.00,3861.00,1404,0,2011-12-07 12:20:00,2011-12-07 12:20:00,2,1,3861.00,0,At Risk
15196,2,34,313.70,7.47,130,0,2009-12-13 11:14:00,2010-10-03 10:50:00,432,2,313.70,0,At Risk
15197,10,45,1427.84,21.63,1058,21,2009-12-11 12:56:00,2011-12-01 08:14:00,8,10,1427.84,0,At Risk
15198,6,28,559.45,17.48,327,2,2010-01-19 10:01:00,2011-09-08 14:42:00,91,6,559.45,0,At Risk
15199,10,17,3122.40,61.22,894,0,2010-05-13 10:14:00,2011-10-11 15:12:00,58,10,3122.40,0,At Risk
15200,1,30,549.05,18.30,195,0,2010-08-02 09:38:00,2010-08-02 09:38:00,494,1,549.05,0,At Risk
15201,14,44,1525.90,11.65,1660,251,2010-04-07 14:50:00,2011-09-22 09:53:00,78,14,1525.90,0,At Risk
15202,8,1,-2570.18,-321.27,3,5,2010-10-13 12:55:00,2010-10-15 13:09:00,419,8,-2570.18,0,At Risk
15203,15,150,4400.18,12.83,4182,0,2009-12-08 18:06:00,2011-11-14 08:16:00,25,15,4400.18,0,At Risk
15204,1,9,316.58,35.18,258,0,2010-12-17 13:49:00,2010-12-17 13:49:00,356,1,316.58,0,At Risk
15205,3,38,648.83,17.07,378,1,2011-08-04 16:07:00,2011-09-15 19:36:00,84,3,648.83,0,At Risk
15206,4,3,420.30,46.70,162,0,2011-03-09 08:59:00,2011-11-29 13:41:00,9,4,420.30,0,At Risk
15207,5,20,653.77,24.21,428,30,2010-06-10 17:29:00,2010-10-26 11:11:00,409,5,653.77,0,At Risk
15208,7,27,968.02,19.76,356,2,2010-10-12 12:17:00,2011-12-08 17:24:00,0,7,968.02,0,At Risk
15209,1,13,178.98,13.77,94,0,2009-12-09 17:26:00,2009-12-09 17:26:00,729,1,178.98,0,At Risk
15210,3,66,1176.19,17.56,841,0,2010-05-13 14:42:00,2011-04-28 16:11:00,224,3,1176.19,0,At Risk
15211,2,52,894.41,17.20,240,0,2010-12-09 16:08:00,2011-10-10 13:31:00,59,2,894.41,0,At Risk
15212,3,7,195.43,16.29,84,3,2010-11-28 10:45:00,2011-04-14 13:12:00,238,3,195.43,0,At Risk
15213,3,22,325.05,13.00,272,2,2011-01-14 11:05:00,2011-01-25 12:25:00,318,3,325.05,0,At Risk
15214,8,109,1661.44,15.10,1254,0,2011-04-11 09:46:00,2011-12-08 12:07:00,1,8,1661.44,0,At Risk
15215,11,85,1496.46,9.41,776,306,2010-04-06 11:21:00,2011-10-26 12:28:00,44,11,1496.46,0,At Risk
15216,2,24,486.09,20.25,217,0,2010-03-31 09:52:00,2011-09-13 11:41:00,87,2,486.09,0,At Risk
15217,1,28,426.24,15.22,190,0,2010-05-25 13:51:00,2010-05-25 13:51:00,562,1,426.24,0,At Risk
15218,25,140,11408.26,28.17,6530,33,2010-01-26 10:47:00,2011-11-29 11:48:00,10,25,11408.26,0,At Risk
15219,2,26,685.45,26.36,271,0,2010-03-01 11:33:00,2011-06-16 16:57:00,175,2,685.45,0,At Risk
15220,7,110,1758.92,14.78,1393,16,2011-03-04 10:24:00,2011-10-19 12:39:00,51,7,1758.92,0,At Risk
15221,7,21,1702.00,43.64,244,30,2010-03-12 10:40:00,2010-12-08 13:08:00,365,7,1702.00,0,At Risk
15222,17,98,3415.66,21.76,4458,317,2009-12-16 13:49:00,2011-01-25 08:03:00,318,17,3415.66,0,At Risk
15223,6,26,1117.10,24.28,385,115,2009-12-05 11:19:00,2011-04-28 11:31:00,225,6,1117.10,0,At Risk
15224,8,24,837.26,20.93,443,20,2010-01-15 16:14:00,2010-12-16 15:02:00,357,8,837.26,0,At Risk
15225,1,23,409.40,17.80,226,0,2011-04-19 14:51:00,2011-04-19 14:51:00,233,1,409.40,0,At Risk
15226,1,8,154.41,19.30,71,0,2011-02-02 11:41:00,2011-02-02 11:41:00,310,1,154.41,0,At Risk
15227,9,86,2488.49,20.74,1217,0,2010-03-16 08:23:00,2011-11-03 11:59:00,36,9,2488.49,0,At Risk
15228,7,184,5570.52,23.70,3375,3,2010-07-28 10:21:00,2011-10-04 13:56:00,65,7,5570.52,0,At Risk
15229,1,9,160.50,17.83,114,0,2010-05-02 13:50:00,2010-05-02 13:50:00,585,1,160.50,0,At Risk
15230,2,23,429.60,18.68,351,0,2011-04-13 11:04:00,2011-04-14 14:39:00,238,2,429.60,0,At Risk
15231,2,14,228.36,13.43,190,8,2010-03-28 15:12:00,2010-04-22 18:12:00,595,2,228.36,0,At Risk
15232,2,26,612.06,19.74,686,0,2011-07-22 12:21:00,2011-08-18 16:27:00,112,2,612.06,0,At Risk
15233,1,1,59.40,59.40,12,0,2010-11-03 13:36:00,2010-11-03 13:36:00,400,1,59.40,0,At Risk
15234,1,14,197.00,14.07,196,0,2011-03-08 08:53:00,2011-03-08 08:53:00,276,1,197.00,0,At Risk
15235,16,161,2772.76,15.58,1676,0,2010-11-16 12:48:00,2011-05-06 09:44:00,217,16,2772.76,0,At Risk
15236,1,15,321.05,21.40,269,0,2011-02-14 10:52:00,2011-02-14 10:52:00,298,1,321.05,0,At Risk
15237,4,94,1412.32,14.27,1071,0,2011-04-26 15:04:00,2011-12-08 09:46:00,1,4,1412.32,0,At Risk
15238,5,49,1056.54,20.32,692,3,2011-06-08 16:00:00,2011-11-10 14:28:00,28,5,1056.54,0,At Risk
15239,3,48,764.34,14.70,594,3,2011-09-22 09:53:00,2011-11-29 14:14:00,9,3,764.34,0,At Risk
15240,20,135,4320.45,17.85,3214,59,2009-12-05 14:57:00,2011-10-26 09:50:00,44,20,4320.45,0,At Risk
15241,12,120,3032.31,16.39,3328,3,2010-02-23 13:59:00,2011-10-04 09:05:00,66,12,3032.31,0,At Risk
15242,1,4,302.04,75.51,196,0,2010-10-13 15:33:00,2010-10-13 15:33:00,421,1,302.04,0,At Risk
15243,2,56,927.28,15.20,543,0,2010-09-30 17:28:00,2011-09-26 14:12:00,73,2,927.28,0,At Risk
15244,4,44,850.18,17.00,472,2,2010-02-11 14:48:00,2011-10-05 13:19:00,64,4,850.18,0,At Risk
15245,8,72,4610.84,31.15,3021,0,2010-04-23 14:23:00,2011-07-28 18:56:00,133,8,4610.84,0,At Risk
15246,3,45,780.40,15.30,359,0,2010-06-02 11:28:00,2011-04-15 14:45:00,237,3,780.40,0,At Risk
15247,4,13,967.11,53.73,514,1,2010-06-20 14:08:00,2011-08-09 12:52:00,121,4,967.11,0,At Risk
15248,4,103,1865.03,16.80,1065,8,2010-06-23 14:34:00,2010-10-24 13:09:00,410,4,1865.03,0,At Risk
15249,21,304,9147.15,17.80,4980,33,2010-03-26 14:51:00,2011-11-08 11:45:00,31,21,9147.15,0,At Risk
15250,1,3,60.00,20.00,48,0,2010-03-09 07:35:00,2010-03-09 07:35:00,640,1,60.00,0,At Risk
15251,31,184,20095.60,81.69,12108,128,2010-01-29 12:42:00,2011-11-30 15:02:00,8,31,20095.60,0,At Risk
15252,7,106,2053.06,16.97,1430,15,2010-04-07 10:24:00,2011-11-03 13:30:00,35,7,2053.06,0,At Risk
15253,12,102,2033.29,16.80,1588,11,2010-05-02 11:17:00,2011-11-23 16:22:00,15,12,2033.29,0,At Risk
15254,4,65,1073.40,15.79,711,1,2009-12-01 14:20:00,2011-08-04 15:04:00,126,4,1073.40,0,At Risk
15255,11,137,3647.37,19.00,2214,19,2009-12-03 09:10:00,2011-10-04 12:43:00,66,11,3647.37,0,At Risk
15256,2,6,170.40,17.04,92,0,2010-05-27 11:41:00,2011-07-14 11:47:00,148,2,170.40,0,At Risk
15257,3,11,600.90,46.22,71,1,2010-10-21 14:03:00,2011-03-03 13:57:00,280,3,600.90,0,At Risk
15258,2,32,623.16,18.33,142,0,2011-05-06 14:16:00,2011-06-24 12:30:00,168,2,623.16,0,At Risk
15259,4,50,1182.38,20.74,631,0,2010-01-26 09:41:00,2010-07-15 08:47:00,512,4,1182.38,0,At Risk
15260,30,187,8677.88,22.42,4468,37,2009-12-06 11:45:00,2011-08-31 13:55:00,99,30,8677.88,0,At Risk
15261,4,87,1508.00,16.39,806,0,2010-10-01 11:59:00,2011-07-27 15:20:00,134,4,1508.00,0,At Risk
15262,3,22,418.82,16.11,218,0,2010-08-08 15:55:00,2011-01-20 12:16:00,323,3,418.82,0,At Risk
15263,1,12,156.51,13.04,89,0,2011-08-25 10:26:00,2011-08-25 10:26:00,106,1,156.51,0,At Risk
15264,3,52,844.20,14.81,443,2,2010-06-27 13:29:00,2011-10-06 13:49:00,63,3,844.20,0,At Risk
15265,4,179,3345.64,17.33,1570,0,2009-12-01 17:08:00,2011-07-11 14:46:00,150,4,3345.64,0,At Risk
15266,6,39,841.70,18.30,236,1,2010-01-07 12:19:00,2011-01-05 13:40:00,337,6,841.70,0,At Risk
15267,5,8,1717.36,156.12,944,0,2011-06-10 10:24:00,2011-11-17 15:59:00,21,5,1717.36,0,At Risk
15268,4,21,941.25,34.86,428,6,2010-04-13 11:27:00,2010-08-18 10:33:00,478,4,941.25,0,At Risk
15269,3,33,1225.36,35.01,372,0,2010-11-14 12:58:00,2011-11-16 09:32:00,23,3,1225.36,0,At Risk
15270,31,66,7241.19,37.13,4010,362,2009-12-17 15:02:00,2011-11-24 09:24:00,15,31,7241.19,0,At Risk
15271,26,369,4458.29,7.77,2412,36,2010-08-05 14:57:00,2011-12-02 14:11:00,6,26,4458.29,0,At Risk
15272,6,257,2030.95,7.10,665,0,2010-02-14 13:39:00,2011-10-13 12:59:00,56,6,2030.95,0,At Risk
15273,1,1,228.96,228.96,216,0,2010-04-19 11:31:00,2010-04-19 11:31:00,599,1,228.96,0,At Risk
15274,2,44,716.57,15.25,619,0,2011-11-21 14:17:00,2011-12-05 16:57:00,3,2,716.57,0,At Risk
15275,2,41,609.19,14.50,498,1,2011-11-02 11:20:00,2011-11-08 17:54:00,30,2,609.19,0,At Risk
15276,5,160,601.30,3.30,317,4,2010-10-01 12:24:00,2011-10-04 16:39:00,65,5,601.30,0,At Risk
15277,2,23,476.34,18.32,373,0,2010-10-10 16:02:00,2011-10-24 10:08:00,46,2,476.34,0,At Risk
15278,4,29,496.16,17.11,458,0,2010-02-12 14:53:00,2010-05-27 10:03:00,561,4,496.16,0,At Risk
15279,7,74,1554.84,16.03,802,64,2010-02-02 10:15:00,2010-12-20 10:48:00,354,7,1554.84,0,At Risk
15280,3,48,397.52,6.63,507,0,2010-05-17 14:17:00,2011-06-20 17:14:00,171,3,397.52,0,At Risk
15281,22,428,8317.62,15.29,5233,52,2010-10-08 12:14:00,2011-10-12 09:10:00,58,22,8317.62,0,At Risk
15282,1,27,348.59,12.91,395,0,2010-05-18 16:27:00,2010-05-18 16:27:00,569,1,348.59,0,At Risk
15283,4,9,135.43,13.54,27,2,2010-07-09 15:46:00,2010-11-14 14:54:00,389,4,135.43,0,At Risk
15284,1,1,24.75,24.75,5,0,2010-07-27 13:25:00,2010-07-27 13:25:00,499,1,24.75,0,At Risk
15285,1,6,94.92,15.82,120,0,2010-10-28 09:46:00,2010-10-28 09:46:00,407,1,94.92,0,At Risk
15286,1,3,240.55,80.18,55,0,2011-10-21 11:08:00,2011-10-21 11:08:00,49,1,240.55,0,At Risk
15287,6,23,854.58,23.10,1010,1,2009-12-02 12:13:00,2011-11-17 15:34:00,21,6,854.58,0,At Risk
15288,10,128,3715.38,24.28,1336,0,2010-02-12 15:27:00,2011-10-27 16:58:00,42,10,3715.38,0,At Risk
15289,7,67,1570.71,15.87,1627,18,2010-03-28 11:45:00,2011-11-10 13:49:00,28,7,1570.71,0,At Risk
15290,30,106,10355.58,34.40,6567,71,2010-02-24 10:15:00,2011-12-05 11:39:00,4,30,10355.58,0,At Risk
15291,53,117,13122.44,49.52,4905,349,2009-12-03 11:09:00,2011-11-14 11:02:00,25,53,13122.44,0,At Risk
15292,1,24,178.39,7.43,55,0,2011-05-22 15:00:00,2011-05-22 15:00:00,200,1,178.39,0,At Risk
15293,1,19,247.50,13.03,178,0,2010-02-12 11:54:00,2010-02-12 11:54:00,665,1,247.50,0,At Risk
15294,2,15,222.30,13.08,97,2,2010-10-25 11:45:00,2010-11-04 17:45:00,399,2,222.30,0,At Risk
15295,1,50,207.04,3.98,139,0,2010-02-23 13:03:00,2010-02-23 13:03:00,653,1,207.04,0,At Risk
15296,20,342,10204.13,18.69,5452,26,2010-01-21 13:48:00,2011-10-26 16:33:00,43,20,10204.13,0,At Risk
15297,4,30,635.04,15.49,292,2,2011-10-07 09:42:00,2011-11-29 16:32:00,9,4,635.04,0,At Risk
15298,29,200,7958.43,18.25,6000,392,2009-12-08 17:04:00,2011-12-07 17:17:00,1,29,7958.43,0,At Risk
15299,15,10,5408.61,318.15,3356,10,2009-12-01 12:11:00,2011-10-03 14:19:00,66,15,5408.61,0,At Risk
15300,1,28,496.44,17.73,292,0,2011-10-06 17:08:00,2011-10-06 17:08:00,63,1,496.44,0,At Risk
15301,19,231,6867.44,19.68,3763,7,2010-09-15 15:41:00,2011-10-20 09:57:00,50,19,6867.44,0,At Risk
15302,2,15,291.05,18.19,102,1,2009-12-09 13:11:00,2009-12-17 17:39:00,721,2,291.05,0,At Risk
15303,4,63,1178.78,16.60,514,4,2010-01-25 09:42:00,2011-02-22 13:59:00,289,4,1178.78,0,At Risk
15304,11,8,782.30,28.97,112,4,2010-10-14 10:24:00,2011-10-10 10:23:00,60,11,782.30,0,At Risk
15305,1,5,93.60,18.72,40,0,2010-06-02 13:50:00,2010-06-02 13:50:00,554,1,93.60,0,At Risk
15306,10,123,3480.98,21.36,3074,1,2010-02-18 17:12:00,2011-10-06 12:56:00,63,10,3480.98,0,At Risk
15307,1,12,205.30,17.11,37,0,2011-09-05 11:38:00,2011-09-05 11:38:00,95,1,205.30,0,At Risk
15308,2,19,302.27,14.39,175,2,2011-03-10 13:08:00,2011-03-14 12:24:00,270,2,302.27,0,At Risk
15309,10,49,715.53,11.73,440,23,2009-12-04 13:01:00,2010-04-08 11:11:00,610,10,715.53,0,At Risk
15310,1,45,1634.64,36.33,1476,0,2010-08-18 11:38:00,2010-08-18 11:38:00,478,1,1634.64,0,At Risk
15311,270,870,111739.36,24.40,70149,1267,2009-12-01 11:21:00,2011-12-09 12:00:00,0,270,111739.36,1,Potential Loyal
15312,14,118,2916.49,17.68,1693,4,2009-12-16 09:23:00,2011-09-25 13:10:00,74,14,2916.49,0,At Risk
15313,1,1,52.00,52.00,25,0,2011-08-21 16:02:00,2011-08-21 16:02:00,109,1,52.00,0,At Risk
15314,4,49,800.65,15.70,750,12,2010-10-07 15:41:00,2011-05-24 14:39:00,198,4,800.65,0,At Risk
15315,3,35,551.54,14.51,862,24,2011-08-15 15:17:00,2011-10-06 12:51:00,63,3,551.54,0,At Risk
15316,1,1,165.00,165.00,100,0,2011-01-17 11:34:00,2011-01-17 11:34:00,326,1,165.00,0,At Risk
15317,2,6,112.05,18.68,45,6,2009-12-08 16:43:00,2010-01-31 15:55:00,676,2,112.05,0,At Risk
15318,1,33,312.62,9.47,642,0,2011-12-06 11:30:00,2011-12-06 11:30:00,3,1,312.62,0,At Risk
15319,1,16,204.50,12.78,175,0,2011-03-01 12:48:00,2011-03-01 12:48:00,283,1,204.50,0,At Risk
15320,1,36,267.13,7.42,326,0,2011-10-26 13:27:00,2011-10-26 13:27:00,43,1,267.13,0,At Risk
15321,18,243,6573.40,20.04,3653,38,2009-12-17 18:46:00,2011-10-21 13:58:00,48,18,6573.40,0,At Risk
15322,3,76,1314.15,14.60,971,51,2010-08-20 13:10:00,2011-10-06 20:38:00,63,3,1314.15,0,At Risk
15323,4,30,320.90,8.67,188,49,2010-02-16 09:21:00,2010-06-24 15:49:00,532,4,320.90,0,At Risk
15324,1,8,140.22,17.53,74,0,2010-01-07 14:37:00,2010-01-07 14:37:00,700,1,140.22,0,At Risk
15325,9,164,1596.26,7.09,1382,8,2010-02-16 13:30:00,2011-08-28 11:55:00,103,9,1596.26,0,At Risk
15326,10,95,1529.82,10.48,1351,31,2009-12-01 13:19:00,2011-01-10 11:38:00,333,10,1529.82,0,At Risk
15327,1,10,208.75,20.88,116,0,2011-10-18 11:55:00,2011-10-18 11:55:00,52,1,208.75,0,At Risk
15328,1,8,107.24,13.41,88,0,2010-10-28 09:05:00,2010-10-28 09:05:00,407,1,107.24,0,At Risk
15329,20,99,2735.18,15.72,1217,58,2009-12-14 12:18:00,2011-11-04 12:56:00,34,20,2735.18,0,At Risk
15330,2,10,714.96,55.00,1312,0,2011-10-10 12:30:00,2011-11-07 17:50:00,31,2,714.96,0,At Risk
15331,4,41,755.41,16.42,701,4,2010-04-09 14:26:00,2010-07-28 09:42:00,499,4,755.41,0,At Risk
15332,6,113,4892.68,31.77,2306,0,2010-07-14 13:01:00,2010-12-08 14:43:00,365,6,4892.68,0,At Risk
15333,1,16,1028.56,64.29,344,0,2011-05-15 13:27:00,2011-05-15 13:27:00,207,1,1028.56,0,At Risk
15334,3,67,350.82,3.58,273,0,2011-06-19 13:51:00,2011-07-06 11:22:00,156,3,350.82,0,At Risk
15335,1,34,170.22,4.86,79,0,2011-10-17 12:50:00,2011-10-17 12:50:00,53,1,170.22,0,At Risk
15336,1,15,240.50,16.03,84,0,2010-11-03 12:39:00,2010-11-03 12:39:00,401,1,240.50,0,At Risk
15337,2,21,344.72,14.36,200,8,2010-10-24 15:29:00,2010-11-02 10:34:00,402,2,344.72,0,At Risk
15338,1,56,277.93,4.79,148,0,2010-01-31 14:25:00,2010-01-31 14:25:00,676,1,277.93,0,At Risk
15339,11,162,1627.27,7.14,1138,43,2010-02-08 13:38:00,2011-10-04 12:51:00,65,11,1627.27,0,At Risk
15340,1,7,105.50,15.07,76,0,2010-05-27 10:27:00,2010-05-27 10:27:00,561,1,105.50,0,At Risk
15341,3,23,2401.02,96.04,1008,2,2010-05-28 07:45:00,2011-09-20 09:40:00,80,3,2401.02,0,At Risk
15342,2,24,391.76,15.07,283,7,2011-08-02 10:19:00,2011-08-15 16:20:00,115,2,391.76,0,At Risk
15343,1,21,364.50,17.36,84,0,2011-09-13 13:55:00,2011-09-13 13:55:00,86,1,364.50,0,At Risk
15344,5,21,476.58,14.89,116,10,2011-09-26 14:48:00,2011-12-09 10:45:00,0,5,476.58,0,At Risk
15345,2,20,367.69,15.99,81,3,2011-10-25 11:28:00,2011-11-04 13:24:00,34,2,367.69,0,At Risk
15346,4,36,591.65,15.57,260,3,2010-10-04 15:11:00,2011-01-11 11:18:00,332,4,591.65,0,At Risk
15347,6,29,1132.30,29.80,542,6,2010-09-28 12:50:00,2010-12-08 15:25:00,365,6,1132.30,0,At Risk
15348,1,9,158.04,17.56,84,0,2011-09-28 13:17:00,2011-09-28 13:17:00,71,1,158.04,0,At Risk
15349,2,65,463.91,6.53,321,0,2011-06-05 15:46:00,2011-07-04 16:06:00,157,2,463.91,0,At Risk
15350,2,26,547.60,18.25,272,0,2010-11-21 15:14:00,2010-12-01 13:33:00,372,2,547.60,0,At Risk
15351,15,201,3320.50,10.19,1350,26,2010-10-03 12:18:00,2011-11-27 12:52:00,11,15,3320.50,0,At Risk
15352,1,34,111.15,3.27,40,0,2010-06-09 11:28:00,2010-06-09 11:28:00,548,1,111.15,0,At Risk
15353,8,274,2772.57,7.68,1391,2,2009-12-02 10:46:00,2011-03-30 12:15:00,254,8,2772.57,0,At Risk
15354,7,1,-94.80,-13.54,3,4,2010-04-15 16:12:00,2010-04-20 11:45:00,598,7,-94.80,0,At Risk
15355,2,9,277.05,19.79,45,0,2011-10-17 15:22:00,2011-11-10 13:44:00,28,2,277.05,0,At Risk
15356,13,290,3239.57,4.84,1892,0,2010-10-13 13:12:00,2011-11-08 13:11:00,30,13,3239.57,0,At Risk
15357,1,1,-36.75,-36.75,0,1,2010-01-26 16:49:00,2010-01-26 16:49:00,681,1,-36.75,0,At Risk
15358,55,360,16213.65,14.61,14902,158,2009-12-07 12:19:00,2011-12-05 09:04:00,4,55,16213.65,0,At Risk
15359,9,10,162.60,9.56,145,15,2010-01-15 11:30:00,2010-06-03 10:42:00,554,9,162.60,0,At Risk
15360,1,13,427.93,32.92,223,0,2011-10-31 09:35:00,2011-10-31 09:35:00,39,1,427.93,0,At Risk
15361,4,10,689.07,68.91,373,0,2010-06-14 13:27:00,2010-12-13 09:52:00,361,4,689.07,0,At Risk
15362,2,38,613.08,15.33,368,0,2009-12-01 09:08:00,2010-09-17 10:37:00,448,2,613.08,0,At Risk
15363,3,32,670.16,18.62,383,1,2010-08-04 08:41:00,2011-04-12 15:48:00,240,3,670.16,0,At Risk
15364,2,29,913.19,31.49,493,0,2011-03-30 13:39:00,2011-09-05 09:46:00,95,2,913.19,0,At Risk
15365,15,127,3573.26,14.01,2131,326,2010-02-04 16:43:00,2011-11-14 08:29:00,25,15,3573.26,0,At Risk
15366,7,86,2389.08,17.31,2447,0,2010-02-26 10:10:00,2011-09-25 15:01:00,74,7,2389.08,0,At Risk
15367,13,214,5005.73,17.81,2944,8,2009-12-10 14:20:00,2011-10-13 14:13:00,56,13,5005.73,0,At Risk
15368,2,8,722.74,90.34,406,0,2010-11-10 15:52:00,2011-11-18 14:42:00,20,2,722.74,0,At Risk
15369,13,46,1713.39,16.47,3288,1533,2009-12-08 07:43:00,2011-07-18 15:11:00,143,13,1713.39,0,At Risk
15370,9,90,3713.51,25.61,1397,2,2010-10-25 12:08:00,2011-10-30 10:58:00,40,9,3713.51,0,At Risk
15371,1,1,59.40,59.40,12,0,2010-02-15 13:14:00,2010-02-15 13:14:00,661,1,59.40,0,At Risk
15372,10,45,5954.42,99.24,6410,74,2010-02-14 11:24:00,2011-07-25 16:39:00,136,10,5954.42,0,At Risk
15373,18,107,2881.74,14.85,726,24,2010-05-02 11:57:00,2011-12-01 15:05:00,7,18,2881.74,0,At Risk
15374,2,8,307.32,30.73,290,0,2010-03-25 12:03:00,2011-08-03 09:59:00,128,2,307.32,0,At Risk
15375,1,6,60.96,10.16,84,0,2010-01-18 15:38:00,2010-01-18 15:38:00,689,1,60.96,0,At Risk
15376,3,100,1221.56,10.53,615,0,2011-05-01 13:45:00,2011-10-30 15:04:00,39,3,1221.56,0,At Risk
15377,5,15,1179.95,53.63,253,4,2010-10-20 11:42:00,2010-11-22 08:55:00,382,5,1179.95,0,At Risk
15378,2,8,246.50,20.54,130,0,2010-07-26 08:47:00,2010-09-03 11:30:00,462,2,246.50,0,At Risk
15379,9,177,4806.44,18.14,3000,12,2010-11-04 11:59:00,2011-06-23 13:13:00,168,9,4806.44,0,At Risk
15380,13,27,3192.10,58.04,954,18,2009-12-01 13:50:00,2011-12-01 12:13:00,8,13,3192.10,0,At Risk
15381,6,20,1887.62,75.50,802,1,2010-05-05 14:35:00,2011-05-10 11:55:00,213,6,1887.62,0,At Risk
15382,20,315,13646.50,21.26,9178,48,2009-12-04 14:13:00,2011-11-25 10:58:00,14,20,13646.50,0,At Risk
15383,1,1,-10.50,-10.50,0,1,2010-01-26 16:24:00,2010-01-26 16:24:00,681,1,-10.50,0,At Risk
15384,5,83,2021.14,16.84,1767,3,2010-04-26 12:38:00,2011-06-23 10:57:00,169,5,2021.14,0,At Risk
15385,3,18,942.08,44.86,428,0,2010-01-31 13:02:00,2011-10-30 15:11:00,39,3,942.08,0,At Risk
15386,1,31,394.14,12.71,446,0,2011-06-06 13:47:00,2011-06-06 13:47:00,185,1,394.14,0,At Risk
15387,1,20,468.65,23.43,335,0,2010-08-04 16:05:00,2010-08-04 16:05:00,491,1,468.65,0,At Risk
15388,1,10,140.54,14.05,88,0,2011-03-14 13:53:00,2011-03-14 13:53:00,269,1,140.54,0,At Risk
15389,5,2,2733.80,455.63,3940,0,2010-01-27 12:44:00,2011-06-20 16:18:00,171,5,2733.80,0,At Risk
15390,2,77,1216.66,15.80,894,0,2010-10-26 17:23:00,2010-11-08 15:19:00,395,2,1216.66,0,At Risk
15391,2,12,282.92,21.76,109,1,2010-05-04 15:04:00,2010-05-18 12:11:00,570,2,282.92,0,At Risk
15392,8,100,2891.82,19.94,2144,12,2010-10-04 12:50:00,2011-12-05 11:01:00,4,8,2891.82,0,At Risk
15393,5,37,891.34,20.26,378,0,2009-12-15 17:56:00,2011-11-23 16:48:00,15,5,891.34,0,At Risk
15394,13,129,5251.40,22.93,2372,4,2009-12-15 19:05:00,2011-11-30 11:49:00,9,13,5251.40,0,At Risk
15395,1,7,107.45,15.35,17,0,2011-01-18 12:40:00,2011-01-18 12:40:00,325,1,107.45,0,At Risk
15396,2,16,796.38,49.77,278,0,2010-05-05 09:04:00,2011-08-19 10:56:00,112,2,796.38,0,At Risk
15397,1,6,94.00,15.67,20,0,2011-02-23 09:25:00,2011-02-23 09:25:00,289,1,94.00,0,At Risk
15398,3,60,1339.63,18.10,769,2,2011-09-22 14:56:00,2011-11-23 16:47:00,15,3,1339.63,0,At Risk
15399,3,45,815.77,16.32,611,0,2011-09-21 15:57:00,2011-12-08 13:04:00,0,3,815.77,0,At Risk
15400,9,16,1252.80,44.74,662,30,2010-05-28 08:33:00,2011-09-08 13:57:00,91,9,1252.80,0,At Risk
15401,2,14,216.95,15.50,93,0,2010-05-20 10:56:00,2010-09-13 13:42:00,451,2,216.95,0,At Risk
15402,7,79,1816.64,13.66,2034,2,2010-04-27 12:12:00,2011-07-14 12:17:00,148,7,1816.64,0,At Risk
15403,2,6,170.88,21.36,492,0,2009-12-09 12:45:00,2010-08-05 12:21:00,491,2,170.88,0,At Risk
15404,1,16,257.06,16.07,334,0,2010-11-29 11:03:00,2010-11-29 11:03:00,375,1,257.06,0,At Risk
15405,2,29,659.84,21.99,348,0,2010-05-12 15:56:00,2011-06-03 14:44:00,188,2,659.84,0,At Risk
15406,6,108,891.77,7.02,547,18,2010-09-12 13:06:00,2011-11-21 16:14:00,17,6,891.77,0,At Risk
15407,4,142,1046.74,7.07,552,0,2011-02-07 13:18:00,2011-11-06 11:55:00,33,4,1046.74,0,At Risk
15408,1,34,267.18,7.86,106,0,2011-03-20 15:02:00,2011-03-20 15:02:00,263,1,267.18,0,At Risk
15409,2,9,117.20,9.77,59,5,2009-12-18 15:35:00,2010-01-07 11:52:00,701,2,117.20,0,At Risk
15410,10,80,4685.72,28.92,1902,0,2010-04-19 08:57:00,2011-09-16 14:47:00,83,10,4685.72,0,At Risk
15411,5,86,1336.43,13.50,529,2,2011-06-10 12:30:00,2011-11-13 15:19:00,25,5,1336.43,0,At Risk
15412,1,10,190.53,19.05,108,0,2011-06-21 15:24:00,2011-06-21 15:24:00,170,1,190.53,0,At Risk
15413,7,21,-2531.38,-93.75,2694,2,2009-12-01 10:18:00,2010-10-05 15:15:00,429,7,-2531.38,0,At Risk
15414,3,37,774.90,19.87,443,0,2011-04-11 13:45:00,2011-11-30 09:50:00,9,3,774.90,0,At Risk
15415,1,46,559.61,11.91,551,0,2011-01-30 14:13:00,2011-01-30 14:13:00,312,1,559.61,0,At Risk
15416,9,190,4554.65,19.80,2420,2,2010-02-01 11:55:00,2011-10-06 09:38:00,64,9,4554.65,0,At Risk
15417,1,28,508.80,18.17,284,0,2011-09-15 15:26:00,2011-09-15 15:26:00,84,1,508.80,0,At Risk
15418,2,64,449.42,6.61,264,0,2010-05-02 11:31:00,2010-10-10 13:38:00,424,2,449.42,0,At Risk
15419,1,8,135.86,16.98,230,0,2011-11-15 09:23:00,2011-11-15 09:23:00,24,1,135.86,0,At Risk
15420,6,52,743.00,13.27,844,0,2009-12-05 13:29:00,2010-10-01 15:46:00,433,6,743.00,0,At Risk
15421,10,170,3805.34,12.04,1927,0,2009-12-07 15:10:00,2011-10-12 09:20:00,58,10,3805.34,0,At Risk
15422,8,80,1615.02,13.35,710,1,2010-02-07 11:52:00,2011-01-20 16:17:00,322,8,1615.02,0,At Risk
15423,4,13,219.14,12.89,198,5,2010-03-28 13:42:00,2011-11-01 14:01:00,37,4,219.14,0,At Risk
15424,3,33,597.78,18.11,873,0,2010-09-02 17:17:00,2011-03-30 13:02:00,253,3,597.78,0,At Risk
15425,4,114,1941.12,13.57,1041,0,2010-02-14 12:36:00,2010-11-04 18:13:00,399,4,1941.12,0,At Risk
15426,11,327,2138.86,4.89,1041,11,2010-05-02 15:10:00,2011-11-20 15:36:00,18,11,2138.86,0,At Risk
15427,3,233,1430.54,4.90,967,0,2011-10-23 14:47:00,2011-11-06 14:29:00,32,3,1430.54,0,At Risk
15428,4,39,762.75,17.34,347,0,2009-12-17 17:46:00,2011-11-24 16:54:00,14,4,762.75,0,At Risk
15429,3,77,364.90,4.40,380,11,2011-09-25 13:42:00,2011-11-13 12:28:00,26,3,364.90,0,At Risk
15430,3,36,903.75,22.04,309,8,2010-06-29 15:04:00,2010-08-29 10:42:00,467,3,903.75,0,At Risk
15431,1,2,153.24,76.62,84,0,2010-07-25 12:44:00,2010-07-25 12:44:00,502,1,153.24,0,At Risk
15432,4,16,301.26,16.74,92,2,2010-06-16 14:34:00,2011-11-16 16:30:00,22,4,301.26,0,At Risk
15433,3,40,417.87,7.88,534,135,2011-03-17 14:12:00,2011-09-21 16:24:00,78,3,417.87,0,At Risk
15434,13,82,2517.11,18.11,1423,10,2010-01-24 15:35:00,2011-12-01 13:33:00,7,13,2517.11,0,At Risk
15435,1,29,149.29,5.15,54,0,2011-11-17 16:39:00,2011-11-17 16:39:00,21,1,149.29,0,At Risk
15436,3,243,1067.75,3.67,574,0,2011-04-19 16:52:00,2011-11-27 16:05:00,11,3,1067.75,0,At Risk
15437,2,56,393.45,6.90,177,0,2010-03-09 10:45:00,2011-03-22 13:11:00,261,2,393.45,0,At Risk
15438,1,25,156.58,6.26,59,0,2011-07-31 14:19:00,2011-07-31 14:19:00,130,1,156.58,0,At Risk
15439,4,49,1269.05,22.26,572,0,2010-02-24 12:05:00,2010-10-31 10:38:00,404,4,1269.05,0,At Risk
15440,3,50,383.68,6.19,197,0,2011-05-15 11:30:00,2011-10-16 12:16:00,54,3,383.68,0,At Risk
15441,3,45,1254.21,22.00,587,0,2009-12-09 14:55:00,2010-11-08 15:50:00,395,3,1254.21,0,At Risk
15442,1,2,594.00,297.00,120,0,2011-04-05 12:24:00,2011-04-05 12:24:00,248,1,594.00,0,At Risk
15443,16,408,5054.44,8.02,2699,39,2010-03-07 12:10:00,2011-12-08 10:40:00,1,16,5054.44,0,At Risk
15444,2,191,1411.21,6.59,759,0,2011-10-30 16:12:00,2011-11-30 17:37:00,8,2,1411.21,0,At Risk
15445,2,12,284.50,20.32,118,0,2010-04-28 15:00:00,2011-03-20 15:06:00,263,2,284.50,0,At Risk
15446,5,91,391.65,3.44,265,4,2009-12-13 13:53:00,2010-11-28 11:59:00,376,5,391.65,0,At Risk
15447,6,27,484.93,16.16,228,1,2010-03-24 14:40:00,2011-01-13 11:26:00,330,6,484.93,0,At Risk
15448,2,49,788.81,16.10,487,0,2010-02-03 13:29:00,2011-01-31 10:42:00,312,2,788.81,0,At Risk
15449,5,47,971.22,15.66,812,2,2011-03-23 10:43:00,2011-11-13 15:02:00,25,5,971.22,0,At Risk
15450,1,30,429.84,14.33,376,0,2011-11-09 17:11:00,2011-11-09 17:11:00,29,1,429.84,0,At Risk
15451,2,56,226.86,3.78,76,0,2010-04-19 14:08:00,2010-10-01 13:40:00,433,2,226.86,0,At Risk
15452,6,158,1785.11,8.97,1087,0,2010-07-16 14:23:00,2011-11-10 12:13:00,29,6,1785.11,0,At Risk
15453,7,169,1371.77,4.92,837,0,2011-06-05 12:37:00,2011-12-08 10:59:00,1,7,1371.77,0,At Risk
15454,2,35,305.99,7.65,146,0,2010-03-31 13:15:00,2010-12-12 14:21:00,361,2,305.99,0,At Risk
15455,1,2,38.25,19.13,3,0,2010-04-21 12:43:00,2010-04-21 12:43:00,597,1,38.25,0,At Risk
15456,10,128,2091.52,9.21,2727,0,2009-12-08 12:54:00,2011-03-01 13:51:00,282,10,2091.52,0,At Risk
15457,1,56,237.07,4.09,132,0,2011-03-22 15:31:00,2011-03-22 15:31:00,261,1,237.07,0,At Risk
15458,2,13,370.44,28.50,300,0,2010-11-02 19:50:00,2011-11-14 13:08:00,24,2,370.44,0,At Risk
15459,2,6,202.83,28.98,121,0,2010-07-30 14:31:00,2010-10-18 15:25:00,416,2,202.83,0,At Risk
15460,1,53,214.26,3.83,107,0,2010-12-20 16:08:00,2010-12-20 16:08:00,353,1,214.26,0,At Risk
15461,3,4,391.30,78.26,230,4,2009-12-01 11:35:00,2010-09-05 12:31:00,460,3,391.30,0,At Risk
15462,4,32,737.05,17.98,495,0,2010-09-20 10:23:00,2011-09-06 13:11:00,93,4,737.05,0,At Risk
15463,1,7,126.14,18.02,106,0,2011-11-10 12:57:00,2011-11-10 12:57:00,28,1,126.14,0,At Risk
15464,1,155,1044.65,6.74,348,0,2011-01-05 15:56:00,2011-01-05 15:56:00,337,1,1044.65,0,At Risk
15465,39,94,11670.90,44.38,2638,42,2009-12-10 09:42:00,2011-11-20 10:11:00,19,39,11670.90,0,At Risk
15466,4,211,1560.46,5.96,941,0,2009-12-03 12:28:00,2011-09-15 14:08:00,84,4,1560.46,0,At Risk
15467,4,41,511.88,9.66,310,4,2011-07-10 14:42:00,2011-11-30 14:17:00,8,4,511.88,0,At Risk
15468,7,80,1387.48,15.77,1400,10,2010-11-12 09:39:00,2011-11-04 13:11:00,34,7,1387.48,0,At Risk
15469,6,38,834.40,17.75,287,7,2010-09-27 10:09:00,2011-10-27 19:16:00,42,6,834.40,0,At Risk
15470,1,4,63.42,15.86,232,0,2010-05-13 09:35:00,2010-05-13 09:35:00,575,1,63.42,0,At Risk
15471,3,122,1292.01,8.34,670,0,2010-06-07 12:17:00,2011-12-07 14:12:00,1,3,1292.01,0,At Risk
15472,1,76,371.56,4.89,251,0,2011-08-18 15:17:00,2011-08-18 15:17:00,112,1,371.56,0,At Risk
15473,11,5,1740.00,102.35,776,120,2010-09-21 09:14:00,2011-11-25 15:15:00,13,11,1740.00,0,At Risk
15474,1,19,150.35,7.91,55,0,2010-04-23 11:14:00,2010-04-23 11:14:00,595,1,150.35,0,At Risk
15475,1,29,454.11,15.66,319,0,2011-09-23 15:20:00,2011-09-23 15:20:00,76,1,454.11,0,At Risk
15476,5,67,2180.28,27.25,1174,6,2010-09-23 14:00:00,2010-11-24 15:17:00,379,5,2180.28,0,At Risk
15477,1,2,368.40,184.20,216,0,2010-02-28 10:37:00,2010-02-28 10:37:00,649,1,368.40,0,At Risk
15478,3,53,1983.48,28.75,894,0,2010-05-13 18:49:00,2011-10-30 14:19:00,39,3,1983.48,0,At Risk
15479,1,9,147.40,16.38,38,0,2009-12-06 15:08:00,2009-12-06 15:08:00,732,1,147.40,0,At Risk
15480,7,199,3592.25,16.55,1852,2,2010-02-01 14:52:00,2011-08-15 14:32:00,115,7,3592.25,0,At Risk
15481,1,38,1993.34,52.46,1450,0,2010-11-03 14:52:00,2010-11-03 14:52:00,400,1,1993.34,0,At Risk
15482,24,74,7932.63,44.57,6516,2023,2009-12-02 16:59:00,2011-11-24 10:46:00,15,24,7932.63,0,At Risk
15483,10,216,817.82,3.04,905,0,2010-01-24 15:42:00,2011-07-01 13:07:00,160,10,817.82,0,At Risk
15484,7,180,4620.90,19.17,4074,16,2009-12-05 15:18:00,2011-12-08 15:03:00,0,7,4620.90,0,At Risk
15485,8,82,4663.92,33.08,2153,28,2009-12-01 17:31:00,2011-11-09 14:31:00,29,8,4663.92,0,At Risk
15486,1,1,102.00,102.00,40,0,2010-06-30 13:15:00,2010-06-30 13:15:00,526,1,102.00,0,At Risk
15487,1,14,231.32,16.52,144,0,2010-01-29 12:07:00,2010-01-29 12:07:00,679,1,231.32,0,At Risk
15488,5,10,431.92,39.27,251,0,2010-05-05 13:03:00,2011-09-08 10:11:00,92,5,431.92,0,At Risk
15489,12,75,2327.36,18.92,1264,39,2010-01-15 16:58:00,2011-11-17 08:53:00,22,12,2327.36,0,At Risk
15490,2,22,181.35,6.98,82,10,2010-10-05 13:11:00,2010-10-05 13:14:00,429,2,181.35,0,At Risk
15491,7,108,3090.85,19.94,1646,22,2011-04-18 10:04:00,2011-09-05 15:56:00,94,7,3090.85,0,At Risk
15492,2,32,659.46,18.84,483,0,2011-09-26 14:02:00,2011-11-11 14:53:00,27,2,659.46,0,At Risk
15493,11,289,4087.13,6.66,1206,5,2010-02-23 11:14:00,2011-11-07 12:04:00,32,11,4087.13,0,At Risk
15494,6,308,3693.50,10.01,3052,1,2009-12-10 20:16:00,2011-11-18 14:51:00,20,6,3693.50,0,At Risk
15495,1,20,246.50,12.33,194,0,2010-11-25 13:46:00,2010-11-25 13:46:00,378,1,246.50,0,At Risk
15496,1,22,146.14,6.64,98,0,2010-03-18 13:16:00,2010-03-18 13:16:00,630,1,146.14,0,At Risk
15497,11,66,8643.46,70.27,2937,5,2009-12-18 15:08:00,2011-11-22 11:51:00,17,11,8643.46,0,At Risk
15498,55,599,23075.09,24.11,12134,48,2009-12-16 17:27:00,2011-12-09 10:28:00,0,55,23075.09,0,At Risk
15499,1,40,158.65,3.87,59,0,2009-12-16 12:17:00,2009-12-16 12:17:00,723,1,158.65,0,At Risk
15500,4,64,1131.56,16.64,572,0,2011-09-19 13:47:00,2011-12-01 13:47:00,7,4,1131.56,0,At Risk
15501,2,64,399.95,5.80,205,0,2010-10-20 12:47:00,2010-10-31 11:15:00,404,2,399.95,0,At Risk
15502,27,232,8069.33,21.52,5559,427,2010-06-03 11:12:00,2011-11-24 12:48:00,15,27,8069.33,0,At Risk
15503,2,112,257.30,2.20,130,0,2009-12-13 11:34:00,2010-12-12 10:57:00,362,2,257.30,0,At Risk
15504,5,42,392.75,6.04,141,1,2010-02-12 12:34:00,2011-09-19 13:45:00,80,5,392.75,0,At Risk
15505,7,90,3497.14,35.32,2390,42,2011-07-07 13:33:00,2011-10-18 07:56:00,52,7,3497.14,0,At Risk
15506,6,180,2030.33,7.44,1637,0,2010-08-19 12:38:00,2011-11-17 12:11:00,22,6,2030.33,0,At Risk
15507,1,41,475.86,10.57,160,0,2011-06-21 11:19:00,2011-06-21 11:19:00,171,1,475.86,0,At Risk
15508,6,78,1000.27,10.87,440,0,2011-04-18 15:31:00,2011-06-03 15:43:00,188,6,1000.27,0,At Risk
15509,1,26,152.41,5.86,58,0,2010-11-24 14:48:00,2010-11-24 14:48:00,379,1,152.41,0,At Risk
15510,1,1,250.00,250.00,2,0,2011-01-13 12:10:00,2011-01-13 12:10:00,330,1,250.00,0,At Risk
15511,5,117,900.53,5.70,269,0,2011-09-15 15:05:00,2011-11-28 09:43:00,11,5,900.53,0,At Risk
15512,4,29,331.58,10.36,235,0,2010-02-01 13:23:00,2011-07-07 10:20:00,155,4,331.58,0,At Risk
15513,41,280,25950.95,46.34,10477,216,2010-01-13 14:59:00,2011-11-08 16:21:00,30,41,25950.95,0,At Risk
15514,20,171,5275.79,15.16,4087,337,2009-12-04 16:37:00,2011-11-27 14:40:00,11,20,5275.79,0,At Risk
15515,1,7,171.81,24.54,131,0,2010-11-17 13:39:00,2010-11-17 13:39:00,386,1,171.81,0,At Risk
15516,3,15,62.43,4.16,27,0,2011-10-24 11:33:00,2011-10-26 10:51:00,44,3,62.43,0,At Risk
15517,1,27,267.03,9.89,293,0,2011-04-20 14:02:00,2011-04-20 14:02:00,232,1,267.03,0,At Risk
15518,23,251,4074.83,8.92,2810,51,2009-12-20 12:21:00,2011-10-06 13:05:00,63,23,4074.83,0,At Risk
15519,2,34,344.61,9.31,116,0,2010-09-19 13:57:00,2010-11-21 14:35:00,382,2,344.61,0,At Risk
15520,1,18,343.50,19.08,314,0,2011-12-08 10:58:00,2011-12-08 10:58:00,1,1,343.50,0,At Risk
15521,24,186,6665.99,15.83,4507,166,2010-01-05 10:19:00,2011-11-03 13:52:00,35,24,6665.99,0,At Risk
15522,2,47,397.99,7.11,572,0,2011-09-13 12:26:00,2011-11-07 11:26:00,32,2,397.99,0,At Risk
15523,18,66,17119.24,77.81,15633,23,2009-12-02 15:16:00,2011-09-16 16:29:00,83,18,17119.24,0,At Risk
15524,2,9,591.40,65.71,28,0,2010-04-12 09:19:00,2011-11-15 12:09:00,24,2,591.40,0,At Risk
15525,5,152,875.32,4.81,527,2,2010-11-22 12:10:00,2011-12-07 15:39:00,1,5,875.32,0,At Risk
15526,2,4,148.44,37.11,24,0,2011-11-06 15:01:00,2011-11-06 15:04:00,32,2,148.44,0,At Risk
15527,31,228,5021.03,14.22,2211,127,2009-12-15 17:31:00,2011-11-21 12:17:00,18,31,5021.03,0,At Risk
15528,1,26,229.33,8.82,123,0,2011-03-30 16:14:00,2011-03-30 16:14:00,253,1,229.33,0,At Risk
15529,13,451,4756.21,6.04,4271,7,2010-11-10 14:26:00,2011-11-17 11:29:00,22,13,4756.21,0,At Risk
15530,5,111,1808.68,12.74,1328,0,2010-07-15 11:10:00,2011-11-18 12:25:00,21,5,1808.68,0,At Risk
15531,2,196,1972.39,9.01,1085,0,2011-11-09 17:47:00,2011-12-01 18:43:00,7,2,1972.39,0,At Risk
15532,12,417,3675.00,5.89,1337,13,2010-06-08 14:52:00,2011-11-14 14:51:00,24,12,3675.00,0,At Risk
15533,5,73,746.92,8.69,289,33,2011-09-11 15:41:00,2011-11-20 15:35:00,18,5,746.92,0,At Risk
15534,1,8,162.25,20.28,63,0,2009-12-14 12:48:00,2009-12-14 12:48:00,725,1,162.25,0,At Risk
15535,10,88,955.12,7.13,314,15,2010-09-16 20:04:00,2011-06-19 16:02:00,172,10,955.12,0,At Risk
15536,1,16,259.09,16.19,242,0,2010-10-26 16:31:00,2010-10-26 16:31:00,408,1,259.09,0,At Risk
15537,1,24,110.92,4.62,29,0,2011-06-29 13:10:00,2011-06-29 13:10:00,162,1,110.92,0,At Risk
15538,11,20,3036.10,94.88,1016,27,2010-02-14 12:38:00,2010-06-20 10:49:00,537,11,3036.10,0,At Risk
15539,1,41,538.46,13.13,410,0,2011-12-02 13:36:00,2011-12-02 13:36:00,6,1,538.46,0,At Risk
15540,2,31,460.68,14.86,444,0,2010-11-29 11:10:00,2011-11-28 13:51:00,10,2,460.68,0,At Risk
15541,1,29,85.13,2.94,49,0,2011-08-17 14:58:00,2011-08-17 14:58:00,113,1,85.13,0,At Risk
15542,4,212,833.16,3.65,418,17,2009-12-02 11:53:00,2010-07-15 13:42:00,511,4,833.16,0,At Risk
15543,2,50,242.26,4.33,167,0,2010-09-06 11:28:00,2011-02-24 15:26:00,287,2,242.26,0,At Risk
15544,26,175,7779.58,14.49,6745,13,2010-01-28 14:39:00,2011-12-01 09:16:00,8,26,7779.58,0,At Risk
15545,2,78,288.97,3.61,162,0,2010-12-03 17:28:00,2011-10-16 13:24:00,53,2,288.97,0,At Risk
15546,3,6,539.55,29.98,198,99,2010-04-12 11:45:00,2010-04-12 11:55:00,606,3,539.55,0,At Risk
15547,28,653,10043.55,7.53,7278,2,2009-12-06 13:40:00,2011-12-02 12:52:00,6,28,10043.55,0,At Risk
15548,1,23,158.09,6.87,64,0,2010-04-23 12:20:00,2010-04-23 12:20:00,595,1,158.09,0,At Risk
15549,9,139,2296.66,14.18,936,10,2010-01-11 13:16:00,2011-09-23 16:22:00,76,9,2296.66,0,At Risk
15550,14,167,1987.85,8.35,1139,8,2009-12-03 15:15:00,2011-12-05 15:38:00,3,14,1987.85,0,At Risk
15551,9,117,1629.01,11.23,796,8,2010-06-07 15:05:00,2011-11-03 12:37:00,36,9,1629.01,0,At Risk
15552,2,29,252.52,8.42,166,0,2010-03-26 16:17:00,2011-05-06 14:47:00,216,2,252.52,0,At Risk
15553,1,51,428.93,7.80,449,0,2011-10-10 14:02:00,2011-10-10 14:02:00,59,1,428.93,0,At Risk
15554,1,14,217.20,15.51,74,0,2011-03-07 09:00:00,2011-03-07 09:00:00,277,1,217.20,0,At Risk
15555,46,668,10875.64,6.62,8511,305,2009-12-06 11:58:00,2011-11-27 16:19:00,11,46,10875.64,0,At Risk
15556,1,31,279.77,9.02,236,0,2011-11-15 16:08:00,2011-11-15 16:08:00,23,1,279.77,0,At Risk
15557,1,16,468.91,24.68,213,0,2011-11-11 12:46:00,2011-11-11 12:46:00,28,1,468.91,0,At Risk
15558,2,23,131.88,5.50,73,24,2010-03-10 15:25:00,2010-03-10 15:30:00,638,2,131.88,0,At Risk
15559,1,62,1109.40,17.89,526,0,2010-05-20 14:06:00,2010-05-20 14:06:00,567,1,1109.40,0,At Risk
15560,2,10,153.52,15.35,72,0,2010-11-07 10:14:00,2010-11-07 10:15:00,397,2,153.52,0,At Risk
15561,9,65,1856.54,19.34,1334,11,2010-02-14 12:22:00,2011-11-28 11:07:00,11,9,1856.54,0,At Risk
15562,3,32,671.43,20.35,560,0,2009-12-13 15:17:00,2010-12-23 09:55:00,351,3,671.43,0,At Risk
15563,11,179,2773.67,10.59,3005,53,2010-01-28 11:36:00,2011-12-01 09:36:00,8,11,2773.67,0,At Risk
15564,2,4,70.74,17.69,42,0,2010-02-01 15:58:00,2010-09-02 15:52:00,462,2,70.74,0,At Risk
15565,2,8,173.16,21.65,60,0,2011-09-30 10:44:00,2011-10-20 14:33:00,49,2,173.16,0,At Risk
15566,2,9,227.87,18.99,153,0,2009-12-15 14:53:00,2010-11-12 12:11:00,392,2,227.87,0,At Risk
15567,1,7,186.01,26.57,223,0,2011-11-21 10:48:00,2011-11-21 10:48:00,18,1,186.01,0,At Risk
15568,3,27,758.29,14.31,461,0,2011-09-27 14:37:00,2011-12-07 11:27:00,2,3,758.29,0,At Risk
15569,10,123,3583.45,25.60,1734,0,2010-02-28 10:55:00,2011-08-28 10:15:00,103,10,3583.45,0,At Risk
15570,27,442,8672.44,11.75,4079,10,2010-03-28 14:04:00,2011-12-02 14:47:00,6,27,8672.44,0,At Risk
15571,14,442,3892.35,6.49,2411,0,2009-12-06 12:10:00,2011-11-28 10:02:00,11,14,3892.35,0,At Risk
15572,10,259,3965.20,11.56,2089,0,2010-04-14 14:38:00,2011-12-05 10:09:00,4,10,3965.20,0,At Risk
15573,5,181,1188.42,5.63,770,0,2009-12-10 14:19:00,2011-11-08 11:38:00,31,5,1188.42,0,At Risk
15574,7,191,1059.44,4.59,750,100,2010-09-01 14:37:00,2011-06-15 12:01:00,177,7,1059.44,0,At Risk
15575,1,3,30.10,10.03,6,0,2010-03-30 12:50:00,2010-03-30 12:50:00,619,1,30.10,0,At Risk
15576,1,43,921.37,21.43,394,0,2011-11-02 12:03:00,2011-11-02 12:03:00,37,1,921.37,0,At Risk
15577,5,58,396.03,6.71,120,0,2009-12-13 16:17:00,2011-07-11 17:03:00,150,5,396.03,0,At Risk
15578,1,13,127.10,9.78,52,0,2011-06-30 13:03:00,2011-06-30 13:03:00,161,1,127.10,0,At Risk
15579,7,140,1215.38,7.37,713,76,2010-10-03 14:37:00,2011-10-02 12:45:00,68,7,1215.38,0,At Risk
15580,14,155,1216.15,4.79,955,53,2010-02-07 11:21:00,2010-11-28 11:01:00,376,14,1216.15,0,At Risk
15581,43,542,5486.79,7.57,3028,63,2009-12-02 12:19:00,2011-08-11 09:38:00,120,43,5486.79,0,At Risk
15582,3,39,682.91,15.52,453,0,2011-05-03 13:36:00,2011-11-15 09:55:00,24,3,682.91,0,At Risk
15583,1,37,95.96,2.46,56,0,2010-11-28 15:04:00,2010-11-28 15:04:00,375,1,95.96,0,At Risk
15584,7,174,1265.70,5.70,483,2,2010-02-07 12:16:00,2011-11-16 10:55:00,23,7,1265.70,0,At Risk
15585,1,31,455.30,14.69,320,0,2011-06-16 08:38:00,2011-06-16 08:38:00,176,1,455.30,0,At Risk
15586,4,30,1128.66,28.94,1338,36,2010-01-08 10:02:00,2010-04-27 17:07:00,590,4,1128.66,0,At Risk
15587,7,3,1522.08,108.72,528,0,2010-08-05 08:44:00,2011-10-20 13:37:00,49,7,1522.08,0,At Risk
15588,1,4,579.60,144.90,96,0,2010-01-31 12:19:00,2010-01-31 12:19:00,677,1,579.60,0,At Risk
15589,4,28,456.58,15.22,243,1,2011-02-02 10:46:00,2011-04-01 11:22:00,252,4,456.58,0,At Risk
15590,6,76,1466.41,16.66,832,1,2010-04-12 10:09:00,2011-02-23 16:36:00,288,6,1466.41,0,At Risk
15591,3,6,217.90,31.13,58,0,2010-02-04 09:20:00,2010-05-06 09:23:00,582,3,217.90,0,At Risk
15592,1,24,388.58,16.19,354,0,2011-10-24 08:59:00,2011-10-24 08:59:00,46,1,388.58,0,At Risk
15593,1,5,199.80,39.96,60,0,2011-09-30 11:46:00,2011-09-30 11:46:00,70,1,199.80,0,At Risk
15594,6,85,1767.53,17.00,983,1,2011-04-19 10:08:00,2011-11-24 08:53:00,15,6,1767.53,0,At Risk
15595,1,4,357.60,89.40,144,0,2010-08-09 12:27:00,2010-08-09 12:27:00,487,1,357.60,0,At Risk
15596,16,82,2621.27,15.79,1208,23,2010-07-28 11:46:00,2011-08-31 10:55:00,100,16,2621.27,0,At Risk
15597,3,35,554.52,14.59,393,3,2010-05-13 13:10:00,2011-11-10 11:46:00,29,3,554.52,0,At Risk
15598,4,32,543.02,14.29,404,4,2010-10-08 09:20:00,2011-11-04 13:14:00,34,4,543.02,0,At Risk
15599,3,77,1250.06,15.06,1098,0,2010-09-20 10:15:00,2011-11-13 11:44:00,26,3,1250.06,0,At Risk
15600,5,56,1178.71,15.93,657,6,2010-04-25 11:50:00,2010-10-07 14:30:00,427,5,1178.71,0,At Risk
15601,35,310,14150.84,17.01,10395,11,2009-12-01 14:53:00,2011-11-28 15:15:00,10,35,14150.84,0,At Risk
15602,25,63,2883.42,21.05,2292,156,2009-12-02 09:35:00,2011-12-01 14:14:00,7,25,2883.42,0,At Risk
15603,3,4,74.73,14.95,128,11,2010-03-01 16:02:00,2011-09-22 10:04:00,78,3,74.73,0,At Risk
15604,1,17,216.39,12.73,159,0,2011-10-18 14:47:00,2011-10-18 14:47:00,51,1,216.39,0,At Risk
15605,10,80,1738.55,17.39,641,4,2010-01-14 14:03:00,2011-11-03 14:17:00,35,10,1738.55,0,At Risk
15606,19,84,4733.47,29.77,1615,172,2010-03-02 14:48:00,2011-10-13 13:32:00,56,19,4733.47,0,At Risk
15607,13,96,1578.57,13.73,1470,36,2010-01-08 12:16:00,2011-01-07 12:44:00,336,13,1578.57,0,At Risk
15608,5,93,1785.98,17.01,1262,0,2010-10-20 10:10:00,2011-11-11 13:20:00,27,5,1785.98,0,At Risk
15609,2,16,270.03,15.00,148,3,2011-06-08 13:00:00,2011-06-10 09:55:00,182,2,270.03,0,At Risk
15610,1,6,112.46,18.74,66,0,2011-10-19 10:36:00,2011-10-19 10:36:00,51,1,112.46,0,At Risk
15611,32,43,2858.37,28.58,747,25,2010-01-25 14:50:00,2011-11-30 12:36:00,9,32,2858.37,0,At Risk
15612,2,4,195.15,32.53,52,0,2011-10-09 12:49:00,2011-11-03 14:52:00,35,2,195.15,0,At Risk
15613,1,27,433.72,16.06,700,0,2010-04-08 12:51:00,2010-04-08 12:51:00,609,1,433.72,0,At Risk
15614,7,74,3008.86,35.40,1632,26,2009-12-01 11:48:00,2010-10-07 17:23:00,427,7,3008.86,0,At Risk
15615,54,294,21282.07,23.28,12090,35,2009-12-02 15:28:00,2011-11-29 14:42:00,9,54,21282.07,0,At Risk
15616,1,13,317.11,24.39,137,0,2010-09-27 13:10:00,2010-09-27 13:10:00,437,1,317.11,0,At Risk
15617,3,41,828.55,19.73,485,0,2010-07-20 13:16:00,2010-11-08 16:07:00,395,3,828.55,0,At Risk
15618,5,39,747.03,15.25,454,26,2011-07-26 10:13:00,2011-11-07 08:34:00,32,5,747.03,0,At Risk
15619,1,3,336.40,112.13,136,0,2011-11-29 08:14:00,2011-11-29 08:14:00,10,1,336.40,0,At Risk
15620,8,114,1909.93,14.04,1249,21,2010-10-26 11:32:00,2011-10-20 19:17:00,49,8,1909.93,0,At Risk
15621,6,11,1158.77,64.38,501,38,2011-11-18 11:49:00,2011-12-05 14:01:00,3,6,1158.77,0,At Risk
15622,30,332,7318.08,15.84,4091,130,2010-01-07 13:24:00,2011-12-06 14:57:00,2,30,7318.08,0,At Risk
15623,8,91,2437.05,22.57,1087,0,2009-12-10 14:46:00,2011-07-21 17:26:00,140,8,2437.05,0,At Risk
15624,4,26,588.13,17.30,357,0,2011-03-28 13:32:00,2011-08-15 11:38:00,116,4,588.13,0,At Risk
15625,14,106,3203.25,18.10,3020,27,2010-06-15 15:23:00,2011-08-31 16:13:00,99,14,3203.25,0,At Risk
15626,4,73,1049.37,12.80,1138,5,2010-10-14 17:16:00,2011-09-26 10:03:00,74,4,1049.37,0,At Risk
15627,2,23,566.90,23.62,344,0,2010-07-05 11:56:00,2010-09-08 14:14:00,456,2,566.90,0,At Risk
15628,21,136,5284.18,17.33,3569,22,2009-12-13 13:39:00,2011-12-05 10:24:00,4,21,5284.18,0,At Risk
15629,4,39,2240.90,29.10,1518,0,2010-06-25 11:39:00,2010-09-15 13:46:00,449,4,2240.90,0,At Risk
15630,4,76,1475.45,18.22,987,1,2010-03-05 14:30:00,2011-10-25 15:36:00,44,4,1475.45,0,At Risk
15631,1,39,596.67,15.30,525,0,2010-03-07 14:52:00,2010-03-07 14:52:00,641,1,596.67,0,At Risk
15632,10,107,3147.31,17.78,2109,60,2011-03-10 08:29:00,2011-11-24 09:51:00,15,10,3147.31,0,At Risk
15633,18,77,4156.91,22.59,2048,34,2009-12-08 17:51:00,2010-07-18 13:54:00,508,18,4156.91,0,At Risk
15634,2,34,554.65,16.31,227,0,2010-11-21 15:30:00,2011-11-22 16:28:00,16,2,554.65,0,At Risk
15635,1,2,100.35,50.18,5,0,2010-11-09 08:58:00,2010-11-09 08:58:00,395,1,100.35,0,At Risk
15636,4,39,1444.58,25.34,560,0,2010-05-19 11:37:00,2011-09-11 11:17:00,89,4,1444.58,0,At Risk
15637,5,37,797.59,19.45,651,0,2009-12-15 17:54:00,2011-10-18 08:28:00,52,5,797.59,0,At Risk
15638,9,20,2137.20,73.70,1134,56,2010-01-27 11:44:00,2011-02-11 15:12:00,300,9,2137.20,0,At Risk
15639,5,61,1028.33,14.28,849,17,2010-04-13 13:11:00,2011-07-28 14:30:00,133,5,1028.33,0,At Risk
15640,34,304,23375.09,30.52,12140,53,2009-12-14 16:36:00,2011-12-05 14:35:00,3,34,23375.09,0,At Risk
15641,12,249,5345.55,17.19,4422,0,2009-12-06 15:31:00,2011-08-26 14:04:00,104,12,5345.55,0,At Risk
15642,1,6,105.78,17.63,270,0,2009-12-10 11:51:00,2009-12-10 11:51:00,729,1,105.78,0,At Risk
15643,6,31,647.40,17.98,246,4,2011-03-02 14:34:00,2011-06-13 17:19:00,178,6,647.40,0,At Risk
15644,4,166,803.54,3.46,550,0,2011-03-23 15:37:00,2011-06-26 14:54:00,165,4,803.54,0,At Risk
15645,4,59,1042.57,15.11,396,6,2010-10-10 12:51:00,2011-11-21 11:55:00,18,4,1042.57,0,At Risk
15646,6,65,762.31,11.05,821,6,2010-10-25 13:06:00,2011-07-05 09:53:00,157,6,762.31,0,At Risk
15647,1,11,169.00,15.36,124,0,2010-10-20 15:09:00,2010-10-20 15:09:00,414,1,169.00,0,At Risk
15648,4,24,582.05,21.56,218,8,2011-03-17 18:59:00,2011-05-19 15:53:00,203,4,582.05,0,At Risk
15649,4,8,1660.35,150.94,365,0,2010-11-17 16:22:00,2011-01-07 13:34:00,335,4,1660.35,0,At Risk
15650,3,33,539.03,14.57,210,3,2010-03-21 11:46:00,2010-07-12 16:02:00,514,3,539.03,0,At Risk
15651,5,52,1259.06,20.98,871,0,2010-04-22 13:26:00,2011-11-03 08:41:00,36,5,1259.06,0,At Risk
15652,6,93,1397.44,13.57,657,2,2010-08-11 16:58:00,2011-09-09 14:22:00,90,6,1397.44,0,At Risk
15653,2,4,877.44,146.24,1200,0,2011-08-16 09:50:00,2011-09-08 10:49:00,92,2,877.44,0,At Risk
15654,2,15,922.53,43.93,475,0,2011-11-13 15:15:00,2011-11-30 13:08:00,8,2,922.53,0,At Risk
15655,2,34,511.32,13.82,324,5,2011-04-10 15:25:00,2011-04-20 16:28:00,232,2,511.32,0,At Risk
15656,4,46,748.50,15.93,343,0,2011-02-28 15:32:00,2011-10-25 14:56:00,44,4,748.50,0,At Risk
15657,1,1,30.00,30.00,24,0,2011-11-17 12:19:00,2011-11-17 12:19:00,22,1,30.00,0,At Risk
15658,13,79,1964.14,16.65,627,29,2009-12-03 11:19:00,2011-06-02 15:22:00,189,13,1964.14,0,At Risk
15659,3,14,532.49,25.36,161,0,2010-02-24 13:32:00,2011-10-27 09:23:00,43,3,532.49,0,At Risk
15660,18,73,2554.84,16.48,1783,13,2010-02-05 16:01:00,2011-11-14 16:58:00,24,18,2554.84,0,At Risk
15661,8,27,1215.95,27.64,779,0,2010-05-10 07:59:00,2011-01-26 13:56:00,316,8,1215.95,0,At Risk
15662,2,12,283.73,23.64,145,0,2009-12-01 13:49:00,2010-02-16 16:47:00,660,2,283.73,0,At Risk
15663,1,9,138.14,15.35,106,0,2011-08-25 15:50:00,2011-08-25 15:50:00,105,1,138.14,0,At Risk
15664,7,55,1212.35,16.38,530,19,2010-02-28 12:50:00,2011-10-20 10:57:00,50,7,1212.35,0,At Risk
15665,5,163,3987.07,13.94,2777,0,2010-03-14 15:07:00,2011-06-24 14:57:00,167,5,3987.07,0,At Risk
15666,2,62,632.94,9.45,469,0,2010-08-01 15:41:00,2010-08-24 16:14:00,471,2,632.94,0,At Risk
15667,1,13,301.32,23.18,240,0,2011-10-31 10:56:00,2011-10-31 10:56:00,39,1,301.32,0,At Risk
15668,1,1,76.32,76.32,72,0,2011-05-06 10:39:00,2011-05-06 10:39:00,217,1,76.32,0,At Risk
15669,5,31,677.69,19.36,342,3,2011-03-21 09:13:00,2011-10-30 16:03:00,39,5,677.69,0,At Risk
15670,3,19,315.20,15.76,132,8,2010-06-01 15:34:00,2011-02-16 10:50:00,296,3,315.20,0,At Risk
15671,10,52,2635.49,32.54,1699,18,2011-03-14 09:37:00,2011-11-21 12:43:00,18,10,2635.49,0,At Risk
15672,1,3,45.30,15.10,10,0,2009-12-14 16:52:00,2009-12-14 16:52:00,724,1,45.30,0,At Risk
15673,10,177,6199.37,23.05,3274,1,2010-02-22 14:28:00,2011-09-12 16:12:00,87,10,6199.37,0,At Risk
15674,18,262,6217.85,16.63,3648,204,2009-12-08 17:08:00,2011-09-27 15:17:00,72,18,6217.85,0,At Risk
15675,4,32,542.04,15.49,624,0,2010-10-31 14:14:00,2011-09-19 13:48:00,80,4,542.04,0,At Risk
15676,5,191,3324.09,15.39,2252,21,2011-03-01 10:19:00,2011-11-30 17:39:00,8,5,3324.09,0,At Risk
15677,3,63,1305.63,18.13,675,0,2010-09-02 12:08:00,2011-10-21 15:36:00,48,3,1305.63,0,At Risk
15678,3,77,1825.94,19.85,1022,0,2010-07-05 12:49:00,2011-10-18 09:25:00,52,3,1825.94,0,At Risk
15679,4,98,781.28,7.10,1170,0,2011-06-10 08:24:00,2011-11-15 16:19:00,23,4,781.28,0,At Risk
15680,12,156,3985.59,16.75,2743,10,2009-12-02 12:15:00,2011-11-30 13:46:00,8,12,3985.59,0,At Risk
15681,16,48,2480.20,24.08,1392,266,2010-05-24 14:18:00,2011-11-21 13:25:00,17,16,2480.20,0,At Risk
15682,3,25,316.99,12.19,222,1,2010-01-21 14:37:00,2010-04-19 15:30:00,598,3,316.99,0,At Risk
15683,2,25,524.54,20.17,332,0,2010-08-23 12:01:00,2011-08-14 12:56:00,116,2,524.54,0,At Risk
15684,6,10,147.80,10.56,77,5,2009-12-04 16:13:00,2010-06-10 18:51:00,546,6,147.80,0,At Risk
15685,1,17,55.98,3.29,36,0,2010-09-15 13:43:00,2010-09-15 13:43:00,449,1,55.98,0,At Risk
15686,1,1,90.00,90.00,72,0,2010-10-15 13:50:00,2010-10-15 13:50:00,419,1,90.00,0,At Risk
15687,11,119,2981.50,17.75,1310,2,2011-01-13 15:13:00,2011-12-01 08:33:00,8,11,2981.50,0,At Risk
15688,1,26,190.57,7.06,95,0,2010-10-17 12:06:00,2010-10-17 12:06:00,418,1,190.57,0,At Risk
15689,3,20,521.03,21.71,207,0,2010-04-01 09:53:00,2011-08-12 09:37:00,119,3,521.03,0,At Risk
15690,2,19,239.76,12.62,408,0,2011-08-31 11:40:00,2011-12-05 15:59:00,3,2,239.76,0,At Risk
15691,5,12,511.80,34.12,212,10,2009-12-06 16:01:00,2011-04-01 15:13:00,251,5,511.80,0,At Risk
15692,1,12,191.04,15.92,138,0,2011-11-11 14:12:00,2011-11-11 14:12:00,27,1,191.04,0,At Risk
15693,1,1,37.50,37.50,30,0,2010-02-18 14:37:00,2010-02-18 14:37:00,658,1,37.50,0,At Risk
15694,29,55,9734.13,64.46,2467,43,2009-12-07 15:43:00,2011-12-09 09:44:00,0,29,9734.13,0,At Risk
15695,4,55,1131.04,19.17,484,0,2010-01-27 10:56:00,2011-03-18 08:32:00,266,4,1131.04,0,At Risk
15696,21,163,3732.12,15.75,1386,16,2010-01-24 14:36:00,2011-11-06 14:02:00,32,21,3732.12,0,At Risk
15697,1,14,246.75,17.63,127,0,2010-01-19 09:10:00,2010-01-19 09:10:00,689,1,246.75,0,At Risk
15698,1,2,46.20,23.10,60,0,2010-03-25 17:38:00,2010-03-25 17:38:00,623,1,46.20,0,At Risk
15699,1,18,309.65,17.20,113,0,2011-11-22 08:26:00,2011-11-22 08:26:00,17,1,309.65,0,At Risk
15700,3,85,664.03,7.46,357,29,2011-06-19 15:36:00,2011-06-20 16:53:00,171,3,664.03,0,At Risk
15701,4,193,1529.00,6.65,912,0,2011-08-21 12:36:00,2011-12-07 14:39:00,1,4,1529.00,0,At Risk
15702,2,30,140.39,4.68,103,0,2010-01-26 17:23:00,2010-08-20 14:50:00,475,2,140.39,0,At Risk
15703,1,5,211.50,42.30,66,0,2011-03-20 10:51:00,2011-03-20 10:51:00,264,1,211.50,0,At Risk
15704,8,130,3660.88,17.77,1709,25,2010-05-05 14:51:00,2011-07-22 13:35:00,139,8,3660.88,0,At Risk
15705,1,6,143.10,23.85,62,0,2011-05-22 15:37:00,2011-05-22 15:37:00,200,1,143.10,0,At Risk
15706,7,50,1001.81,16.98,321,16,2011-08-15 14:32:00,2011-10-11 10:14:00,59,7,1001.81,0,At Risk
15707,4,126,916.98,4.47,594,0,2011-09-14 14:19:00,2011-11-04 14:35:00,34,4,916.98,0,At Risk
15708,14,135,3840.73,11.07,1465,11,2010-10-10 11:33:00,2011-10-30 10:54:00,40,14,3840.73,0,At Risk
15709,2,26,327.85,12.14,169,0,2010-04-29 18:31:00,2011-03-01 10:38:00,283,2,327.85,0,At Risk
15710,1,110,898.87,8.17,641,0,2010-10-18 17:05:00,2010-10-18 17:05:00,416,1,898.87,0,At Risk
15711,2,25,420.25,16.81,199,0,2010-01-24 12:13:00,2010-06-01 12:14:00,556,2,420.25,0,At Risk
15712,13,86,3467.46,20.76,1277,1,2009-12-01 11:17:00,2011-11-30 14:09:00,8,13,3467.46,0,At Risk
15713,6,48,814.84,15.09,451,4,2009-12-16 09:41:00,2011-07-19 13:34:00,142,6,814.84,0,At Risk
15714,5,45,783.96,16.33,361,0,2010-06-02 12:08:00,2011-11-28 11:26:00,11,5,783.96,0,At Risk
15715,5,33,658.02,17.32,246,0,2010-03-30 12:17:00,2010-06-02 09:56:00,555,5,658.02,0,At Risk
15716,11,188,2485.26,8.69,1379,0,2009-12-07 12:42:00,2011-07-17 11:59:00,145,11,2485.26,0,At Risk
15717,5,17,607.00,25.29,224,0,2010-04-26 10:41:00,2011-04-19 13:21:00,233,5,607.00,0,At Risk
15718,1,18,293.79,16.32,95,0,2010-06-17 16:20:00,2010-06-17 16:20:00,539,1,293.79,0,At Risk
15719,39,449,10118.87,5.68,5356,13,2009-12-01 12:47:00,2011-11-07 12:29:00,32,39,10118.87,0,At Risk
15720,2,152,739.22,4.83,327,0,2010-06-07 15:40:00,2011-11-15 14:48:00,23,2,739.22,0,At Risk
15721,1,80,471.40,5.61,388,0,2011-11-28 12:14:00,2011-11-28 12:14:00,11,1,471.40,0,At Risk
15722,15,94,5095.95,26.27,2279,20,2010-03-09 13:58:00,2011-11-04 11:43:00,35,15,5095.95,0,At Risk
15723,4,108,930.70,7.57,427,0,2010-05-14 12:55:00,2010-12-10 11:12:00,364,4,930.70,0,At Risk
15724,5,17,299.80,14.99,117,3,2010-11-04 10:22:00,2011-05-22 14:40:00,200,5,299.80,0,At Risk
15725,1,32,415.25,12.98,221,0,2011-11-24 14:51:00,2011-11-24 14:51:00,14,1,415.25,0,At Risk
15726,1,23,321.91,14.00,123,0,2010-11-14 16:12:00,2010-11-14 16:12:00,389,1,321.91,0,At Risk
15727,15,426,9371.71,13.68,5908,0,2010-01-24 12:12:00,2011-11-23 12:36:00,16,15,9371.71,0,At Risk
15728,3,10,409.80,25.61,132,34,2010-09-21 14:46:00,2011-10-21 14:03:00,48,3,409.80,0,At Risk
15729,5,10,154.70,11.90,47,7,2010-11-01 13:44:00,2011-05-25 16:43:00,197,5,154.70,0,At Risk
15730,7,102,1708.18,14.85,1061,8,2010-10-04 14:15:00,2011-10-05 12:31:00,65,7,1708.18,0,At Risk
15731,1,8,125.30,15.66,122,0,2010-06-04 10:10:00,2010-06-04 10:10:00,553,1,125.30,0,At Risk
15732,12,53,1499.42,14.70,1264,9,2010-02-04 10:10:00,2011-05-11 14:24:00,211,12,1499.42,0,At Risk
15733,1,10,162.30,16.23,62,0,2011-03-02 09:05:00,2011-03-02 09:05:00,282,1,162.30,0,At Risk
15734,4,36,2263.30,52.63,516,0,2010-06-10 14:25:00,2011-08-17 10:50:00,114,4,2263.30,0,At Risk
15735,1,19,327.68,17.25,206,0,2010-10-14 13:38:00,2010-10-14 13:38:00,420,1,327.68,0,At Risk
15736,3,95,1668.67,16.20,1208,9,2010-09-30 14:19:00,2010-10-05 19:59:00,429,3,1668.67,0,At Risk
15737,12,60,1121.21,14.19,597,13,2011-04-11 10:01:00,2011-11-25 11:21:00,14,12,1121.21,0,At Risk
15738,45,70,13015.42,26.78,9030,20,2009-12-10 15:52:00,2011-11-21 08:26:00,18,45,13015.42,0,At Risk
15739,1,8,449.12,56.14,472,0,2011-10-04 13:42:00,2011-10-04 13:42:00,65,1,449.12,0,At Risk
15740,1,9,154.88,17.21,152,0,2011-10-21 14:29:00,2011-10-21 14:29:00,48,1,154.88,0,At Risk
15741,2,11,208.62,17.39,70,0,2010-03-31 11:55:00,2010-09-07 16:21:00,457,2,208.62,0,At Risk
15742,1,41,156.87,3.83,51,0,2010-03-30 15:25:00,2010-03-30 15:25:00,618,1,156.87,0,At Risk
15743,4,59,775.96,9.02,214,0,2011-06-08 10:14:00,2011-11-23 17:19:00,15,4,775.96,0,At Risk
15744,1,3,34.80,11.60,120,0,2011-09-23 09:52:00,2011-09-23 09:52:00,77,1,34.80,0,At Risk
15745,6,57,1071.24,16.48,421,9,2011-04-17 13:04:00,2011-12-01 11:18:00,8,6,1071.24,0,At Risk
15746,2,28,182.96,6.31,178,48,2011-07-28 15:21:00,2011-07-28 15:27:00,133,2,182.96,0,At Risk
15747,10,116,2497.86,11.51,1344,1,2010-01-18 11:21:00,2011-11-27 12:26:00,12,10,2497.86,0,At Risk
15748,3,34,609.81,16.94,261,0,2010-09-16 16:52:00,2011-10-30 12:51:00,39,3,609.81,0,At Risk
15749,4,6,21535.90,1435.73,18028,9014,2011-01-11 12:55:00,2011-04-18 13:20:00,234,4,21535.90,0,At Risk
15750,24,390,6362.60,9.91,4281,21,2009-12-01 16:26:00,2011-12-07 12:34:00,2,24,6362.60,0,At Risk
15751,14,90,1318.84,9.84,443,6,2009-12-06 13:08:00,2010-09-05 12:44:00,460,14,1318.84,0,At Risk
15752,10,359,3916.46,6.67,2792,5,2010-09-08 11:56:00,2011-10-31 11:37:00,39,10,3916.46,0,At Risk
15753,1,1,79.20,79.20,144,0,2011-02-08 12:41:00,2011-02-08 12:41:00,304,1,79.20,0,At Risk
15754,12,114,3001.86,22.24,1762,7,2010-02-22 13:31:00,2011-10-20 11:44:00,50,12,3001.86,0,At Risk
15755,20,281,5936.95,15.54,4034,35,2009-12-04 08:24:00,2011-12-08 18:59:00,0,20,5936.95,0,At Risk
15756,4,160,528.01,2.76,241,0,2011-04-04 14:00:00,2011-10-09 13:30:00,60,4,528.01,0,At Risk
15757,6,162,2940.36,15.24,1757,0,2010-06-10 13:47:00,2011-10-05 12:14:00,65,6,2940.36,0,At Risk
15758,1,9,205.25,22.81,47,0,2011-11-15 10:48:00,2011-11-15 10:48:00,24,1,205.25,0,At Risk
15759,10,10,810.98,40.55,523,5,2009-12-02 10:08:00,2011-05-05 15:13:00,217,10,810.98,0,At Risk
15760,5,1,-5795.87,-1159.17,2,3,2010-03-19 11:30:00,2010-03-19 11:53:00,630,5,-5795.87,0,At Risk
15761,1,5,143.05,28.61,31,0,2010-09-23 09:33:00,2010-09-23 09:33:00,442,1,143.05,0,At Risk
15762,2,37,583.75,15.78,251,0,2011-09-23 15:17:00,2011-10-05 16:15:00,64,2,583.75,0,At Risk
15763,3,58,1048.67,16.65,271,3,2011-09-23 12:10:00,2011-11-08 09:44:00,31,3,1048.67,0,At Risk
15764,14,187,4453.28,17.19,2945,20,2010-08-18 13:58:00,2011-09-19 16:16:00,80,14,4453.28,0,At Risk
15765,1,25,370.63,14.83,335,0,2010-02-11 10:25:00,2010-02-11 10:25:00,666,1,370.63,0,At Risk
15766,4,21,799.66,28.56,334,4,2010-01-26 15:55:00,2011-10-06 17:03:00,63,4,799.66,0,At Risk
15767,2,9,-242.70,-26.97,0,50,2009-12-04 14:56:00,2010-03-08 15:48:00,640,2,-242.70,0,At Risk
15768,36,440,15267.26,12.61,4215,3,2009-12-03 12:10:00,2011-08-16 10:48:00,115,36,15267.26,0,At Risk
15769,51,27,84177.58,347.84,49068,2014,2009-12-11 09:58:00,2011-12-02 13:52:00,6,51,84177.58,0,At Risk
15770,1,18,321.45,17.86,67,0,2010-04-06 11:47:00,2010-04-06 11:47:00,612,1,321.45,0,At Risk
15771,3,26,1006.54,35.95,512,0,2010-01-15 12:14:00,2010-04-14 13:56:00,603,3,1006.54,0,At Risk
15772,1,16,280.88,17.56,110,0,2010-10-17 13:33:00,2010-10-17 13:33:00,417,1,280.88,0,At Risk
15773,2,46,774.52,16.48,410,0,2010-10-26 15:27:00,2011-12-04 12:48:00,5,2,774.52,0,At Risk
15774,7,89,1282.60,11.55,465,1,2010-02-21 12:57:00,2011-10-02 12:04:00,68,7,1282.60,0,At Risk
15775,2,9,150.50,16.72,260,0,2010-03-18 07:32:00,2011-04-08 12:56:00,244,2,150.50,0,At Risk
15776,1,18,241.62,13.42,138,0,2011-07-29 13:46:00,2011-07-29 13:46:00,132,1,241.62,0,At Risk
15777,9,29,1732.16,42.25,599,4,2010-05-20 10:37:00,2011-04-12 16:43:00,240,9,1732.16,0,At Risk
15778,1,17,307.95,18.11,101,0,2010-10-04 15:10:00,2010-10-04 15:10:00,430,1,307.95,0,At Risk
15779,2,8,124.08,15.51,20,0,2010-06-25 15:55:00,2010-09-02 16:40:00,462,2,124.08,0,At Risk
15780,3,26,475.28,16.39,220,0,2010-12-17 11:43:00,2011-06-09 12:01:00,183,3,475.28,0,At Risk
15781,4,20,333.56,15.88,180,2,2011-02-07 09:15:00,2011-11-14 14:57:00,24,4,333.56,0,At Risk
15782,6,52,3985.65,63.26,1844,2,2009-12-17 17:50:00,2011-11-30 10:49:00,9,6,3985.65,0,At Risk
15783,1,14,246.30,17.59,212,0,2011-11-29 09:50:00,2011-11-29 09:50:00,10,1,246.30,0,At Risk
15784,2,33,848.33,19.73,381,0,2010-02-05 14:42:00,2010-08-29 10:38:00,467,2,848.33,0,At Risk
15785,26,102,5825.33,23.87,4479,52,2009-12-15 16:28:00,2011-11-10 12:08:00,29,26,5825.33,0,At Risk
15786,9,358,8379.65,17.42,5957,88,2010-06-21 10:13:00,2011-10-27 10:53:00,43,9,8379.65,0,At Risk
15787,3,156,933.26,4.67,534,0,2011-10-09 13:11:00,2011-11-13 14:55:00,25,3,933.26,0,At Risk
15788,2,14,215.53,14.37,115,3,2010-07-19 12:48:00,2010-07-27 12:31:00,500,2,215.53,0,At Risk
15789,7,110,1932.01,13.80,2499,24,2010-03-26 11:21:00,2010-12-16 14:35:00,357,7,1932.01,0,At Risk
15790,1,34,218.75,6.43,113,0,2011-11-29 14:53:00,2011-11-29 14:53:00,9,1,218.75,0,At Risk
15791,9,122,3541.79,19.68,1970,21,2010-03-08 09:41:00,2011-10-27 10:14:00,43,9,3541.79,0,At Risk
15792,2,57,933.84,16.38,606,0,2010-03-31 09:42:00,2010-11-05 08:21:00,399,2,933.84,0,At Risk
15793,9,12,2382.92,76.87,1685,1,2009-12-01 12:54:00,2011-11-30 15:08:00,8,9,2382.92,0,At Risk
15794,2,15,777.00,51.80,288,0,2009-12-02 15:10:00,2009-12-03 13:04:00,735,2,777.00,0,At Risk
15795,8,111,1979.87,15.11,1411,0,2010-01-18 11:31:00,2011-07-13 10:43:00,149,8,1979.87,0,At Risk
15796,22,143,5015.75,16.72,1733,20,2009-12-01 12:18:00,2011-12-08 19:55:00,0,22,5015.75,0,At Risk
15797,6,12,2821.08,235.09,1281,0,2010-01-27 13:12:00,2011-08-18 17:04:00,112,6,2821.08,0,At Risk
15798,3,73,1535.37,18.50,915,0,2010-01-27 11:55:00,2010-08-04 09:13:00,492,3,1535.37,0,At Risk
15799,4,143,1421.34,9.23,1341,0,2010-10-17 14:26:00,2011-09-25 12:46:00,75,4,1421.34,0,At Risk
15800,7,198,1227.07,5.29,575,0,2010-03-31 13:17:00,2011-08-24 14:23:00,106,7,1227.07,0,At Risk
15801,4,61,1042.19,15.10,570,8,2011-08-22 09:53:00,2011-10-24 13:52:00,45,4,1042.19,0,At Risk
15802,3,1,-451.42,-150.47,1,2,2011-07-20 11:23:00,2011-07-20 11:40:00,142,3,-451.42,0,At Risk
15803,4,48,1929.66,37.84,1030,0,2010-02-01 16:29:00,2011-10-19 14:56:00,50,4,1929.66,0,At Risk
15804,19,170,3848.55,14.10,2565,52,2011-05-25 10:12:00,2011-12-09 12:31:00,0,19,3848.55,0,At Risk
15805,40,341,9668.62,17.39,6205,118,2009-12-10 12:57:00,2011-11-16 16:32:00,22,40,9668.62,0,At Risk
15806,3,24,784.58,25.31,602,0,2011-03-08 09:24:00,2011-10-24 14:35:00,45,3,784.58,0,At Risk
15807,6,86,1807.57,20.31,1532,1,2010-02-11 15:32:00,2011-10-20 14:10:00,49,6,1807.57,0,At Risk
15808,24,349,17038.95,21.65,6753,27,2009-12-01 16:30:00,2011-02-06 14:33:00,305,24,17038.95,0,At Risk
15809,9,51,862.88,12.88,700,51,2010-06-22 14:23:00,2011-11-04 12:05:00,35,9,862.88,0,At Risk
15810,13,89,2724.80,14.12,1653,143,2009-12-22 10:24:00,2011-09-22 09:38:00,78,13,2724.80,0,At Risk
15811,10,205,3438.85,12.33,1781,10,2010-11-16 16:46:00,2011-11-22 15:29:00,16,10,3438.85,0,At Risk
15812,13,87,5186.17,41.16,3450,18,2009-12-15 13:40:00,2011-08-24 14:19:00,106,13,5186.17,0,At Risk
15813,2,40,1303.91,32.60,603,0,2011-04-14 09:09:00,2011-05-16 08:13:00,207,2,1303.91,0,At Risk
15814,8,84,2531.84,25.32,1728,24,2010-04-15 14:31:00,2011-12-06 15:01:00,2,8,2531.84,0,At Risk
15815,5,33,2100.60,42.87,1856,0,2011-03-25 08:43:00,2011-10-07 12:42:00,63,5,2100.60,0,At Risk
15816,3,11,93.30,7.78,54,3,2010-06-15 12:54:00,2010-06-15 13:36:00,541,3,93.30,0,At Risk
15817,3,133,2766.40,18.20,1596,0,2010-06-14 13:31:00,2010-10-15 11:07:00,420,3,2766.40,0,At Risk
15818,1,11,340.50,30.95,284,0,2010-04-30 12:58:00,2010-04-30 12:58:00,587,1,340.50,0,At Risk
15819,11,183,3911.28,14.82,2928,15,2010-03-18 11:08:00,2011-10-21 14:50:00,48,11,3911.28,0,At Risk
15820,1,17,206.98,12.18,128,0,2011-01-24 12:00:00,2011-01-24 12:00:00,319,1,206.98,0,At Risk
15821,2,57,570.96,9.21,202,0,2011-10-09 13:28:00,2011-10-26 15:48:00,43,2,570.96,0,At Risk
15822,8,50,1777.91,24.69,950,12,2009-12-06 14:34:00,2011-12-06 14:50:00,2,8,1777.91,0,At Risk
15823,6,159,3018.86,17.35,1774,288,2009-12-08 15:12:00,2011-01-06 12:58:00,336,6,3018.86,0,At Risk
15824,2,24,890.94,34.27,478,0,2010-06-25 15:10:00,2010-09-12 13:20:00,452,2,890.94,0,At Risk
15825,1,20,532.94,26.65,220,0,2011-06-20 13:27:00,2011-06-20 13:27:00,171,1,532.94,0,At Risk
15826,6,100,2583.13,21.35,1824,13,2010-05-20 17:00:00,2011-10-19 13:24:00,50,6,2583.13,0,At Risk
15827,42,125,3240.03,12.81,1715,75,2010-01-08 11:25:00,2011-09-27 15:35:00,72,42,3240.03,0,At Risk
15828,1,74,1108.82,14.98,367,0,2010-11-29 16:41:00,2010-11-29 16:41:00,374,1,1108.82,0,At Risk
15829,2,44,636.14,12.47,996,0,2011-07-22 10:23:00,2011-09-01 16:45:00,98,2,636.14,0,At Risk
15830,2,39,547.70,13.36,415,6,2011-11-02 10:40:00,2011-11-10 13:35:00,28,2,547.70,0,At Risk
15831,4,64,740.64,11.05,1092,8,2011-01-19 14:44:00,2011-10-12 13:14:00,57,4,740.64,0,At Risk
15832,1,54,836.79,15.50,465,0,2011-03-30 15:29:00,2011-03-30 15:29:00,253,1,836.79,0,At Risk
15833,1,5,80.40,16.08,24,0,2009-12-02 11:59:00,2009-12-02 11:59:00,737,1,80.40,0,At Risk
15834,9,333,3615.54,9.59,1815,4,2010-10-11 14:05:00,2011-09-30 14:41:00,69,9,3615.54,0,At Risk
15835,4,47,954.09,19.08,439,0,2011-01-13 10:35:00,2011-10-26 15:47:00,43,4,954.09,0,At Risk
15836,2,10,117.47,9.79,26,2,2011-10-20 17:13:00,2011-10-25 15:37:00,44,2,117.47,0,At Risk
15837,2,52,777.01,14.94,405,0,2010-08-11 10:16:00,2011-10-06 09:01:00,64,2,777.01,0,At Risk
15838,38,63,72727.41,346.32,64114,9480,2009-12-15 09:51:00,2011-11-28 14:00:00,10,38,72727.41,0,At Risk
15839,5,56,1020.74,15.70,675,5,2011-07-14 16:35:00,2011-11-14 13:25:00,24,5,1020.74,0,At Risk
15840,3,26,345.66,12.35,396,2,2011-06-20 11:42:00,2011-10-12 09:08:00,58,3,345.66,0,At Risk
15841,12,60,2716.50,28.30,2391,17,2009-12-10 08:29:00,2011-10-06 18:31:00,63,12,2716.50,0,At Risk
15842,3,24,528.75,18.88,296,8,2010-06-30 09:06:00,2010-11-16 17:58:00,387,3,528.75,0,At Risk
15843,1,8,118.95,14.87,27,0,2011-02-09 10:19:00,2011-02-09 10:19:00,303,1,118.95,0,At Risk
15844,1,11,130.74,11.89,134,0,2011-10-24 15:19:00,2011-10-24 15:19:00,45,1,130.74,0,At Risk
15845,14,129,4273.65,23.10,2128,43,2010-01-26 14:44:00,2011-11-22 09:42:00,17,14,4273.65,0,At Risk
15846,1,27,107.01,3.69,79,0,2010-11-19 14:40:00,2010-11-19 14:40:00,384,1,107.01,0,At Risk
15847,5,39,822.57,17.14,643,0,2010-03-08 08:47:00,2011-11-01 14:41:00,37,5,822.57,0,At Risk
15848,1,34,137.99,4.06,45,0,2010-03-28 10:54:00,2010-03-28 10:54:00,621,1,137.99,0,At Risk
15849,1,1,-5876.34,-5876.34,0,1,2010-04-22 12:55:00,2010-04-22 12:55:00,595,1,-5876.34,0,At Risk
15850,6,269,1006.75,3.24,1334,0,2009-12-13 13:27:00,2011-11-20 14:14:00,18,6,1006.75,0,At Risk
15851,1,8,109.73,13.72,67,0,2010-07-01 12:34:00,2010-07-01 12:34:00,526,1,109.73,0,At Risk
15852,3,31,257.26,7.80,60,0,2010-07-01 10:16:00,2011-06-06 11:22:00,186,3,257.26,0,At Risk
15853,1,29,110.80,3.69,135,0,2011-10-19 10:38:00,2011-10-19 10:38:00,51,1,110.80,0,At Risk
15854,21,168,5578.28,21.79,1691,0,2009-12-10 12:08:00,2011-12-05 13:39:00,3,21,5578.28,0,At Risk
15855,6,72,1052.72,11.08,712,0,2010-08-20 17:15:00,2011-07-26 10:20:00,136,6,1052.72,0,At Risk
15856,58,386,31873.05,28.64,19550,100,2009-12-03 14:02:00,2011-12-05 17:09:00,3,58,31873.05,0,At Risk
15857,2,21,570.48,23.77,584,0,2010-10-05 16:43:00,2011-11-21 12:18:00,18,2,570.48,0,At Risk
15858,15,274,3509.91,8.03,2715,6,2009-12-10 11:42:00,2011-11-24 12:48:00,15,15,3509.91,0,At Risk
15859,1,22,438.46,19.93,174,0,2010-10-03 12:52:00,2010-10-03 12:52:00,431,1,438.46,0,At Risk
15860,17,249,2361.30,6.88,1259,0,2009-12-06 12:31:00,2011-10-30 11:25:00,40,17,2361.30,0,At Risk
15861,15,455,4185.40,5.27,3837,13,2010-01-28 19:41:00,2011-11-27 15:59:00,11,15,4185.40,0,At Risk
15862,13,417,2512.29,5.04,1520,0,2009-12-17 11:33:00,2011-12-01 13:28:00,7,13,2512.29,0,At Risk
15863,5,74,355.10,4.61,162,0,2009-12-17 10:20:00,2011-11-14 12:49:00,25,5,355.10,0,At Risk
15864,9,18,2014.22,74.60,1486,148,2010-11-23 15:02:00,2011-11-17 13:32:00,21,9,2014.22,0,At Risk
15865,5,119,2241.42,17.79,1141,0,2010-01-05 13:58:00,2011-10-30 12:43:00,40,5,2241.42,0,At Risk
15866,1,43,211.89,4.93,124,0,2011-08-30 14:09:00,2011-08-30 14:09:00,100,1,211.89,0,At Risk
15867,35,549,8834.20,8.59,5067,17,2009-12-14 15:16:00,2011-12-04 13:37:00,4,35,8834.20,0,At Risk
15868,1,4,94.53,23.63,57,0,2010-05-05 14:11:00,2010-05-05 14:11:00,582,1,94.53,0,At Risk
15869,3,29,321.11,9.44,273,0,2010-03-23 16:50:00,2011-03-07 17:23:00,276,3,321.11,0,At Risk
15870,4,127,857.46,6.00,504,0,2010-09-19 16:22:00,2011-11-07 10:58:00,32,4,857.46,0,At Risk
15871,1,5,33.10,6.62,5,0,2010-09-28 14:16:00,2010-09-28 14:16:00,436,1,33.10,0,At Risk
15872,4,164,729.25,3.88,467,0,2010-06-07 14:53:00,2011-11-25 11:55:00,14,4,729.25,0,At Risk
15873,5,3,138.24,15.36,1152,576,2010-07-27 11:58:00,2010-08-04 11:51:00,492,5,138.24,0,At Risk
15874,25,268,11135.00,30.09,5102,48,2010-01-07 13:56:00,2011-10-07 12:58:00,62,25,11135.00,0,At Risk
15875,1,18,108.52,4.72,74,0,2010-03-03 16:51:00,2010-03-03 16:51:00,645,1,108.52,0,At Risk
15876,2,11,1449.14,131.74,886,0,2010-09-17 15:26:00,2010-10-26 18:58:00,408,2,1449.14,0,At Risk
15877,3,122,437.83,3.42,368,125,2011-11-22 11:18:00,2011-12-08 11:57:00,1,3,437.83,0,At Risk
15878,2,47,330.77,6.49,243,0,2009-12-06 12:28:00,2010-05-27 12:17:00,561,2,330.77,0,At Risk
15879,4,171,1137.80,6.36,639,0,2009-12-17 19:54:00,2010-10-31 16:21:00,403,4,1137.80,0,At Risk
15880,2,95,299.03,3.08,202,24,2010-12-05 13:00:00,2010-12-05 13:09:00,368,2,299.03,0,At Risk
15881,8,26,438.24,13.70,260,61,2010-12-10 13:32:00,2011-01-31 16:59:00,311,8,438.24,0,At Risk
15882,10,49,1098.59,18.01,650,13,2009-12-10 15:33:00,2011-05-25 11:35:00,198,10,1098.59,0,At Risk
15883,2,42,396.48,8.09,223,0,2011-11-06 14:50:00,2011-12-07 17:05:00,1,2,396.48,0,At Risk
15884,3,15,238.65,15.91,152,1,2009-12-03 18:12:00,2010-10-03 15:55:00,431,3,238.65,0,At Risk
15885,20,83,1737.57,14.24,622,25,2010-01-21 12:47:00,2011-09-08 10:43:00,92,20,1737.57,0,At Risk
15886,4,58,1052.87,16.98,667,0,2010-04-20 15:03:00,2011-10-10 14:25:00,59,4,1052.87,0,At Risk
15887,3,27,1027.15,27.76,605,0,2010-06-02 11:53:00,2010-10-29 08:36:00,406,3,1027.15,0,At Risk
15888,4,33,402.12,9.81,139,16,2010-07-01 11:51:00,2011-09-21 09:44:00,79,4,402.12,0,At Risk
15889,9,256,1417.15,4.68,800,7,2009-12-10 12:21:00,2011-07-06 11:10:00,156,9,1417.15,0,At Risk
15890,5,10,535.65,53.57,119,0,2010-04-14 08:43:00,2010-11-10 12:46:00,394,5,535.65,0,At Risk
15891,1,60,511.68,8.53,418,0,2011-04-27 12:35:00,2011-04-27 12:35:00,226,1,511.68,0,At Risk
15892,1,38,128.20,3.37,46,0,2010-02-08 16:23:00,2010-02-08 16:23:00,668,1,128.20,0,At Risk
15893,1,1,305.28,305.28,288,0,2010-08-15 11:12:00,2010-08-15 11:12:00,481,1,305.28,0,At Risk
15894,2,35,258.25,6.98,164,0,2010-12-05 14:06:00,2011-03-31 13:50:00,252,2,258.25,0,At Risk
15895,1,11,179.17,16.29,94,0,2011-07-13 10:27:00,2011-07-13 10:27:00,149,1,179.17,0,At Risk
15896,1,1,-1899.67,-1899.67,0,1,2010-03-25 12:23:00,2010-03-25 12:23:00,624,1,-1899.67,0,At Risk
15897,2,17,208.59,9.48,223,0,2011-05-29 13:32:00,2011-05-29 13:50:00,193,2,208.59,0,At Risk
15898,29,284,4934.50,7.90,2160,17,2009-12-11 16:11:00,2011-12-08 15:23:00,0,29,4934.50,0,At Risk
15899,1,4,56.25,14.06,39,0,2010-12-06 10:36:00,2010-12-06 10:36:00,368,1,56.25,0,At Risk
15900,5,100,876.67,6.90,656,2,2010-05-26 11:27:00,2011-11-16 12:19:00,23,5,876.67,0,At Risk
15901,9,146,668.73,4.03,695,2,2010-06-14 12:39:00,2011-11-23 12:43:00,16,9,668.73,0,At Risk
15902,1,18,145.01,8.06,124,0,2010-11-24 16:57:00,2010-11-24 16:57:00,379,1,145.01,0,At Risk
15903,15,58,8859.82,74.45,3926,9,2009-12-08 17:04:00,2011-11-30 08:08:00,9,15,8859.82,0,At Risk
15904,1,30,164.68,5.49,84,0,2011-12-01 14:50:00,2011-12-01 14:50:00,7,1,164.68,0,At Risk
15905,1,22,114.69,5.21,82,0,2010-06-14 16:00:00,2010-06-14 16:00:00,542,1,114.69,0,At Risk
15906,12,143,2442.44,11.91,749,9,2010-09-15 12:17:00,2011-11-20 12:24:00,19,12,2442.44,0,At Risk
15907,3,175,882.72,3.91,478,0,2011-05-13 13:01:00,2011-12-06 12:21:00,3,3,882.72,0,At Risk
15908,2,37,758.62,18.97,173,0,2010-07-15 19:21:00,2010-08-06 11:56:00,490,2,758.62,0,At Risk
15909,1,7,191.94,27.42,98,0,2011-06-19 10:38:00,2011-06-19 10:38:00,173,1,191.94,0,At Risk
15910,15,394,2661.17,4.29,2158,0,2010-01-21 11:51:00,2011-12-09 10:51:00,0,15,2661.17,0,At Risk
15911,10,163,1399.45,5.38,810,2,2009-12-09 13:26:00,2010-09-17 13:57:00,447,10,1399.45,0,At Risk
15912,9,83,1074.70,11.31,759,0,2009-12-10 12:58:00,2011-06-14 14:29:00,177,9,1074.70,0,At Risk
15913,1,1,6.30,6.30,3,0,2010-06-23 16:31:00,2010-06-23 16:31:00,533,1,6.30,0,At Risk
15914,2,13,205.99,15.85,149,0,2010-11-26 16:09:00,2010-11-26 16:10:00,377,2,205.99,0,At Risk
15915,1,105,364.45,3.23,414,0,2010-11-03 11:13:00,2010-11-03 11:13:00,401,1,364.45,0,At Risk
15916,17,229,3014.04,9.45,1618,18,2009-12-10 15:01:00,2011-11-23 13:46:00,15,17,3014.04,0,At Risk
15917,5,127,530.17,3.73,248,0,2009-12-02 14:55:00,2011-04-06 10:40:00,247,5,530.17,0,At Risk
15918,3,49,582.88,9.56,240,0,2010-03-18 11:40:00,2011-06-02 11:42:00,190,3,582.88,0,At Risk
15919,2,103,525.69,4.31,385,0,2010-12-06 11:26:00,2011-11-20 11:28:00,19,2,525.69,0,At Risk
15920,9,93,569.14,5.32,238,0,2009-12-14 13:09:00,2011-07-08 15:31:00,153,9,569.14,0,At Risk
15921,4,69,775.26,9.81,335,0,2010-03-09 11:03:00,2011-06-20 11:03:00,172,4,775.26,0,At Risk
15922,2,11,363.60,30.30,138,2,2010-12-01 13:51:00,2010-12-02 13:05:00,371,2,363.60,0,At Risk
15923,1,21,127.08,6.05,122,0,2010-12-02 12:16:00,2010-12-02 12:16:00,372,1,127.08,0,At Risk
15924,1,14,102.82,6.85,103,0,2009-12-08 15:00:00,2009-12-08 15:00:00,730,1,102.82,0,At Risk
15925,1,12,207.15,17.26,93,0,2011-05-29 15:35:00,2011-05-29 15:35:00,193,1,207.15,0,At Risk
15926,1,7,134.44,19.21,155,0,2010-06-15 15:23:00,2010-06-15 15:23:00,541,1,134.44,0,At Risk
15927,1,13,106.54,7.10,66,0,2010-03-02 13:25:00,2010-03-02 13:25:00,646,1,106.54,0,At Risk
15928,1,11,293.53,26.68,164,0,2010-02-21 15:16:00,2010-02-21 15:16:00,655,1,293.53,0,At Risk
15929,1,1,594.00,594.00,120,0,2010-03-05 14:56:00,2010-03-05 14:56:00,643,1,594.00,0,At Risk
15930,1,21,426.63,20.32,139,0,2011-10-03 14:52:00,2011-10-03 14:52:00,66,1,426.63,0,At Risk
15931,1,14,239.90,17.14,118,0,2010-10-07 16:46:00,2010-10-07 16:46:00,427,1,239.90,0,At Risk
15932,11,93,2461.85,20.69,2325,14,2011-02-23 14:50:00,2011-12-05 17:13:00,3,11,2461.85,0,At Risk
15933,3,63,1107.46,14.97,885,0,2011-09-14 12:05:00,2011-11-18 13:14:00,20,3,1107.46,0,At Risk
15934,2,29,2190.66,75.54,2166,0,2010-10-06 12:08:00,2010-10-18 10:13:00,417,2,2190.66,0,At Risk
15935,3,33,108.04,3.18,115,286,2009-12-08 17:23:00,2011-04-14 13:27:00,238,3,108.04,0,At Risk
15936,2,16,282.79,14.88,211,0,2010-08-29 11:42:00,2010-11-25 16:39:00,378,2,282.79,0,At Risk
15937,1,7,145.35,20.76,73,0,2011-10-06 15:48:00,2011-10-06 15:48:00,63,1,145.35,0,At Risk
15938,9,27,734.81,18.84,449,0,2010-06-01 09:42:00,2011-08-19 12:56:00,111,9,734.81,0,At Risk
15939,17,52,9047.64,55.85,6260,3,2010-11-30 12:07:00,2011-09-11 11:30:00,89,17,9047.64,0,At Risk
15940,3,2,0.00,0.00,4,5,2010-10-26 18:17:00,2011-02-01 16:21:00,310,3,0.00,0,At Risk
15941,2,6,230.60,23.06,60,32,2010-03-12 14:45:00,2010-07-14 16:01:00,512,2,230.60,0,At Risk
15942,1,14,337.44,24.10,232,0,2011-07-29 09:01:00,2011-07-29 09:01:00,133,1,337.44,0,At Risk
15943,2,12,271.29,22.61,183,0,2010-01-31 11:04:00,2010-02-28 12:49:00,649,2,271.29,0,At Risk
15944,4,25,2164.24,56.95,859,0,2009-12-13 12:57:00,2011-03-08 10:33:00,276,4,2164.24,0,At Risk
15945,4,24,646.27,23.08,345,0,2009-12-01 13:47:00,2010-12-09 13:14:00,364,4,646.27,0,At Risk
15946,3,25,2304.18,88.62,1614,0,2010-03-16 10:49:00,2010-07-25 12:18:00,502,3,2304.18,0,At Risk
15947,1,29,1708.24,58.90,898,0,2011-09-18 10:46:00,2011-09-18 10:46:00,82,1,1708.24,0,At Risk
15948,3,63,1509.09,15.89,852,0,2010-10-11 12:16:00,2011-12-01 15:32:00,7,3,1509.09,0,At Risk
15949,2,12,364.72,19.20,284,0,2011-09-29 17:34:00,2011-11-23 09:09:00,16,2,364.72,0,At Risk
15950,13,226,6878.71,17.20,3354,54,2010-01-26 10:54:00,2011-12-08 10:34:00,1,13,6878.71,0,At Risk
15951,4,44,974.52,15.98,420,7,2010-11-23 18:20:00,2011-12-08 18:57:00,0,4,974.52,0,At Risk
15952,4,65,781.91,9.31,391,0,2011-04-28 12:55:00,2011-11-06 11:18:00,33,4,781.91,0,At Risk
15953,21,102,3295.49,19.05,1741,103,2009-12-03 14:00:00,2011-11-24 15:32:00,14,21,3295.49,0,At Risk
15954,1,20,190.75,9.54,119,0,2010-04-29 13:35:00,2010-04-29 13:35:00,588,1,190.75,0,At Risk
15955,25,223,8050.23,23.13,3967,15,2010-02-23 16:36:00,2011-11-15 14:15:00,23,25,8050.23,0,At Risk
15956,2,18,617.60,34.31,278,0,2009-12-13 11:16:00,2010-06-06 13:06:00,550,2,617.60,0,At Risk
15957,3,121,921.25,6.31,453,0,2010-10-15 12:11:00,2011-11-08 12:14:00,31,3,921.25,0,At Risk
15958,4,50,462.12,7.11,154,0,2010-06-07 10:59:00,2011-09-26 13:41:00,73,4,462.12,0,At Risk
15959,3,58,542.89,7.65,269,0,2010-01-26 16:19:00,2010-01-26 16:38:00,681,3,542.89,0,At Risk
15960,5,24,394.00,14.59,258,1,2010-09-30 15:50:00,2010-11-30 15:57:00,373,5,394.00,0,At Risk
15961,1,42,451.29,10.75,154,0,2010-11-25 15:59:00,2010-11-25 15:59:00,378,1,451.29,0,At Risk
15962,1,43,289.48,5.26,228,0,2010-09-16 13:48:00,2010-09-16 13:48:00,448,1,289.48,0,At Risk
15963,2,26,470.76,16.81,298,0,2011-10-25 13:05:00,2011-11-20 11:33:00,19,2,470.76,0,At Risk
15964,1,20,269.21,13.46,93,0,2010-02-14 15:30:00,2010-02-14 15:30:00,662,1,269.21,0,At Risk
15965,14,202,2758.19,8.26,1313,5,2009-12-03 11:45:00,2011-11-22 16:44:00,16,14,2758.19,0,At Risk
15966,2,27,399.58,12.49,275,7,2010-09-15 10:44:00,2010-09-21 19:40:00,443,2,399.58,0,At Risk
15967,13,316,2943.60,6.08,1183,4,2009-12-01 13:28:00,2011-11-16 15:41:00,22,13,2943.60,0,At Risk
15968,1,70,404.55,5.06,247,0,2010-11-16 13:04:00,2010-11-16 13:04:00,387,1,404.55,0,At Risk
15969,6,31,1043.85,29.00,223,4,2010-07-05 13:10:00,2011-12-07 11:06:00,2,6,1043.85,0,At Risk
15970,2,19,1017.32,42.39,498,0,2010-04-20 11:30:00,2011-02-09 12:08:00,303,2,1017.32,0,At Risk
15971,20,12,4930.43,109.57,2251,296,2009-12-08 09:46:00,2011-11-22 12:50:00,17,20,4930.43,0,At Risk
15972,5,104,1769.33,12.73,468,0,2010-04-18 14:06:00,2010-09-09 13:20:00,455,5,1769.33,0,At Risk
15973,5,8,472.57,36.35,195,19,2010-10-06 15:00:00,2011-04-18 09:39:00,235,5,472.57,0,At Risk
15974,8,141,3429.55,19.38,2262,6,2011-02-24 10:10:00,2011-10-31 13:13:00,38,8,3429.55,0,At Risk
15975,1,24,371.01,15.46,243,0,2011-09-16 13:33:00,2011-09-16 13:33:00,83,1,371.01,0,At Risk
15976,6,265,1694.41,4.48,1053,0,2010-06-06 14:01:00,2011-06-27 13:00:00,164,6,1694.41,0,At Risk
15977,2,48,1054.73,16.23,1016,0,2011-10-31 16:24:00,2011-11-22 13:29:00,16,2,1054.73,0,At Risk
15978,5,107,3272.62,24.98,2444,4,2010-03-05 14:39:00,2011-09-23 15:21:00,76,5,3272.62,0,At Risk
15979,1,22,329.22,14.96,450,0,2010-04-16 11:35:00,2010-04-16 11:35:00,602,1,329.22,0,At Risk
15980,9,101,6496.28,55.52,4822,36,2010-06-01 14:40:00,2011-09-12 09:41:00,88,9,6496.28,0,At Risk
15981,27,152,9268.07,31.42,4827,49,2010-03-29 10:07:00,2011-11-15 08:00:00,24,27,9268.07,0,At Risk
15982,1,45,324.51,7.21,131,0,2010-04-13 15:47:00,2010-04-13 15:47:00,604,1,324.51,0,At Risk
15983,8,137,3110.37,12.06,1872,0,2009-12-06 12:52:00,2011-11-17 17:34:00,21,8,3110.37,0,At Risk
15984,32,458,8304.82,11.76,5730,20,2009-12-01 13:38:00,2011-12-07 12:16:00,2,32,8304.82,0,At Risk
15985,8,50,2610.28,24.86,2750,250,2010-05-27 15:51:00,2011-08-08 16:31:00,122,8,2610.28,0,At Risk
15986,2,25,354.42,14.18,368,0,2010-11-23 10:02:00,2011-11-09 15:17:00,29,2,354.42,0,At Risk
15987,8,143,1535.99,9.09,1599,0,2010-11-25 12:56:00,2011-11-27 15:38:00,11,8,1535.99,0,At Risk
15988,3,114,738.89,6.16,476,0,2010-02-21 11:36:00,2011-11-20 13:23:00,18,3,738.89,0,At Risk
15989,2,81,368.31,4.28,169,0,2009-12-02 15:51:00,2010-11-29 12:03:00,375,2,368.31,0,At Risk
15990,7,117,1997.75,11.29,1086,0,2010-02-28 12:30:00,2011-10-26 15:58:00,43,7,1997.75,0,At Risk
15991,1,6,150.55,25.09,41,0,2010-06-23 15:50:00,2010-06-23 15:50:00,533,1,150.55,0,At Risk
15992,3,53,896.60,16.60,514,0,2010-09-12 11:52:00,2011-12-06 11:00:00,3,3,896.60,0,At Risk
15993,10,336,2736.92,4.97,2037,9,2011-10-26 16:21:00,2011-12-01 10:45:00,8,10,2736.92,0,At Risk
15994,5,93,1172.34,10.66,462,2,2010-03-14 11:55:00,2011-10-16 12:28:00,54,5,1172.34,0,At Risk
15995,1,108,694.54,6.31,352,0,2010-10-21 13:57:00,2010-10-21 13:57:00,413,1,694.54,0,At Risk
15996,8,140,1370.50,7.88,643,2,2010-11-07 15:49:00,2011-09-12 15:14:00,87,8,1370.50,0,At Risk
15997,1,1,-23.40,-23.40,0,12,2010-04-01 13:04:00,2010-04-01 13:04:00,616,1,-23.40,0,At Risk
15998,21,682,8186.19,5.70,5350,19,2009-12-01 11:45:00,2011-11-03 12:45:00,36,21,8186.19,0,At Risk
15999,1,1,20.40,20.40,24,0,2009-12-04 12:31:00,2009-12-04 12:31:00,735,1,20.40,0,At Risk
16000,3,9,12393.70,1377.08,5110,0,2011-12-07 12:14:00,2011-12-07 12:17:00,2,3,12393.70,0,At Risk
16001,2,34,519.06,13.31,337,32,2010-06-15 09:51:00,2010-11-23 17:10:00,380,2,519.06,0,At Risk
16002,1,42,169.21,4.03,70,0,2010-03-24 13:08:00,2010-03-24 13:08:00,624,1,169.21,0,At Risk
16003,10,146,5613.83,27.65,2210,0,2009-12-03 18:51:00,2011-11-10 09:57:00,29,10,5613.83,0,At Risk
16004,5,63,2146.39,23.85,1076,0,2010-01-25 13:56:00,2010-08-22 11:48:00,474,5,2146.39,0,At Risk
16005,11,315,2333.04,4.81,1269,11,2010-09-15 13:21:00,2011-11-27 13:47:00,11,11,2333.04,0,At Risk
16006,2,75,332.82,4.27,205,0,2010-11-17 12:03:00,2011-05-12 13:12:00,210,2,332.82,0,At Risk
16007,7,337,3053.06,4.65,2631,0,2010-06-14 13:18:00,2011-10-23 11:05:00,47,7,3053.06,0,At Risk
16008,15,63,5339.13,21.10,3237,0,2010-03-19 11:07:00,2011-11-16 10:32:00,23,15,5339.13,0,At Risk
16009,4,68,972.11,11.86,366,0,2011-07-03 11:26:00,2011-11-17 16:51:00,21,4,972.11,0,At Risk
16010,12,122,1692.91,5.84,919,1,2010-10-24 10:54:00,2011-04-08 10:14:00,245,12,1692.91,0,At Risk
16011,30,181,5587.56,13.09,3323,3,2009-12-01 11:04:00,2011-12-01 16:31:00,7,30,5587.56,0,At Risk
16012,5,207,2978.59,12.46,1760,0,2010-06-28 11:39:00,2011-11-04 13:25:00,34,5,2978.59,0,At Risk
16013,94,57,51420.92,208.18,25520,2009,2009-12-08 10:24:00,2011-12-06 10:36:00,3,94,51420.92,0,At Risk
16014,6,219,1091.03,3.92,462,4,2010-01-31 12:43:00,2011-11-04 11:23:00,35,6,1091.03,0,At Risk
16015,4,146,689.70,3.77,907,3,2011-10-21 12:56:00,2011-12-06 10:58:00,3,4,689.70,0,At Risk
16016,14,181,2053.00,6.82,881,5,2010-11-02 13:27:00,2011-12-06 14:35:00,2,14,2053.00,0,At Risk
16017,5,99,1545.58,11.89,635,0,2010-01-05 12:06:00,2011-10-23 12:56:00,46,5,1545.58,0,At Risk
16018,4,48,698.13,12.47,503,0,2009-12-07 13:57:00,2011-10-31 14:13:00,38,4,698.13,0,At Risk
16019,35,256,16503.46,39.48,6959,349,2009-12-14 14:12:00,2011-12-08 10:06:00,1,35,16503.46,0,At Risk
16020,3,42,851.01,18.50,487,0,2011-10-05 13:54:00,2011-11-23 11:18:00,16,3,851.01,0,At Risk
16021,2,117,487.03,3.87,276,0,2010-06-13 11:05:00,2010-11-09 14:48:00,394,2,487.03,0,At Risk
16022,1,68,602.63,8.49,255,0,2011-03-24 13:16:00,2011-03-24 13:16:00,259,1,602.63,0,At Risk
16023,3,90,719.81,7.13,358,0,2011-03-18 13:32:00,2011-10-24 16:34:00,45,3,719.81,0,At Risk
16024,3,78,483.99,5.69,504,0,2010-10-24 11:40:00,2011-11-27 13:26:00,11,3,483.99,0,At Risk
16025,1,28,439.66,15.70,338,0,2011-11-10 11:45:00,2011-11-10 11:45:00,29,1,439.66,0,At Risk
16026,1,30,236.09,7.38,243,0,2011-10-27 13:53:00,2011-10-27 13:53:00,42,1,236.09,0,At Risk
16027,18,21,1799.84,47.36,2099,79,2010-01-08 13:21:00,2011-09-09 10:47:00,91,18,1799.84,0,At Risk
16028,1,5,82.20,16.44,18,0,2010-04-23 11:45:00,2010-04-23 11:45:00,595,1,82.20,0,At Risk
16029,125,59,89705.47,222.04,54450,6537,2009-12-08 11:23:00,2011-11-01 10:27:00,38,125,89705.47,1,Potential Loyal
16030,1,28,331.24,11.42,283,0,2011-02-03 11:28:00,2011-02-03 11:28:00,309,1,331.24,0,At Risk
16031,2,91,547.90,5.59,421,0,2011-04-06 14:23:00,2011-09-08 13:07:00,91,2,547.90,0,At Risk
16032,6,130,1965.72,9.36,1467,0,2010-07-04 13:31:00,2010-09-09 18:00:00,455,6,1965.72,0,At Risk
16033,36,605,10465.07,7.61,4200,36,2010-08-11 16:44:00,2011-12-04 12:44:00,5,36,10465.07,0,At Risk
16034,7,43,908.37,15.94,585,1,2010-10-26 13:00:00,2011-05-27 16:17:00,195,7,908.37,0,At Risk
16035,1,21,217.73,10.37,33,0,2010-05-28 15:09:00,2010-05-28 15:09:00,559,1,217.73,0,At Risk
16036,4,120,2556.84,18.26,1369,0,2010-03-29 14:47:00,2011-09-13 14:53:00,86,4,2556.84,0,At Risk
16037,7,62,1489.44,20.40,766,2,2010-03-01 12:31:00,2011-03-15 09:13:00,269,7,1489.44,0,At Risk
16038,4,24,454.33,16.23,244,3,2011-05-22 11:29:00,2011-12-02 12:40:00,7,4,454.33,0,At Risk
16039,3,28,449.65,13.63,409,1,2010-03-21 15:17:00,2010-10-12 10:44:00,423,3,449.65,0,At Risk
16040,8,95,2383.70,18.62,1185,24,2010-04-09 10:12:00,2011-10-05 13:47:00,64,8,2383.70,0,At Risk
16041,3,6,3166.40,527.73,1584,0,2011-07-21 16:27:00,2011-11-09 12:25:00,30,3,3166.40,0,At Risk
16042,11,88,2183.10,16.05,1430,13,2010-09-12 12:00:00,2011-11-17 17:50:00,21,11,2183.10,0,At Risk
16043,8,56,1856.59,25.43,1011,0,2010-08-15 11:26:00,2011-11-02 12:50:00,37,8,1856.59,0,At Risk
16044,1,19,340.84,17.94,170,0,2010-09-30 18:12:00,2010-09-30 18:12:00,434,1,340.84,0,At Risk
16045,9,111,3187.03,20.04,2108,166,2010-07-29 12:50:00,2011-08-12 12:41:00,119,9,3187.03,0,At Risk
16046,1,22,235.78,10.72,248,0,2010-05-26 13:18:00,2010-05-26 13:18:00,561,1,235.78,0,At Risk
16047,1,1,107.14,107.14,1,0,2010-01-26 16:34:00,2010-01-26 16:34:00,681,1,107.14,0,At Risk
16048,6,31,800.09,21.06,425,2,2010-06-08 12:36:00,2011-09-15 10:12:00,85,6,800.09,0,At Risk
16049,6,383,1852.15,3.82,1132,0,2010-07-11 13:53:00,2011-10-30 13:19:00,39,6,1852.15,0,At Risk
16050,3,19,300.70,14.32,388,0,2010-11-03 15:55:00,2011-06-19 11:44:00,173,3,300.70,0,At Risk
16051,1,12,188.44,15.70,80,0,2010-01-27 09:38:00,2010-01-27 09:38:00,681,1,188.44,0,At Risk
16052,1,34,362.06,10.65,282,0,2011-10-16 15:13:00,2011-10-16 15:13:00,53,1,362.06,0,At Risk
16053,8,169,3606.14,18.31,3067,6,2010-04-08 11:11:00,2011-11-07 11:21:00,32,8,3606.14,0,At Risk
16054,7,109,2090.68,16.46,791,12,2010-04-01 18:37:00,2011-07-17 13:08:00,144,7,2090.68,0,At Risk
16055,1,8,134.80,16.85,22,0,2011-05-03 09:26:00,2011-05-03 09:26:00,220,1,134.80,0,At Risk
16056,1,66,650.75,9.86,345,0,2011-10-25 15:19:00,2011-10-25 15:19:00,44,1,650.75,0,At Risk
16057,17,175,3202.07,12.08,1691,259,2009-12-10 12:38:00,2011-12-05 16:36:00,3,17,3202.07,0,At Risk
16058,1,2,62.70,31.35,18,0,2010-10-29 16:48:00,2010-10-29 16:48:00,405,1,62.70,0,At Risk
16059,12,233,3053.57,7.81,1431,0,2010-05-19 13:04:00,2011-10-05 09:56:00,65,12,3053.57,0,At Risk
16060,3,22,541.95,22.58,243,0,2010-08-02 15:26:00,2010-11-04 12:10:00,400,3,541.95,0,At Risk
16061,3,3,44.95,8.99,19,6,2010-10-04 15:29:00,2011-03-15 14:41:00,268,3,44.95,0,At Risk
16062,8,134,2863.45,15.48,2035,0,2010-06-21 13:32:00,2011-11-30 12:15:00,9,8,2863.45,0,At Risk
16063,1,23,335.32,14.58,262,0,2011-03-24 14:55:00,2011-03-24 14:56:00,259,1,335.32,0,At Risk
16064,1,17,109.31,6.43,55,0,2009-12-14 16:11:00,2009-12-14 16:11:00,724,1,109.31,0,At Risk
16065,10,214,1975.13,5.56,1207,2,2010-09-02 13:27:00,2010-12-09 13:03:00,364,10,1975.13,0,At Risk
16066,5,77,1521.04,15.06,935,0,2011-08-07 14:33:00,2011-11-23 11:54:00,16,5,1521.04,0,At Risk
16067,6,60,2900.01,37.66,1236,70,2010-02-02 18:01:00,2010-05-26 12:33:00,562,6,2900.01,0,At Risk
16068,1,34,115.73,3.31,48,0,2010-04-25 11:52:00,2010-04-25 11:52:00,593,1,115.73,0,At Risk
16069,1,25,457.70,18.31,138,0,2010-10-18 10:32:00,2010-10-18 10:32:00,417,1,457.70,0,At Risk
16070,2,32,852.15,25.82,457,0,2011-11-07 16:36:00,2011-11-17 15:50:00,21,2,852.15,0,At Risk
16071,4,62,1076.80,14.75,697,0,2010-02-22 14:48:00,2011-10-26 11:14:00,44,4,1076.80,0,At Risk
16072,4,414,4180.09,7.87,1580,0,2010-06-08 16:47:00,2011-02-24 14:32:00,287,4,4180.09,0,At Risk
16073,2,1,94.35,47.18,48,11,2011-02-15 15:41:00,2011-02-21 12:33:00,291,2,94.35,0,At Risk
16074,1,23,252.50,10.10,38,0,2010-11-14 13:19:00,2010-11-14 13:19:00,389,1,252.50,0,At Risk
16075,3,41,726.98,17.31,271,1,2010-05-24 15:57:00,2010-07-25 11:31:00,502,3,726.98,0,At Risk
16076,11,71,2173.53,16.59,1435,72,2011-05-15 12:31:00,2011-12-06 14:59:00,2,11,2173.53,0,At Risk
16077,2,8,600.00,66.67,840,312,2010-03-24 10:42:00,2010-05-14 16:38:00,573,2,600.00,0,At Risk
16078,2,39,362.99,9.31,200,0,2010-02-08 13:29:00,2011-03-01 09:47:00,283,2,362.99,0,At Risk
16079,3,18,1352.00,64.38,864,0,2011-10-30 13:06:00,2011-11-23 12:48:00,16,3,1352.00,0,At Risk
16080,6,29,472.90,14.33,298,42,2010-09-15 14:19:00,2011-09-19 10:42:00,81,6,472.90,0,At Risk
16081,8,235,4278.96,11.63,2177,0,2010-02-03 12:46:00,2011-10-14 13:06:00,55,8,4278.96,0,At Risk
16082,1,16,106.75,6.67,39,0,2010-02-07 15:16:00,2010-02-07 15:16:00,669,1,106.75,0,At Risk
16083,4,61,2351.42,33.12,1514,0,2010-11-16 11:53:00,2011-08-31 10:47:00,100,4,2351.42,0,At Risk
16084,1,38,436.18,11.48,216,0,2011-02-13 16:05:00,2011-02-13 16:05:00,298,1,436.18,0,At Risk
16085,13,260,2335.23,6.19,1382,2,2010-01-20 14:03:00,2011-11-16 13:24:00,22,13,2335.23,0,At Risk
16086,11,66,2685.65,20.66,1450,1,2009-12-02 13:20:00,2011-10-11 13:09:00,58,11,2685.65,0,At Risk
16087,5,6,1739.92,173.99,664,0,2010-01-19 12:30:00,2010-11-15 16:44:00,388,5,1739.92,0,At Risk
16088,2,3,1437.43,239.57,373,0,2010-04-27 10:56:00,2010-05-13 10:16:00,575,2,1437.43,0,At Risk
16089,2,42,263.49,5.61,119,0,2010-07-18 15:51:00,2010-11-18 13:51:00,385,2,263.49,0,At Risk
16090,1,18,180.56,10.03,58,0,2010-03-25 13:05:00,2010-03-25 13:05:00,623,1,180.56,0,At Risk
16091,2,16,315.06,17.50,154,0,2011-05-25 09:18:00,2011-07-08 08:45:00,154,2,315.06,0,At Risk
16092,10,60,1515.49,16.12,1188,37,2010-05-09 16:10:00,2011-09-02 11:46:00,98,10,1515.49,0,At Risk
16093,1,1,17.00,17.00,20,0,2011-08-25 11:09:00,2011-08-25 11:09:00,106,1,17.00,0,At Risk
16094,19,102,3599.16,17.06,2020,28,2009-12-11 13:33:00,2011-11-28 12:45:00,11,19,3599.16,0,At Risk
16095,1,30,447.05,14.90,265,0,2010-09-09 16:54:00,2010-09-09 16:54:00,455,1,447.05,0,At Risk
16096,4,58,1584.97,24.01,700,0,2010-03-04 15:44:00,2011-03-20 13:38:00,263,4,1584.97,0,At Risk
16097,1,10,185.05,18.51,87,0,2011-04-13 13:47:00,2011-04-13 13:47:00,239,1,185.05,0,At Risk
16098,14,83,4010.70,26.74,2008,0,2009-12-15 09:40:00,2011-09-13 09:59:00,87,14,4010.70,0,At Risk
16099,8,44,1568.25,22.40,960,1,2010-03-03 11:13:00,2011-10-20 13:13:00,49,8,1568.25,0,At Risk
16100,1,37,582.64,15.75,438,0,2010-09-03 11:39:00,2010-09-03 11:39:00,462,1,582.64,0,At Risk
16101,7,153,3167.42,15.84,1844,21,2010-05-27 12:50:00,2011-11-30 16:54:00,8,7,3167.42,0,At Risk
16102,3,41,1842.14,32.32,942,0,2011-08-03 12:50:00,2011-10-28 13:19:00,41,3,1842.14,0,At Risk
16103,27,111,6002.76,29.00,2639,33,2010-01-08 12:08:00,2011-12-02 14:16:00,6,27,6002.76,0,At Risk
16104,11,187,2511.21,10.42,1047,39,2009-12-06 10:41:00,2011-10-09 10:23:00,61,11,2511.21,0,At Risk
16105,5,92,2386.19,21.69,2125,0,2010-04-14 13:27:00,2011-04-05 10:13:00,248,5,2386.19,0,At Risk
16106,1,6,108.38,18.06,74,0,2011-10-05 10:37:00,2011-10-05 10:37:00,65,1,108.38,0,At Risk
16107,7,16,3204.16,103.36,1176,0,2011-06-09 18:42:00,2011-11-22 09:40:00,17,7,3204.16,0,At Risk
16108,8,124,2171.93,15.19,1473,27,2010-03-18 14:14:00,2011-09-16 11:51:00,84,8,2171.93,0,At Risk
16109,4,31,923.58,28.86,1092,2,2010-01-10 10:37:00,2011-05-05 09:17:00,218,4,923.58,0,At Risk
16110,4,343,1781.59,4.14,880,0,2010-07-05 13:04:00,2011-10-25 14:35:00,44,4,1781.59,0,At Risk
16111,1,72,549.33,7.53,233,0,2010-10-07 19:51:00,2010-10-07 19:51:00,427,1,549.33,0,At Risk
16112,4,15,195.74,12.23,574,0,2011-01-05 11:47:00,2011-07-19 14:28:00,142,4,195.74,0,At Risk
16113,1,30,161.38,5.38,176,0,2011-06-09 16:16:00,2011-06-09 16:16:00,182,1,161.38,0,At Risk
16114,1,8,135.75,16.97,43,0,2011-06-22 10:13:00,2011-06-22 10:13:00,170,1,135.75,0,At Risk
16115,12,230,2553.80,6.09,1589,0,2010-05-14 11:59:00,2011-11-30 11:32:00,9,12,2553.80,0,At Risk
16116,2,34,592.88,16.94,248,2,2011-05-12 12:01:00,2011-05-18 09:23:00,205,2,592.88,0,At Risk
16117,4,64,650.05,7.22,321,3,2010-04-27 11:50:00,2011-06-03 11:42:00,189,4,650.05,0,At Risk
16118,5,42,4255.43,90.54,2851,29,2010-02-25 09:40:00,2010-11-11 19:54:00,392,5,4255.43,0,At Risk
16119,8,37,1720.81,31.87,811,0,2009-12-16 11:56:00,2011-12-01 15:11:00,7,8,1720.81,0,At Risk
16120,7,84,2952.51,31.41,2161,12,2010-10-13 15:07:00,2011-10-11 14:22:00,58,7,2952.51,0,At Risk
16121,6,256,1430.14,4.15,879,2,2010-05-23 10:52:00,2011-10-13 12:59:00,56,6,1430.14,0,At Risk
16122,6,28,895.62,16.59,1280,0,2010-10-10 15:26:00,2011-09-27 15:34:00,72,6,895.62,0,At Risk
16123,1,16,307.78,19.24,170,0,2011-10-19 09:18:00,2011-10-19 09:18:00,51,1,307.78,0,At Risk
16124,6,63,1709.39,19.42,797,8,2009-12-07 10:33:00,2011-01-27 16:05:00,315,6,1709.39,0,At Risk
16125,14,168,4292.35,14.96,1819,0,2009-12-14 15:38:00,2010-12-07 15:48:00,366,14,4292.35,0,At Risk
16126,15,144,14644.60,38.44,6140,0,2009-12-02 13:34:00,2011-11-10 16:03:00,28,15,14644.60,0,At Risk
16127,2,75,801.31,10.68,391,0,2009-12-13 12:19:00,2011-10-31 13:58:00,38,2,801.31,0,At Risk
16128,14,158,3748.40,20.04,2445,26,2009-12-01 11:50:00,2011-11-22 11:14:00,17,14,3748.40,0,At Risk
16129,3,91,1396.05,14.54,1261,0,2010-07-20 12:32:00,2010-10-28 14:29:00,406,3,1396.05,0,At Risk
16130,4,53,987.48,17.95,296,0,2010-04-01 13:58:00,2010-10-13 15:14:00,421,4,987.48,0,At Risk
16131,15,131,9866.27,43.85,4768,15,2009-12-02 10:09:00,2011-10-19 11:53:00,51,15,9866.27,0,At Risk
16132,2,14,664.20,39.07,280,0,2010-03-22 10:25:00,2010-06-13 13:49:00,543,2,664.20,0,At Risk
16133,78,304,22228.88,38.13,13653,200,2010-03-31 12:21:00,2011-12-06 11:24:00,3,78,22228.88,0,At Risk
16134,7,85,2119.99,17.67,1637,15,2010-06-17 09:48:00,2011-11-18 10:05:00,21,7,2119.99,0,At Risk
16135,2,35,819.45,21.01,395,0,2010-05-05 09:35:00,2011-03-22 12:30:00,262,2,819.45,0,At Risk
16136,5,44,921.08,19.19,674,52,2010-02-14 12:49:00,2011-10-11 09:10:00,59,5,921.08,0,At Risk
16137,1,28,422.70,15.10,210,0,2010-01-28 15:04:00,2010-01-28 15:04:00,679,1,422.70,0,At Risk
16138,4,35,902.40,23.75,774,1,2010-04-28 09:51:00,2010-12-06 15:10:00,367,4,902.40,0,At Risk
16139,5,47,1111.15,19.49,602,0,2009-12-03 13:51:00,2011-11-21 08:37:00,18,5,1111.15,0,At Risk
16140,5,51,1412.05,21.39,1272,3,2010-09-24 12:03:00,2011-10-18 10:59:00,52,5,1412.05,0,At Risk
16141,2,47,955.94,19.12,410,0,2010-10-18 14:12:00,2011-09-12 13:11:00,87,2,955.94,0,At Risk
16142,1,37,535.34,14.47,422,0,2011-04-04 10:16:00,2011-04-04 10:16:00,249,1,535.34,0,At Risk
16143,16,108,4511.13,19.79,1866,17,2009-12-10 09:44:00,2011-12-06 14:13:00,2,16,4511.13,0,At Risk
16144,1,1,175.20,175.20,16,0,2011-04-07 10:09:00,2011-04-07 10:09:00,246,1,175.20,0,At Risk
16145,29,217,6693.60,16.01,5270,87,2010-05-04 13:31:00,2011-12-01 10:33:00,8,29,6693.60,0,At Risk
16146,4,34,946.38,23.08,544,0,2010-09-17 10:46:00,2011-07-05 14:20:00,156,4,946.38,0,At Risk
16147,7,113,2367.02,16.91,1395,73,2010-02-05 12:26:00,2011-07-29 09:57:00,133,7,2367.02,0,At Risk
16148,4,12,370.37,30.86,250,3,2009-12-17 19:06:00,2011-02-16 14:01:00,295,4,370.37,0,At Risk
16149,3,30,422.22,14.07,598,0,2010-10-06 15:54:00,2011-12-05 11:29:00,4,3,422.22,0,At Risk
16150,20,143,3761.27,14.99,1990,66,2009-12-01 14:02:00,2011-11-01 09:29:00,38,20,3761.27,0,At Risk
16151,1,1,-4217.59,-4217.59,0,1,2010-04-20 11:25:00,2010-04-20 11:25:00,598,1,-4217.59,0,At Risk
16152,1,29,1829.04,63.07,642,0,2011-03-16 09:47:00,2011-03-16 09:47:00,268,1,1829.04,0,At Risk
16153,13,162,5037.51,22.00,3693,37,2010-05-26 12:41:00,2011-10-21 10:50:00,49,13,5037.51,0,At Risk
16154,1,1,-10.50,-10.50,0,1,2010-01-26 16:23:00,2010-01-26 16:23:00,681,1,-10.50,0,At Risk
16155,6,45,781.05,15.62,495,13,2010-06-18 11:23:00,2010-11-23 12:03:00,381,6,781.05,0,At Risk
16156,26,200,5923.39,21.38,3205,197,2009-12-02 17:06:00,2011-12-01 12:42:00,8,26,5923.39,0,At Risk
16157,4,12,644.24,33.91,347,3,2011-09-28 11:48:00,2011-11-24 11:41:00,15,4,644.24,0,At Risk
16158,10,29,611.32,16.98,182,2,2009-12-05 15:00:00,2010-07-05 13:55:00,521,10,611.32,0,At Risk
16159,5,32,1230.29,23.21,635,2,2009-12-03 11:51:00,2011-03-03 12:27:00,281,5,1230.29,0,At Risk
16160,4,20,1009.45,45.88,1162,9,2011-09-15 10:53:00,2011-10-06 18:30:00,63,4,1009.45,0,At Risk
16161,57,459,12236.22,10.40,6255,114,2010-02-08 11:06:00,2011-12-08 12:10:00,1,57,12236.22,0,At Risk
16162,1,2,37.40,18.70,4,0,2011-04-01 15:03:00,2011-04-01 15:03:00,251,1,37.40,0,At Risk
16163,14,61,1822.03,22.78,676,127,2009-12-02 10:00:00,2011-04-28 19:43:00,224,14,1822.03,0,At Risk
16164,4,27,802.53,22.93,433,1,2011-10-28 09:12:00,2011-11-22 15:04:00,16,4,802.53,0,At Risk
16165,1,1,79.90,79.90,2,0,2010-07-22 14:17:00,2010-07-22 14:17:00,504,1,79.90,0,At Risk
16166,4,21,327.48,12.60,173,17,2010-01-17 14:16:00,2010-10-07 15:44:00,427,4,327.48,0,At Risk
16167,6,55,1149.87,16.20,1494,35,2009-12-01 10:46:00,2010-10-21 15:33:00,413,6,1149.87,0,At Risk
16168,73,137,10263.28,32.17,4975,20,2009-12-03 12:38:00,2011-11-29 12:45:00,10,73,10263.28,0,At Risk
16169,4,71,1822.97,21.45,1325,0,2011-09-25 11:33:00,2011-12-01 15:28:00,7,4,1822.97,0,At Risk
16170,25,254,6813.67,15.07,6056,25,2010-02-18 13:50:00,2011-10-20 08:21:00,50,25,6813.67,0,At Risk
16171,1,3,73.20,24.40,24,0,2011-10-11 14:51:00,2011-10-11 14:51:00,58,1,73.20,0,At Risk
16172,8,81,1884.55,16.68,1419,0,2010-07-14 15:34:00,2011-09-05 13:22:00,94,8,1884.55,0,At Risk
16173,7,70,1406.57,16.17,575,4,2011-09-02 15:23:00,2011-11-24 10:53:00,15,7,1406.57,0,At Risk
16174,7,28,2246.75,34.57,1431,0,2010-04-15 15:12:00,2011-08-05 13:26:00,125,7,2246.75,0,At Risk
16175,7,59,1836.44,18.74,932,0,2010-05-25 12:01:00,2011-09-06 14:32:00,93,7,1836.44,0,At Risk
16176,7,53,1964.04,24.25,952,39,2010-03-29 14:52:00,2010-10-14 13:54:00,420,7,1964.04,0,At Risk
16177,12,79,2141.61,16.73,1021,20,2010-03-02 14:03:00,2011-10-20 12:57:00,49,12,2141.61,0,At Risk
16178,2,24,612.60,24.50,304,0,2010-11-03 14:46:00,2011-07-24 16:05:00,137,2,612.60,0,At Risk
16179,1,11,215.83,19.62,99,0,2011-10-10 09:41:00,2011-10-10 09:41:00,60,1,215.83,0,At Risk
16180,16,173,16170.27,46.60,9813,28,2010-06-23 13:19:00,2011-08-31 16:28:00,99,16,16170.27,0,At Risk
16181,1,11,305.54,27.78,152,0,2011-09-27 13:38:00,2011-09-27 13:38:00,72,1,305.54,0,At Risk
16182,9,20,9971.65,195.52,5887,0,2010-03-09 09:34:00,2011-09-28 13:23:00,71,9,9971.65,0,At Risk
16183,4,32,1077.81,26.29,351,0,2010-10-28 14:43:00,2011-10-03 14:59:00,66,4,1077.81,0,At Risk
16184,7,26,1155.54,25.12,561,1,2011-05-12 13:33:00,2011-10-06 17:43:00,63,7,1155.54,0,At Risk
16185,3,39,644.72,16.12,321,0,2010-05-24 11:04:00,2011-11-23 09:41:00,16,3,644.72,0,At Risk
16186,30,172,8676.23,16.95,6594,28,2009-12-09 15:36:00,2011-11-17 12:43:00,22,30,8676.23,0,At Risk
16187,17,160,6841.24,23.03,5048,44,2011-02-28 13:34:00,2011-11-08 09:50:00,31,17,6841.24,0,At Risk
16188,6,72,1077.71,14.37,838,1,2010-10-27 11:50:00,2011-10-26 12:19:00,44,6,1077.71,0,At Risk
16189,2,9,215.48,19.59,134,0,2011-09-15 15:21:00,2011-11-24 11:47:00,15,2,215.48,0,At Risk
16190,8,89,2723.55,22.89,1231,0,2009-12-14 11:59:00,2011-10-30 15:59:00,39,8,2723.55,0,At Risk
16191,40,115,15151.92,59.42,9348,206,2009-12-11 12:24:00,2011-12-07 11:26:00,2,40,15151.92,0,At Risk
16192,1,11,351.30,31.94,208,0,2009-12-04 12:28:00,2009-12-04 12:28:00,735,1,351.30,0,At Risk
16193,2,38,630.43,16.59,379,0,2010-10-25 10:25:00,2011-04-17 11:45:00,236,2,630.43,0,At Risk
16194,1,8,308.60,38.58,140,0,2010-11-29 13:28:00,2010-11-29 13:28:00,374,1,308.60,0,At Risk
16195,1,16,323.25,20.20,123,0,2009-12-16 14:09:00,2009-12-16 14:09:00,722,1,323.25,0,At Risk
16196,1,4,93.30,23.33,26,0,2010-08-08 11:40:00,2010-08-08 11:40:00,488,1,93.30,0,At Risk
16197,9,52,2016.71,21.69,1420,0,2009-12-16 11:44:00,2010-08-27 12:56:00,468,9,2016.71,0,At Risk
16198,2,31,1030.04,31.21,384,0,2010-09-28 13:59:00,2011-09-25 14:58:00,74,2,1030.04,0,At Risk
16199,7,2,942.75,94.28,321,0,2010-03-18 18:47:00,2010-11-12 12:55:00,391,7,942.75,0,At Risk
16200,13,362,5594.60,9.11,3068,2,2009-12-02 15:04:00,2011-12-05 14:40:00,3,13,5594.60,0,At Risk
16201,6,86,2070.17,16.17,1421,19,2010-10-20 12:00:00,2011-12-06 16:02:00,2,6,2070.17,0,At Risk
16202,11,105,2467.04,19.58,1307,25,2009-12-02 10:48:00,2010-12-14 10:43:00,360,11,2467.04,0,At Risk
16203,7,56,940.09,14.03,537,1,2010-07-23 13:09:00,2011-10-12 12:31:00,58,7,940.09,0,At Risk
16204,4,86,913.71,8.96,671,4,2009-12-08 17:44:00,2011-11-16 13:40:00,22,4,913.71,0,At Risk
16205,7,147,1820.11,9.24,1452,0,2010-06-15 11:58:00,2011-11-09 09:32:00,30,7,1820.11,0,At Risk
16206,14,188,2584.92,10.73,1379,1,2009-12-14 13:50:00,2011-10-16 10:41:00,54,14,2584.92,0,At Risk
16207,1,19,394.38,20.76,140,0,2011-11-14 13:51:00,2011-11-14 13:51:00,24,1,394.38,0,At Risk
16208,10,180,3440.45,13.60,1541,0,2010-02-24 14:24:00,2011-10-26 11:36:00,44,10,3440.45,0,At Risk
16209,9,51,4146.78,61.89,1895,0,2010-06-11 11:58:00,2011-09-12 11:58:00,88,9,4146.78,0,At Risk
16210,37,146,33565.52,129.60,12397,31,2009-12-02 12:54:00,2011-12-08 12:36:00,1,37,33565.52,0,At Risk
16211,4,35,1086.34,29.36,519,1,2010-09-27 15:24:00,2011-09-19 16:23:00,80,4,1086.34,0,At Risk
16212,5,71,1284.56,16.06,571,3,2010-02-07 15:26:00,2011-11-20 13:00:00,18,5,1284.56,0,At Risk
16213,1,6,159.00,26.50,48,0,2011-09-22 10:03:00,2011-09-22 10:03:00,78,1,159.00,0,At Risk
16214,4,84,2038.25,20.80,1308,0,2010-09-30 13:57:00,2011-06-22 11:30:00,170,4,2038.25,0,At Risk
16215,1,14,242.35,17.31,104,0,2011-09-20 10:18:00,2011-09-20 10:18:00,80,1,242.35,0,At Risk
16216,1,37,914.93,24.73,254,0,2011-03-17 15:34:00,2011-03-17 15:34:00,266,1,914.93,0,At Risk
16217,4,14,259.39,13.65,91,15,2011-03-02 15:28:00,2011-04-18 13:31:00,234,4,259.39,0,At Risk
16218,19,82,3872.30,24.51,2799,45,2010-05-27 16:09:00,2011-11-10 09:59:00,29,19,3872.30,0,At Risk
16219,1,1,40.80,40.80,48,0,2010-07-27 11:44:00,2010-07-27 11:44:00,500,1,40.80,0,At Risk
16220,1,1,-10.17,-10.17,0,3,2009-12-11 13:36:00,2009-12-11 13:36:00,727,1,-10.17,0,At Risk
16221,10,177,2013.42,8.35,1449,2,2010-08-10 13:32:00,2011-11-03 11:43:00,36,10,2013.42,0,At Risk
16222,2,133,1272.05,8.77,463,0,2009-12-18 14:31:00,2011-01-25 13:38:00,317,2,1272.05,0,At Risk
16223,2,101,1087.05,8.84,643,0,2010-11-09 12:07:00,2010-11-30 11:50:00,374,2,1087.05,0,At Risk
16224,5,107,1616.54,13.94,1555,0,2010-11-17 13:14:00,2011-10-13 17:51:00,56,5,1616.54,0,At Risk
16225,18,189,2813.81,9.23,1281,6,2010-02-07 12:41:00,2011-10-26 08:30:00,44,18,2813.81,0,At Risk
16226,5,23,672.17,21.68,521,0,2010-10-22 11:19:00,2011-05-20 14:41:00,202,5,672.17,0,At Risk
16227,6,28,948.82,23.14,436,54,2010-06-22 13:28:00,2011-05-04 16:27:00,218,6,948.82,0,At Risk
16228,4,45,881.06,16.02,555,1,2010-11-04 18:54:00,2010-11-30 13:53:00,373,4,881.06,0,At Risk
16229,7,148,2835.36,15.75,1292,6,2010-01-22 12:27:00,2011-09-13 17:16:00,86,7,2835.36,0,At Risk
16230,2,32,542.03,15.49,365,0,2011-05-03 15:12:00,2011-06-03 10:06:00,189,2,542.03,0,At Risk
16231,4,69,1074.47,10.74,563,0,2010-04-21 12:06:00,2010-11-25 15:00:00,378,4,1074.47,0,At Risk
16232,10,60,2692.02,24.93,1849,13,2010-06-07 14:04:00,2011-11-07 11:12:00,32,10,2692.02,0,At Risk
16233,12,50,1671.31,21.16,677,12,2009-12-02 13:23:00,2011-09-29 17:27:00,70,12,1671.31,0,At Risk
16234,4,13,312.78,19.55,170,8,2010-05-27 10:39:00,2010-08-23 10:45:00,473,4,312.78,0,At Risk
16235,11,80,1990.61,16.32,788,8,2010-08-26 12:10:00,2011-10-30 10:56:00,40,11,1990.61,0,At Risk
16236,1,20,432.20,21.61,184,0,2011-09-22 14:10:00,2011-09-22 14:10:00,77,1,432.20,0,At Risk
16237,1,7,136.65,19.52,57,0,2010-09-28 17:02:00,2010-09-28 17:02:00,436,1,136.65,0,At Risk
16238,1,6,63.66,10.61,85,0,2010-10-13 12:36:00,2010-10-13 12:36:00,422,1,63.66,0,At Risk
16239,7,24,1450.90,39.21,692,10,2010-09-02 19:17:00,2011-10-14 08:29:00,56,7,1450.90,0,At Risk
16240,5,127,3693.81,26.01,1641,7,2011-09-23 13:44:00,2011-12-01 14:02:00,7,5,3693.81,0,At Risk
16241,16,500,3992.86,4.15,2258,0,2010-10-25 13:40:00,2011-11-30 11:08:00,9,16,3992.86,0,At Risk
16242,18,348,7370.50,10.84,3921,8,2010-03-15 16:02:00,2011-12-01 15:12:00,7,18,7370.50,0,At Risk
16243,2,49,409.10,8.02,110,0,2011-10-16 12:09:00,2011-11-06 12:32:00,33,2,409.10,0,At Risk
16244,2,88,1522.75,16.73,855,0,2010-12-02 11:41:00,2011-05-12 10:18:00,211,2,1522.75,0,At Risk
16245,5,80,1352.36,14.54,1014,6,2011-03-28 09:30:00,2011-11-16 10:14:00,23,5,1352.36,0,At Risk
16246,2,79,821.35,9.33,336,0,2010-02-08 12:32:00,2010-09-06 12:04:00,459,2,821.35,0,At Risk
16247,1,16,114.56,7.16,182,0,2011-06-22 14:23:00,2011-06-22 14:23:00,169,1,114.56,0,At Risk
16248,1,7,152.94,21.85,78,0,2011-10-09 11:32:00,2011-10-09 11:32:00,61,1,152.94,0,At Risk
16249,5,67,1800.07,26.09,950,0,2011-04-14 13:50:00,2011-10-18 10:07:00,52,5,1800.07,0,At Risk
16250,3,29,565.24,16.15,268,0,2010-11-18 10:43:00,2011-03-23 15:07:00,260,3,565.24,0,At Risk
16251,1,20,128.31,6.42,44,0,2010-07-15 14:55:00,2010-07-15 14:55:00,511,1,128.31,0,At Risk
16252,2,21,0.00,0.00,158,158,2010-11-22 11:57:00,2010-12-08 16:15:00,365,2,0.00,0,At Risk
16253,9,220,7238.96,24.21,6030,97,2009-12-08 17:24:00,2011-11-08 11:23:00,31,9,7238.96,0,At Risk
16254,3,65,967.44,13.07,543,0,2010-03-17 15:43:00,2010-11-26 13:22:00,377,3,967.44,0,At Risk
16255,19,231,4457.59,8.67,2876,35,2010-01-24 12:21:00,2011-11-23 12:40:00,16,19,4457.59,0,At Risk
16256,4,27,1609.57,53.65,1590,4,2010-04-21 10:34:00,2011-03-27 12:14:00,257,4,1609.57,0,At Risk
16257,1,2,46.95,23.48,2,0,2011-06-16 10:11:00,2011-06-16 10:11:00,176,1,46.95,0,At Risk
16258,16,254,11833.52,34.30,7200,20,2010-03-10 14:19:00,2011-10-25 13:30:00,44,16,11833.52,0,At Risk
16259,3,75,340.94,4.01,143,0,2010-04-13 16:57:00,2010-10-25 14:27:00,409,3,340.94,0,At Risk
16260,1,18,1035.45,57.53,311,0,2011-10-20 09:40:00,2011-10-20 09:40:00,50,1,1035.45,0,At Risk
16261,6,118,1041.16,6.39,454,0,2010-09-23 16:40:00,2011-11-22 17:23:00,16,6,1041.16,0,At Risk
16262,3,47,677.78,13.56,446,17,2010-01-28 16:43:00,2010-12-14 11:55:00,360,3,677.78,0,At Risk
16263,1,19,348.16,16.58,197,0,2010-10-12 14:52:00,2010-10-12 14:52:00,422,1,348.16,0,At Risk
16264,2,62,823.53,13.07,616,0,2010-09-19 16:14:00,2010-09-27 15:00:00,437,2,823.53,0,At Risk
16265,15,192,6893.62,20.28,3214,25,2010-10-28 15:18:00,2011-11-30 16:41:00,8,15,6893.62,0,At Risk
16266,14,73,1757.95,16.13,791,0,2010-02-04 16:21:00,2011-09-27 12:08:00,73,14,1757.95,0,At Risk
16267,1,7,186.66,26.67,198,0,2010-04-27 14:10:00,2010-04-27 14:10:00,590,1,186.66,0,At Risk
16268,2,45,667.65,14.84,533,0,2011-09-29 18:30:00,2011-09-29 18:30:00,70,2,667.65,0,At Risk
16269,2,53,714.59,13.23,579,2,2010-09-28 11:50:00,2010-10-07 16:17:00,427,2,714.59,0,At Risk
16270,1,54,1141.24,21.13,688,0,2010-12-21 14:26:00,2010-12-21 14:26:00,352,1,1141.24,0,At Risk
16271,11,176,3391.87,11.31,2359,1,2010-03-07 12:03:00,2011-12-07 12:45:00,2,11,3391.87,0,At Risk
16272,1,25,411.70,16.47,224,0,2011-08-15 10:53:00,2011-08-15 10:54:00,116,1,411.70,0,At Risk
16273,2,15,318.34,21.22,40,0,2010-02-21 16:02:00,2010-03-01 13:24:00,647,2,318.34,0,At Risk
16274,1,64,351.75,5.41,153,0,2010-12-01 15:35:00,2010-12-01 15:35:00,372,1,351.75,0,At Risk
16275,3,105,2151.11,19.38,1268,0,2010-03-08 14:41:00,2011-05-27 12:41:00,196,3,2151.11,0,At Risk
16276,3,20,2629.39,101.13,1467,0,2010-04-11 12:02:00,2011-06-16 09:34:00,176,3,2629.39,0,At Risk
16277,1,23,188.69,8.20,33,0,2009-12-06 11:27:00,2009-12-06 11:27:00,733,1,188.69,0,At Risk
16278,7,50,1056.59,17.61,342,15,2010-07-28 15:40:00,2011-11-16 16:09:00,22,7,1056.59,0,At Risk
16279,10,243,5685.38,16.24,3683,2,2010-04-22 14:09:00,2011-11-18 15:00:00,20,10,5685.38,0,At Risk
16280,1,16,238.05,14.88,101,0,2009-12-14 15:49:00,2009-12-14 15:49:00,724,1,238.05,0,At Risk
16281,4,27,3416.52,85.41,1570,2,2010-01-26 13:41:00,2011-09-28 14:57:00,71,4,3416.52,0,At Risk
16282,3,31,1307.58,39.62,790,0,2009-12-21 11:52:00,2011-01-04 11:42:00,339,3,1307.58,0,At Risk
16283,12,387,4257.87,7.18,2867,25,2010-02-28 13:50:00,2011-12-04 12:08:00,5,12,4257.87,0,At Risk
16284,3,108,1018.48,7.66,674,0,2010-11-11 13:27:00,2011-11-08 16:12:00,30,3,1018.48,0,At Risk
16285,1,31,176.90,5.71,60,0,2010-03-03 16:03:00,2010-03-03 16:03:00,645,1,176.90,0,At Risk
16286,4,17,263.65,13.88,101,14,2010-03-26 09:58:00,2010-08-19 14:48:00,476,4,263.65,0,At Risk
16287,5,18,1006.98,23.98,1426,0,2010-01-19 09:46:00,2011-06-23 09:08:00,169,5,1006.98,0,At Risk
16288,1,7,129.85,18.55,19,0,2010-08-26 14:45:00,2010-08-26 14:45:00,469,1,129.85,0,At Risk
16289,2,21,98.81,4.49,97,10,2010-09-03 14:02:00,2010-09-03 14:07:00,461,2,98.81,0,At Risk
16290,4,85,1957.70,15.79,957,0,2010-05-23 11:46:00,2010-09-01 11:52:00,464,4,1957.70,0,At Risk
16291,1,1,117.72,117.72,1,0,2010-01-26 16:26:00,2010-01-26 16:26:00,681,1,117.72,0,At Risk
16292,9,51,1171.46,17.48,688,8,2010-04-14 13:29:00,2011-08-14 14:30:00,116,9,1171.46,0,At Risk
16293,19,168,4253.45,18.49,1833,9,2009-12-11 09:58:00,2011-12-01 09:13:00,8,19,4253.45,0,At Risk
16294,1,8,126.05,15.76,54,0,2010-08-20 12:01:00,2010-08-20 12:01:00,476,1,126.05,0,At Risk
16295,4,70,1328.55,16.82,841,0,2011-10-06 10:45:00,2011-11-30 08:17:00,9,4,1328.55,0,At Risk
16296,6,57,1245.97,15.01,645,13,2009-12-18 12:03:00,2010-03-23 13:11:00,625,6,1245.97,0,At Risk
16297,4,21,275.40,11.97,206,26,2011-03-16 08:29:00,2011-05-11 11:15:00,212,4,275.40,0,At Risk
16298,9,32,1080.00,22.04,308,2,2010-09-23 15:23:00,2011-11-17 11:59:00,22,9,1080.00,0,At Risk
16299,2,12,178.65,13.74,107,4,2010-08-19 17:46:00,2010-08-24 11:02:00,472,2,178.65,0,At Risk
16300,3,190,1367.32,5.75,643,0,2010-02-02 11:40:00,2010-10-05 13:14:00,429,3,1367.32,0,At Risk
16301,1,6,107.33,17.89,41,0,2009-12-03 10:20:00,2009-12-03 10:20:00,736,1,107.33,0,At Risk
16302,2,11,212.82,17.74,158,24,2011-08-05 09:44:00,2011-08-24 09:25:00,107,2,212.82,0,At Risk
16303,9,156,7823.72,26.70,3859,43,2010-03-18 14:12:00,2011-11-14 10:49:00,25,9,7823.72,0,At Risk
16304,1,25,381.66,15.27,228,0,2010-01-14 08:30:00,2010-01-14 08:30:00,694,1,381.66,0,At Risk
16305,1,22,361.22,16.42,256,0,2011-07-24 12:18:00,2011-07-24 12:18:00,138,1,361.22,0,At Risk
16306,10,55,1094.72,15.64,712,16,2010-10-01 09:36:00,2011-05-10 12:12:00,213,10,1094.72,0,At Risk
16307,3,69,1194.92,15.93,1123,0,2010-05-11 14:40:00,2010-10-06 14:31:00,428,3,1194.92,0,At Risk
16308,7,1,5120.00,731.43,16000,0,2009-12-15 15:48:00,2011-11-02 11:24:00,37,7,5120.00,0,At Risk
16309,3,39,686.67,15.61,467,2,2011-04-13 11:46:00,2011-09-09 12:26:00,91,3,686.67,0,At Risk
16310,2,26,460.08,16.43,270,0,2010-03-07 15:41:00,2010-10-21 14:47:00,413,2,460.08,0,At Risk
16311,2,35,616.26,16.66,394,0,2011-10-21 13:13:00,2011-11-22 08:54:00,17,2,616.26,0,At Risk
16312,1,10,171.15,17.12,53,0,2010-10-03 14:15:00,2010-10-03 14:15:00,431,1,171.15,0,At Risk
16313,2,16,274.15,17.13,165,0,2011-10-21 09:04:00,2011-12-06 13:02:00,2,2,274.15,0,At Risk
16314,3,58,1491.40,24.05,636,0,2010-08-24 11:52:00,2010-11-15 12:06:00,389,3,1491.40,0,At Risk
16315,2,21,402.71,17.51,143,0,2010-06-21 13:53:00,2011-01-13 11:57:00,330,2,402.71,0,At Risk
16316,19,193,5533.31,18.20,3057,23,2010-08-03 14:38:00,2011-10-06 13:48:00,63,19,5533.31,0,At Risk
16317,6,103,2179.76,18.47,1236,1,2010-05-04 10:17:00,2011-08-12 12:46:00,119,6,2179.76,0,At Risk
16318,1,19,328.15,17.27,199,0,2011-11-04 13:05:00,2011-11-04 13:05:00,34,1,328.15,0,At Risk
16319,1,3,404.40,134.80,72,0,2011-05-06 11:27:00,2011-05-06 11:27:00,217,1,404.40,0,At Risk
16320,8,194,4428.85,18.23,3319,13,2010-01-27 13:29:00,2011-06-20 15:25:00,171,8,4428.85,0,At Risk
16321,10,15,265.50,7.38,259,157,2009-12-01 10:33:00,2011-09-28 14:55:00,71,10,265.50,0,At Risk
16322,2,28,326.75,8.83,231,0,2011-11-03 14:33:00,2011-12-08 15:41:00,0,2,326.75,0,At Risk
16323,2,4,353.66,88.42,146,0,2010-05-11 09:48:00,2011-05-27 14:48:00,195,2,353.66,0,At Risk
16324,3,100,408.59,3.68,270,0,2011-06-15 14:26:00,2011-08-03 12:58:00,127,3,408.59,0,At Risk
16325,17,105,3463.84,23.89,2464,47,2009-12-04 13:21:00,2011-10-26 16:29:00,43,17,3463.84,0,At Risk
16326,26,243,4601.25,9.81,1083,21,2010-01-28 13:23:00,2011-12-04 10:11:00,5,26,4601.25,0,At Risk
16327,20,289,10133.82,11.46,8124,13,2009-12-14 13:06:00,2011-11-25 13:23:00,13,20,10133.82,0,At Risk
16328,1,16,310.83,19.43,141,0,2010-05-25 14:02:00,2010-05-25 14:02:00,562,1,310.83,0,At Risk
16329,4,83,1664.92,16.01,797,0,2009-12-01 11:34:00,2010-10-08 12:44:00,427,4,1664.92,0,At Risk
16330,8,105,615.68,5.17,326,2,2010-02-15 12:36:00,2011-11-22 12:24:00,17,8,615.68,0,At Risk
16331,6,33,2037.70,59.93,756,0,2010-03-07 10:55:00,2010-10-03 13:47:00,431,6,2037.70,0,At Risk
16332,13,158,1979.57,9.95,1128,44,2010-04-29 13:41:00,2011-11-11 14:22:00,27,13,1979.57,0,At Risk
16333,22,9,26626.80,591.71,32184,0,2011-02-03 10:50:00,2011-12-02 12:19:00,7,22,26626.80,0,At Risk
16334,1,54,263.73,4.88,206,0,2010-08-04 16:38:00,2010-08-04 16:38:00,491,1,263.73,0,At Risk
16335,8,193,2726.52,7.53,1004,4,2009-12-04 10:18:00,2010-06-06 11:35:00,551,8,2726.52,0,At Risk
16336,4,64,3517.69,51.73,1473,0,2010-03-18 08:05:00,2010-10-15 12:32:00,420,4,3517.69,0,At Risk
16337,1,10,151.05,15.11,87,0,2011-11-03 10:03:00,2011-11-03 10:03:00,36,1,151.05,0,At Risk
16338,1,11,214.80,19.53,94,0,2011-07-05 13:56:00,2011-07-05 13:56:00,156,1,214.80,0,At Risk
16339,1,17,94.05,5.23,21,0,2011-02-28 13:41:00,2011-02-28 13:41:00,283,1,94.05,0,At Risk
16340,3,277,1496.24,4.19,1319,0,2010-06-06 13:26:00,2011-08-24 14:53:00,106,3,1496.24,0,At Risk
16341,10,103,3832.29,22.68,3022,16,2010-04-09 10:30:00,2011-11-15 09:12:00,24,10,3832.29,0,At Risk
16342,4,10,322.41,21.49,157,0,2011-06-13 10:10:00,2011-09-25 14:36:00,74,4,322.41,0,At Risk
16343,3,54,614.12,7.87,345,0,2010-10-28 14:15:00,2011-11-23 17:45:00,15,3,614.12,0,At Risk
16344,4,43,842.42,18.31,706,0,2010-02-09 12:16:00,2011-07-04 15:50:00,157,4,842.42,0,At Risk
16345,2,95,1178.79,10.91,611,0,2010-08-13 17:13:00,2011-10-26 16:03:00,43,2,1178.79,0,At Risk
16346,1,15,224.51,14.97,289,0,2010-11-19 15:55:00,2010-11-19 15:55:00,384,1,224.51,0,At Risk
16347,13,210,3415.56,9.90,1715,6,2010-03-12 12:41:00,2011-11-28 13:14:00,10,13,3415.56,0,At Risk
16348,8,180,1744.42,6.89,1164,0,2010-10-05 13:57:00,2011-11-07 15:44:00,31,8,1744.42,0,At Risk
16349,1,9,53.50,5.94,9,0,2011-02-22 12:40:00,2011-02-22 12:40:00,290,1,53.50,0,At Risk
16350,12,72,2222.49,17.50,1077,5,2010-10-07 16:33:00,2011-11-18 15:53:00,20,12,2222.49,0,At Risk
16351,18,124,3279.13,16.56,2165,44,2009-12-04 16:12:00,2011-01-11 10:26:00,332,18,3279.13,0,At Risk
16352,2,28,494.44,17.66,300,0,2011-11-02 08:44:00,2011-11-22 10:32:00,17,2,494.44,0,At Risk
16353,41,78,9781.93,55.58,3483,5,2009-12-07 13:55:00,2011-12-06 12:23:00,3,41,9781.93,0,At Risk
16354,5,116,1119.46,8.00,592,0,2010-04-27 13:33:00,2011-10-07 14:28:00,62,5,1119.46,0,At Risk
16355,2,47,349.20,6.98,179,34,2010-11-29 14:21:00,2010-11-30 15:08:00,373,2,349.20,0,At Risk
16356,7,27,414.42,6.91,190,1,2010-06-06 11:26:00,2011-05-26 11:51:00,197,7,414.42,0,At Risk
16357,4,43,868.37,18.48,389,0,2010-11-23 18:52:00,2011-11-06 16:04:00,32,4,868.37,0,At Risk
16358,6,118,2917.10,18.82,2065,1,2010-11-10 11:36:00,2011-12-08 15:09:00,0,6,2917.10,0,At Risk
16359,20,78,2379.40,18.30,1764,33,2010-02-16 10:39:00,2011-12-02 17:04:00,6,20,2379.40,0,At Risk
16360,8,365,3349.57,5.19,2110,16,2011-09-12 13:50:00,2011-12-05 12:16:00,4,8,3349.57,0,At Risk
16361,4,87,891.21,8.57,418,0,2011-09-29 13:13:00,2011-11-30 12:32:00,9,4,891.21,0,At Risk
16362,11,67,816.96,8.17,467,32,2010-09-28 09:24:00,2011-11-07 13:01:00,31,11,816.96,0,At Risk
16363,1,5,109.36,21.87,52,0,2011-10-17 14:14:00,2011-10-17 14:14:00,52,1,109.36,0,At Risk
16364,2,48,705.79,13.57,279,0,2011-07-25 14:35:00,2011-11-28 11:27:00,11,2,705.79,0,At Risk
16365,16,97,3156.94,25.26,1034,16,2009-12-11 12:41:00,2011-11-22 11:24:00,17,16,3156.94,0,At Risk
16366,4,74,1548.13,19.85,882,0,2009-12-16 10:39:00,2011-11-21 08:19:00,18,4,1548.13,0,At Risk
16367,3,196,1350.48,6.06,1103,0,2010-11-21 13:23:00,2011-11-02 13:13:00,36,3,1350.48,0,At Risk
16368,3,74,621.44,6.90,307,0,2010-09-30 11:30:00,2011-12-07 13:12:00,1,3,621.44,0,At Risk
16369,7,115,2656.56,15.72,1589,0,2010-04-07 16:52:00,2011-11-21 16:25:00,17,7,2656.56,0,At Risk
16370,4,143,1301.91,5.89,640,0,2011-04-28 16:40:00,2011-09-18 15:55:00,81,4,1301.91,0,At Risk
16371,1,11,157.20,14.29,108,0,2010-09-17 12:09:00,2010-09-17 12:09:00,448,1,157.20,0,At Risk
16372,6,271,1260.31,3.99,722,24,2010-04-11 15:20:00,2011-11-06 13:08:00,32,6,1260.31,0,At Risk
16373,2,25,309.49,10.67,119,0,2010-10-24 13:10:00,2010-11-22 15:50:00,381,2,309.49,0,At Risk
16374,5,276,1723.40,4.98,771,0,2010-04-30 13:10:00,2011-10-04 15:21:00,65,5,1723.40,0,At Risk
16375,2,11,104.00,8.00,74,0,2010-08-26 14:12:00,2010-08-26 14:25:00,469,2,104.00,0,At Risk
16376,3,104,965.47,7.72,691,5,2011-11-22 16:47:00,2011-12-01 11:38:00,8,3,965.47,0,At Risk
16377,2,6,1308.48,130.85,2928,0,2010-04-01 10:36:00,2011-03-17 15:41:00,266,2,1308.48,0,At Risk
16378,3,22,362.95,15.78,267,0,2011-02-02 12:42:00,2011-04-06 15:07:00,246,3,362.95,0,At Risk
16379,5,87,2131.90,19.56,1410,2,2011-09-22 09:33:00,2011-12-05 15:38:00,3,5,2131.90,0,At Risk
16380,1,28,1743.15,56.23,1428,0,2011-10-09 15:40:00,2011-10-09 15:40:00,60,1,1743.15,0,At Risk
16381,2,60,247.85,4.06,108,0,2010-10-17 13:06:00,2010-11-09 09:56:00,395,2,247.85,0,At Risk
16382,2,42,353.10,8.03,167,0,2010-06-07 12:42:00,2010-10-27 16:23:00,407,2,353.10,0,At Risk
16383,9,239,2832.69,6.99,1596,8,2010-02-04 13:18:00,2011-09-26 12:45:00,74,9,2832.69,0,At Risk
16384,4,80,1358.95,16.78,861,0,2010-04-28 14:01:00,2011-09-11 11:19:00,89,4,1358.95,0,At Risk
16385,5,94,881.35,7.73,476,0,2010-03-18 12:45:00,2011-10-10 13:12:00,59,5,881.35,0,At Risk
16386,3,127,1068.16,7.68,700,0,2010-11-17 11:19:00,2011-11-11 12:28:00,28,3,1068.16,0,At Risk
16387,5,68,882.46,10.14,448,0,2010-03-11 12:22:00,2011-01-21 11:34:00,322,5,882.46,0,At Risk
16388,1,13,186.05,14.31,83,0,2010-02-24 10:20:00,2010-02-24 10:20:00,653,1,186.05,0,At Risk
16389,5,33,1362.27,38.92,1242,12,2011-03-01 15:47:00,2011-10-17 14:41:00,52,5,1362.27,0,At Risk
16390,3,16,467.50,22.26,122,0,2010-01-29 15:25:00,2010-06-21 10:11:00,536,3,467.50,0,At Risk
16391,4,261,1052.26,3.46,715,0,2010-05-27 11:27:00,2010-11-04 12:27:00,400,4,1052.26,0,At Risk
16392,3,125,756.70,5.25,604,0,2010-05-27 11:17:00,2011-03-15 12:11:00,269,3,756.70,0,At Risk
16393,30,313,5192.61,6.70,3001,47,2009-12-01 12:13:00,2011-12-07 12:51:00,1,30,5192.61,0,At Risk
16394,9,61,1412.06,14.12,2604,287,2011-02-23 10:58:00,2011-10-20 19:16:00,49,9,1412.06,0,At Risk
16395,17,419,3439.51,5.37,2901,20,2009-12-06 12:23:00,2011-10-10 12:50:00,60,17,3439.51,0,At Risk
16396,3,8,102.70,8.56,80,34,2010-08-20 14:17:00,2010-08-23 15:51:00,472,3,102.70,0,At Risk
16397,1,9,123.13,13.68,43,0,2010-03-21 15:36:00,2010-03-21 15:36:00,627,1,123.13,0,At Risk
16398,4,75,1631.15,18.97,758,13,2011-03-31 09:38:00,2011-07-18 10:14:00,144,4,1631.15,0,At Risk
16399,3,97,630.22,5.73,452,0,2010-11-15 15:03:00,2011-11-20 16:12:00,18,3,630.22,0,At Risk
16400,9,214,3059.85,11.46,2066,0,2009-12-08 12:38:00,2011-09-06 12:27:00,94,9,3059.85,0,At Risk
16401,39,110,6628.99,17.13,6035,125,2010-06-02 13:13:00,2011-12-08 18:15:00,0,39,6628.99,0,At Risk
16402,2,55,293.45,5.15,146,0,2010-12-05 13:42:00,2011-03-20 12:25:00,264,2,293.45,0,At Risk
16403,2,10,161.05,10.74,114,11,2011-01-31 13:39:00,2011-02-10 16:40:00,301,2,161.05,0,At Risk
16404,2,24,430.30,17.93,157,1,2009-12-07 12:32:00,2011-09-30 14:55:00,69,2,430.30,0,At Risk
16405,2,3,167.25,33.45,187,0,2011-02-02 17:08:00,2011-02-10 15:24:00,301,2,167.25,0,At Risk
16406,4,136,509.66,3.40,257,22,2010-02-24 11:51:00,2011-11-21 11:57:00,18,4,509.66,0,At Risk
16407,14,120,2761.65,12.27,1448,0,2010-10-03 13:56:00,2011-11-27 11:05:00,12,14,2761.65,0,At Risk
16408,1,45,231.93,5.15,227,0,2010-04-27 14:08:00,2010-04-27 14:08:00,590,1,231.93,0,At Risk
16409,12,335,5652.74,7.29,3664,0,2009-12-13 15:38:00,2011-11-03 16:45:00,35,12,5652.74,0,At Risk
16410,1,5,130.32,26.06,348,0,2009-12-05 14:51:00,2009-12-05 14:51:00,733,1,130.32,0,At Risk
16411,4,139,756.39,4.18,461,0,2010-10-07 15:09:00,2011-11-20 13:23:00,18,4,756.39,0,At Risk
16412,5,84,593.19,4.86,288,0,2010-02-04 13:46:00,2011-10-17 12:35:00,53,5,593.19,0,At Risk
16413,2,55,522.03,7.68,283,0,2010-11-29 12:49:00,2011-10-14 12:08:00,56,2,522.03,0,At Risk
16414,5,58,551.21,8.75,201,0,2010-01-14 10:21:00,2011-11-18 09:42:00,21,5,551.21,0,At Risk
16415,3,120,696.76,4.81,508,0,2010-02-01 12:30:00,2011-10-26 13:35:00,43,3,696.76,0,At Risk
16416,10,147,2933.47,15.60,2198,17,2010-02-23 12:00:00,2011-11-13 12:50:00,26,10,2933.47,0,At Risk
16417,1,1,35.70,35.70,6,0,2010-08-04 09:08:00,2010-08-04 09:08:00,492,1,35.70,0,At Risk
16418,5,121,1028.74,6.59,564,0,2010-10-13 12:31:00,2011-10-26 12:39:00,44,5,1028.74,0,At Risk
16419,9,62,1450.95,15.94,701,1,2010-02-09 13:26:00,2011-08-19 12:33:00,112,9,1450.95,0,At Risk
16420,1,2,75.00,37.50,120,0,2010-11-08 15:15:00,2010-11-08 15:15:00,395,1,75.00,0,At Risk
16421,3,35,526.27,13.85,123,0,2010-08-27 12:02:00,2010-11-28 13:31:00,375,3,526.27,0,At Risk
16422,146,114,59379.94,79.49,64225,3285,2009-12-01 13:52:00,2011-11-22 14:00:00,16,146,59379.94,1,Potential Loyal
16423,1,18,346.12,19.23,230,0,2011-11-15 09:21:00,2011-11-15 09:21:00,24,1,346.12,0,At Risk
16424,3,10,392.06,28.00,212,6,2010-11-22 11:24:00,2011-06-01 13:40:00,190,3,392.06,0,At Risk
16425,1,21,302.70,14.41,199,0,2011-02-10 14:30:00,2011-02-10 14:30:00,301,1,302.70,0,At Risk
16426,10,211,1863.76,5.28,1215,0,2011-03-08 15:45:00,2011-12-07 14:01:00,1,10,1863.76,0,At Risk
16427,2,8,241.06,26.78,156,0,2011-02-28 15:18:00,2011-03-21 17:10:00,262,2,241.06,0,At Risk
16428,4,122,635.54,4.97,575,1,2010-07-30 12:10:00,2011-09-19 16:31:00,80,4,635.54,0,At Risk
16429,1,2,284.55,142.28,9,0,2011-08-25 13:54:00,2011-08-25 13:54:00,105,1,284.55,0,At Risk
16430,7,19,1117.94,39.93,307,0,2010-01-27 12:45:00,2011-10-13 14:47:00,56,7,1117.94,0,At Risk
16431,3,51,623.28,8.20,442,0,2011-02-15 14:02:00,2011-05-10 14:09:00,212,3,623.28,0,At Risk
16432,1,8,287.40,35.93,276,0,2011-10-06 13:59:00,2011-10-06 13:59:00,63,1,287.40,0,At Risk
16433,2,33,384.52,11.31,214,0,2010-10-27 12:26:00,2011-11-11 14:09:00,27,2,384.52,0,At Risk
16434,13,126,2658.99,14.69,1310,7,2010-01-17 14:51:00,2011-11-10 14:28:00,28,13,2658.99,0,At Risk
16435,3,119,1003.07,8.02,608,0,2010-07-13 13:29:00,2010-07-15 18:22:00,511,3,1003.07,0,At Risk
16436,4,39,231.84,5.52,227,22,2009-12-06 16:02:00,2010-02-09 13:19:00,667,4,231.84,0,At Risk
16437,2,17,301.25,14.35,197,0,2010-10-06 12:34:00,2010-11-23 16:59:00,380,2,301.25,0,At Risk
16438,5,74,798.35,6.05,463,0,2011-09-18 13:31:00,2011-12-04 10:51:00,5,5,798.35,0,At Risk
16439,1,9,310.70,34.52,74,0,2009-12-17 14:22:00,2009-12-17 14:22:00,721,1,310.70,0,At Risk
16440,6,202,3856.97,12.56,2108,0,2010-08-03 11:32:00,2011-12-02 12:02:00,7,6,3856.97,0,At Risk
16441,6,68,1008.18,11.72,478,1,2010-03-22 18:00:00,2011-10-03 17:48:00,66,6,1008.18,0,At Risk
16442,5,226,891.98,3.61,580,0,2009-12-13 11:05:00,2011-12-08 11:43:00,1,5,891.98,0,At Risk
16443,1,1,162.24,162.24,96,0,2010-07-07 11:57:00,2010-07-07 11:57:00,520,1,162.24,0,At Risk
16444,20,218,3551.68,9.47,1945,12,2010-03-24 14:06:00,2011-10-24 13:50:00,45,20,3551.68,0,At Risk
16445,4,143,583.16,3.24,287,0,2010-10-24 12:39:00,2011-11-06 12:32:00,33,4,583.16,0,At Risk
16446,4,4,-6.10,-1.22,80997,80997,2010-10-04 16:38:00,2011-12-09 09:27:00,0,4,-6.10,0,At Risk
16447,3,59,727.10,10.69,315,0,2010-02-17 14:09:00,2011-07-27 12:45:00,135,3,727.10,0,At Risk
16448,2,45,361.12,7.22,176,0,2010-08-25 16:58:00,2011-05-25 16:28:00,197,2,361.12,0,At Risk
16449,3,40,674.69,15.69,367,8,2011-03-04 12:15:00,2011-06-02 11:07:00,190,3,674.69,0,At Risk
16450,4,37,1475.73,33.54,681,24,2009-12-10 19:05:00,2011-07-13 11:47:00,149,4,1475.73,0,At Risk
16451,4,61,1009.40,15.29,524,3,2009-12-04 15:11:00,2011-09-13 09:17:00,87,4,1009.40,0,At Risk
16452,2,14,332.17,18.45,199,0,2010-01-15 12:22:00,2010-03-19 12:39:00,630,2,332.17,0,At Risk
16453,2,15,251.71,16.78,139,0,2010-06-09 13:15:00,2010-06-27 12:46:00,530,2,251.71,0,At Risk
16454,8,5,1.90,0.24,9,4,2010-02-02 16:18:00,2011-10-26 11:40:00,44,8,1.90,0,At Risk
16455,13,111,3917.92,18.84,2851,43,2010-03-30 10:31:00,2011-10-07 12:17:00,63,13,3917.92,0,At Risk
16456,14,227,5323.44,13.58,3296,1,2010-03-29 11:16:00,2011-09-01 13:50:00,98,14,5323.44,0,At Risk
16457,1,9,208.36,23.15,140,0,2011-05-05 13:19:00,2011-05-05 13:19:00,217,1,208.36,0,At Risk
16458,30,91,5690.89,14.94,3395,0,2010-05-26 14:38:00,2011-12-07 09:34:00,2,30,5690.89,0,At Risk
16459,1,5,71.79,14.36,59,0,2009-12-10 12:42:00,2009-12-10 12:42:00,729,1,71.79,0,At Risk
16460,3,128,811.23,6.15,876,0,2011-09-19 10:15:00,2011-11-11 13:46:00,27,3,811.23,0,At Risk
16461,3,223,1545.83,6.13,933,0,2010-03-03 13:57:00,2011-06-15 12:07:00,177,3,1545.83,0,At Risk
16462,4,1,102.00,25.50,16,4,2011-03-01 08:58:00,2011-10-06 18:16:00,63,4,102.00,0,At Risk
16463,7,74,1383.70,16.28,1163,28,2011-05-19 14:45:00,2011-11-18 14:01:00,20,7,1383.70,0,At Risk
16464,3,152,1298.66,5.65,952,0,2011-07-20 13:53:00,2011-11-20 12:11:00,19,3,1298.66,0,At Risk
16465,3,45,726.34,14.82,504,2,2010-09-21 10:46:00,2010-10-22 09:22:00,413,3,726.34,0,At Risk
16466,16,207,3642.09,10.81,1777,1,2010-03-07 14:31:00,2011-11-06 11:35:00,33,16,3642.09,0,At Risk
16467,8,14,2862.40,114.50,7384,4,2009-12-02 11:59:00,2010-07-19 11:49:00,508,8,2862.40,0,At Risk
16468,3,38,787.52,17.50,371,0,2010-08-15 13:10:00,2011-09-26 14:13:00,73,3,787.52,0,At Risk
16469,5,167,803.90,4.14,332,0,2010-07-13 13:17:00,2011-11-16 12:25:00,23,5,803.90,0,At Risk
16470,12,286,2411.90,5.14,1335,1,2009-12-11 12:21:00,2011-10-19 12:11:00,51,12,2411.90,0,At Risk
16471,6,48,1186.18,18.53,670,4,2010-02-25 10:07:00,2011-03-10 09:41:00,274,6,1186.18,0,At Risk
16472,2,39,789.60,20.25,252,0,2010-04-21 11:48:00,2010-10-01 13:56:00,433,2,789.60,0,At Risk
16473,5,26,469.58,16.19,296,1,2010-11-30 16:29:00,2011-06-28 09:10:00,164,5,469.58,0,At Risk
16474,11,237,1750.62,5.07,909,25,2011-07-17 14:51:00,2011-12-02 13:02:00,6,11,1750.62,0,At Risk
16475,4,23,544.30,19.44,319,0,2011-03-11 09:39:00,2011-09-12 14:37:00,87,4,544.30,0,At Risk
16476,3,24,337.00,12.96,187,5,2010-10-04 10:29:00,2010-10-18 13:51:00,416,3,337.00,0,At Risk
16477,11,177,4094.37,16.64,2507,0,2010-08-12 09:43:00,2011-10-07 09:44:00,63,11,4094.37,0,At Risk
16478,3,15,331.00,19.47,224,0,2011-10-05 12:02:00,2011-11-14 15:51:00,24,3,331.00,0,At Risk
16479,2,35,300.83,8.60,102,0,2011-11-29 13:04:00,2011-11-29 13:40:00,9,2,300.83,0,At Risk
16480,1,51,769.29,14.51,455,0,2011-09-25 11:40:00,2011-09-25 11:40:00,75,1,769.29,0,At Risk
16481,3,17,428.23,21.41,201,16,2010-01-26 13:09:00,2010-02-18 11:14:00,659,3,428.23,0,At Risk
16482,1,18,220.62,12.26,346,0,2011-11-24 12:33:00,2011-11-24 12:33:00,15,1,220.62,0,At Risk
16483,1,19,139.35,7.33,44,0,2011-05-31 13:08:00,2011-05-31 13:08:00,191,1,139.35,0,At Risk
16484,3,25,379.40,14.59,200,6,2011-06-02 10:39:00,2011-06-19 12:06:00,173,3,379.40,0,At Risk
16485,7,128,2130.19,13.83,1153,27,2009-12-06 12:28:00,2011-09-23 15:50:00,76,7,2130.19,0,At Risk
16486,1,7,134.36,19.19,24,0,2010-06-20 12:16:00,2010-06-20 12:16:00,537,1,134.36,0,At Risk
16487,2,28,209.40,5.98,163,0,2010-02-18 17:36:00,2010-05-11 13:38:00,576,2,209.40,0,At Risk
16488,4,28,492.20,15.88,728,4,2011-07-14 11:46:00,2011-11-06 13:42:00,32,4,492.20,0,At Risk
16489,2,4,303.70,50.62,38,0,2010-09-29 15:02:00,2010-11-24 14:40:00,379,2,303.70,0,At Risk
16490,2,13,179.16,11.20,113,7,2010-09-29 16:30:00,2010-10-05 19:52:00,429,2,179.16,0,At Risk
16491,3,86,1524.31,17.32,1060,3,2010-10-22 15:42:00,2011-10-24 10:18:00,46,3,1524.31,0,At Risk
16492,1,23,385.56,16.76,235,0,2010-06-17 08:20:00,2010-06-17 08:20:00,540,1,385.56,0,At Risk
16493,9,77,2110.12,18.04,1988,51,2010-03-26 13:05:00,2011-09-28 11:13:00,72,9,2110.12,0,At Risk
16494,1,47,826.53,16.53,675,0,2011-02-16 12:49:00,2011-02-16 12:49:00,296,1,826.53,0,At Risk
16495,3,78,648.26,7.37,328,0,2011-03-08 16:38:00,2011-12-06 13:20:00,2,3,648.26,0,At Risk
16496,7,120,2293.47,16.38,1764,20,2010-07-18 13:42:00,2011-12-01 10:31:00,8,7,2293.47,0,At Risk
16497,23,239,6695.28,19.87,3050,0,2009-12-03 14:11:00,2011-10-21 10:55:00,49,23,6695.28,0,At Risk
16498,3,15,86.12,5.38,45,3,2011-06-30 19:52:00,2011-07-01 15:07:00,160,3,86.12,0,At Risk
16499,13,104,2509.64,16.73,1364,10,2010-06-11 12:22:00,2010-12-14 15:20:00,359,13,2509.64,0,At Risk
16500,10,24,835.96,23.88,386,1,2010-06-14 14:54:00,2011-12-05 12:04:00,4,10,835.96,0,At Risk
16501,1,181,1191.23,5.99,628,0,2010-11-21 14:10:00,2010-11-21 14:10:00,382,1,1191.23,0,At Risk
16502,2,41,258.55,6.31,220,0,2010-03-29 13:39:00,2010-03-29 13:44:00,619,2,258.55,0,At Risk
16503,13,161,3597.89,16.66,1535,3,2010-06-21 14:07:00,2011-08-25 11:46:00,106,13,3597.89,0,At Risk
16504,1,76,465.88,5.61,510,0,2011-11-14 15:18:00,2011-11-14 15:18:00,24,1,465.88,0,At Risk
16505,1,4,777.60,194.40,576,0,2011-11-08 12:14:00,2011-11-08 12:14:00,31,1,777.60,0,At Risk
16506,2,3,90.30,30.10,42,0,2011-10-30 15:50:00,2011-11-20 12:17:00,19,2,90.30,0,At Risk
16507,1,37,142.71,3.76,111,0,2010-05-16 12:56:00,2010-05-16 12:56:00,571,1,142.71,0,At Risk
16508,1,42,240.95,5.60,103,0,2010-03-19 13:41:00,2010-03-19 13:41:00,629,1,240.95,0,At Risk
16509,1,13,363.70,27.98,64,0,2011-02-16 09:25:00,2011-02-16 09:25:00,296,1,363.70,0,At Risk
16510,6,94,1777.50,15.87,930,0,2010-01-17 12:30:00,2010-12-02 13:39:00,371,6,1777.50,0,At Risk
16511,6,235,1760.49,5.79,769,0,2010-03-01 12:21:00,2011-11-18 10:41:00,21,6,1760.49,0,At Risk
16512,1,1,-33.90,-33.90,0,2,2009-12-11 14:31:00,2009-12-11 14:31:00,727,1,-33.90,0,At Risk
16513,4,33,874.59,24.99,407,0,2011-10-27 14:56:00,2011-12-05 10:18:00,4,4,874.59,0,At Risk
16514,1,1,-134.86,-134.86,0,1,2010-03-19 13:48:00,2010-03-19 13:48:00,629,1,-134.86,0,At Risk
16515,10,184,3179.06,13.47,1573,0,2010-06-17 12:17:00,2011-10-18 13:10:00,51,10,3179.06,0,At Risk
16516,1,6,101.70,16.95,58,0,2011-11-09 14:59:00,2011-11-09 14:59:00,29,1,101.70,0,At Risk
16517,1,17,162.70,9.57,96,0,2011-03-07 13:50:00,2011-03-07 13:50:00,276,1,162.70,0,At Risk
16518,6,61,938.27,13.22,524,8,2010-06-01 13:31:00,2011-10-09 15:04:00,60,6,938.27,0,At Risk
16519,4,32,439.06,12.20,150,0,2010-03-01 13:51:00,2011-11-14 15:41:00,24,4,439.06,0,At Risk
16520,8,252,2131.68,6.02,1045,2,2010-03-02 16:40:00,2011-06-06 13:24:00,185,8,2131.68,0,At Risk
16521,3,212,1140.11,4.81,1014,0,2010-03-01 13:22:00,2010-10-20 13:09:00,414,3,1140.11,0,At Risk
16522,2,16,433.36,24.08,212,0,2010-09-15 13:32:00,2010-09-30 10:54:00,435,2,433.36,0,At Risk
16523,39,181,11760.54,30.63,4979,37,2009-12-08 14:29:00,2011-12-08 09:06:00,1,39,11760.54,0,At Risk
16524,2,50,306.19,5.78,259,0,2010-01-17 13:16:00,2010-09-19 13:37:00,445,2,306.19,0,At Risk
16525,54,115,22919.40,61.28,14430,938,2009-12-02 13:53:00,2011-12-07 15:07:00,1,54,22919.40,0,At Risk
16526,2,30,717.21,20.49,279,0,2010-05-04 16:34:00,2011-06-21 12:02:00,171,2,717.21,0,At Risk
16527,2,66,1232.94,16.89,708,0,2010-10-11 13:25:00,2011-09-19 16:21:00,80,2,1232.94,0,At Risk
16528,1,17,244.41,14.38,171,0,2011-12-06 12:45:00,2011-12-06 12:45:00,3,1,244.41,0,At Risk
16529,4,87,1986.80,15.52,739,0,2010-06-27 13:29:00,2011-06-02 17:23:00,189,4,1986.80,0,At Risk
16530,1,3,48.35,16.12,17,0,2010-02-09 15:30:00,2010-02-09 15:30:00,667,1,48.35,0,At Risk
16531,12,109,2263.58,16.17,1863,5,2010-09-24 09:49:00,2011-11-17 16:29:00,21,12,2263.58,0,At Risk
16532,5,2,8756.64,1459.44,2544,0,2010-03-29 10:26:00,2011-11-22 11:08:00,17,5,8756.64,0,At Risk
16533,5,112,1014.19,5.63,611,98,2011-10-02 15:07:00,2011-11-20 13:08:00,18,5,1014.19,0,At Risk
16534,1,36,635.90,17.66,168,0,2010-03-07 15:47:00,2010-03-07 15:47:00,641,1,635.90,0,At Risk
16535,3,67,972.04,13.69,664,0,2010-01-28 15:26:00,2011-12-04 15:18:00,4,3,972.04,0,At Risk
16536,2,49,538.17,9.78,250,1,2011-08-21 15:54:00,2011-08-24 13:20:00,106,2,538.17,0,At Risk
16537,1,3,23.35,5.84,59,0,2010-03-08 13:41:00,2010-03-08 13:41:00,640,1,23.35,0,At Risk
16538,3,35,395.07,9.64,254,0,2010-04-23 16:25:00,2010-06-16 16:59:00,540,3,395.07,0,At Risk
16539,10,83,3289.66,25.11,1014,0,2010-06-25 15:24:00,2011-12-07 08:41:00,2,10,3289.66,0,At Risk
16540,1,25,205.75,7.09,105,0,2010-10-21 17:22:00,2010-10-21 17:22:00,413,1,205.75,0,At Risk
16541,2,39,419.78,10.76,173,1,2009-12-04 12:29:00,2009-12-04 13:22:00,734,2,419.78,0,At Risk
16542,2,13,257.32,18.38,142,0,2010-11-03 14:44:00,2011-10-17 10:47:00,53,2,257.32,0,At Risk
16543,2,18,277.81,13.89,317,14,2010-04-27 11:38:00,2010-05-05 13:34:00,582,2,277.81,0,At Risk
16544,6,8,110.30,7.88,150,96,2010-02-15 13:20:00,2010-07-08 11:11:00,519,6,110.30,0,At Risk
16545,2,6,689.82,86.23,322,0,2010-11-29 10:39:00,2011-06-28 10:37:00,164,2,689.82,0,At Risk
16546,7,75,4421.04,46.54,4211,853,2010-09-23 15:43:00,2011-02-22 11:20:00,290,7,4421.04,0,At Risk
16547,1,25,104.26,4.17,108,0,2010-06-11 13:02:00,2010-06-11 13:02:00,545,1,104.26,0,At Risk
16548,1,6,30.15,5.03,6,0,2010-04-19 16:15:00,2010-04-19 16:15:00,598,1,30.15,0,At Risk
16549,37,837,12759.25,4.12,7087,5,2009-12-03 17:59:00,2011-11-29 15:06:00,9,37,12759.25,0,At Risk
16550,29,274,8556.82,11.00,5405,58,2009-12-02 11:24:00,2011-08-23 11:12:00,108,29,8556.82,0,At Risk
16551,7,67,2237.12,25.42,2076,0,2009-12-13 16:12:00,2011-09-05 09:38:00,95,7,2237.12,0,At Risk
16552,2,17,379.73,22.34,219,0,2010-12-01 12:36:00,2011-04-11 10:04:00,242,2,379.73,0,At Risk
16553,36,195,16500.12,55.74,16427,24,2010-02-11 18:46:00,2011-06-29 15:42:00,162,36,16500.12,0,At Risk
16554,18,109,2407.17,11.25,1346,177,2009-12-15 09:42:00,2011-12-06 14:52:00,2,18,2407.17,0,At Risk
16555,10,59,285.89,2.49,1816,1641,2010-07-22 13:39:00,2011-11-04 14:31:00,34,10,285.89,0,At Risk
16556,24,282,7610.23,15.22,4353,24,2009-12-07 10:51:00,2011-10-04 11:36:00,66,24,7610.23,0,At Risk
16557,2,11,281.85,25.62,111,0,2011-07-25 13:28:00,2011-11-15 14:04:00,23,2,281.85,0,At Risk
16558,47,383,13149.56,16.92,7813,55,2009-12-03 18:11:00,2011-12-09 10:20:00,0,47,13149.56,0,At Risk
16559,1,17,175.00,10.29,61,0,2010-11-07 13:52:00,2010-11-07 13:52:00,396,1,175.00,0,At Risk
16560,10,140,3010.73,15.05,1603,7,2009-12-08 12:05:00,2011-11-18 17:05:00,20,10,3010.73,0,At Risk
16561,2,29,511.12,16.49,244,0,2011-10-11 09:53:00,2011-12-04 11:50:00,5,2,511.12,0,At Risk
16562,1,34,223.86,6.58,264,0,2010-08-20 11:45:00,2010-08-20 11:45:00,476,1,223.86,0,At Risk
16563,7,55,4402.36,48.92,2584,12,2009-12-01 18:35:00,2011-10-17 11:51:00,53,7,4402.36,0,At Risk
16564,1,5,87.80,17.56,40,0,2010-05-19 14:41:00,2010-05-19 14:41:00,568,1,87.80,0,At Risk
16565,5,7,700.45,53.88,211,20,2010-06-02 12:47:00,2010-12-10 15:21:00,363,5,700.45,0,At Risk
16566,6,14,614.01,32.32,362,1,2011-02-20 10:29:00,2011-11-24 16:34:00,14,6,614.01,0,At Risk
16567,2,34,865.60,24.73,996,0,2011-01-07 09:31:00,2011-05-29 13:57:00,193,2,865.60,0,At Risk
16568,2,5,1020.90,204.18,366,0,2010-03-08 14:51:00,2010-10-08 10:54:00,427,2,1020.90,0,At Risk
16569,5,27,1455.23,41.58,988,0,2009-12-16 15:05:00,2011-12-06 15:32:00,2,5,1455.23,0,At Risk
16570,31,117,6841.82,26.21,4292,152,2009-12-03 17:38:00,2011-12-01 08:56:00,8,31,6841.82,0,At Risk
16571,17,151,4025.05,14.17,3703,102,2010-03-18 09:12:00,2011-12-06 14:07:00,2,17,4025.05,0,At Risk
16572,4,40,999.70,17.24,532,2,2011-03-09 12:04:00,2011-08-04 16:34:00,126,4,999.70,0,At Risk
16573,4,40,648.41,14.10,360,6,2011-02-22 15:14:00,2011-09-27 11:17:00,73,4,648.41,0,At Risk
16574,3,86,1301.78,15.14,1002,0,2010-02-19 11:46:00,2011-09-29 13:39:00,70,3,1301.78,0,At Risk
16575,1,1,-10.49,-10.49,0,1,2010-01-26 16:30:00,2010-01-26 16:30:00,681,1,-10.49,0,At Risk
16576,5,32,513.17,14.25,323,14,2010-07-06 10:42:00,2010-10-26 10:59:00,409,5,513.17,0,At Risk
16577,1,23,380.00,16.52,142,0,2010-02-11 09:45:00,2010-02-11 09:45:00,666,1,380.00,0,At Risk
16578,1,9,156.60,17.40,108,0,2010-03-23 15:11:00,2010-03-23 15:11:00,625,1,156.60,0,At Risk
16579,2,14,264.45,17.63,119,12,2010-10-10 11:58:00,2010-12-09 15:00:00,364,2,264.45,0,At Risk
16580,1,2,-5.00,-2.50,0,2,2009-12-11 12:40:00,2009-12-11 12:40:00,728,1,-5.00,0,At Risk
16581,2,9,70.44,6.40,134,12,2011-06-10 10:05:00,2011-07-07 15:50:00,154,2,70.44,0,At Risk
16582,1,6,313.62,52.27,164,0,2011-08-18 17:02:00,2011-08-18 17:02:00,112,1,313.62,0,At Risk
16583,2,18,297.95,16.55,153,0,2010-02-04 12:18:00,2010-12-01 12:03:00,373,2,297.95,0,At Risk
16584,7,61,3077.97,33.82,1913,28,2010-02-16 10:41:00,2011-09-20 13:45:00,79,7,3077.97,0,At Risk
16585,2,16,341.59,18.98,151,0,2010-01-13 13:31:00,2010-04-25 10:34:00,593,2,341.59,0,At Risk
16586,3,27,1462.78,52.24,348,0,2010-03-14 11:24:00,2011-04-05 09:32:00,248,3,1462.78,0,At Risk
16587,1,13,225.15,17.32,71,0,2011-04-21 15:51:00,2011-04-21 15:51:00,231,1,225.15,0,At Risk
16588,4,64,1361.28,19.17,882,0,2010-05-14 13:43:00,2010-11-18 17:56:00,385,4,1361.28,0,At Risk
16589,4,39,612.36,13.92,536,0,2010-09-15 14:56:00,2011-09-29 14:50:00,70,4,612.36,0,At Risk
16590,3,26,563.60,17.08,240,6,2010-10-21 12:09:00,2010-11-23 19:01:00,380,3,563.60,0,At Risk
16591,1,10,213.50,21.35,41,0,2011-10-02 10:43:00,2011-10-02 10:43:00,68,1,213.50,0,At Risk
16592,34,221,7624.46,17.10,5504,80,2009-12-18 15:57:00,2011-12-05 13:49:00,3,34,7624.46,0,At Risk
16593,9,57,1051.24,13.14,377,2,2009-12-05 10:44:00,2011-10-20 12:41:00,50,9,1051.24,0,At Risk
16594,1,53,181.09,3.42,64,0,2011-09-25 14:08:00,2011-09-25 14:08:00,74,1,181.09,0,At Risk
16595,5,337,1757.75,3.89,1331,0,2010-01-17 12:12:00,2011-10-09 13:15:00,60,5,1757.75,0,At Risk
16596,4,23,458.98,19.12,180,0,2009-12-10 13:09:00,2011-11-24 10:02:00,15,4,458.98,0,At Risk
16597,1,7,90.04,12.86,184,0,2011-12-05 15:44:00,2011-12-05 15:44:00,3,1,90.04,0,At Risk
16598,2,10,140.70,12.79,73,3,2011-02-27 11:42:00,2011-03-07 13:42:00,276,2,140.70,0,At Risk
16599,1,12,172.80,14.40,159,0,2010-11-19 12:45:00,2010-11-19 12:45:00,385,1,172.80,0,At Risk
16600,16,106,2093.56,13.86,2420,25,2009-12-18 12:59:00,2011-12-05 16:00:00,3,16,2093.56,0,At Risk
16601,3,60,677.00,9.81,391,0,2010-03-26 13:39:00,2011-10-30 11:09:00,40,3,677.00,0,At Risk
16602,5,37,711.63,15.14,429,23,2010-11-16 09:13:00,2011-11-08 16:18:00,30,5,711.63,0,At Risk
16603,2,34,482.47,14.19,480,0,2011-09-09 13:02:00,2011-09-26 10:06:00,74,2,482.47,0,At Risk
16604,3,10,326.25,21.75,175,60,2010-05-20 16:34:00,2010-06-09 14:50:00,547,3,326.25,0,At Risk
16605,1,1,60.48,60.48,144,0,2009-12-15 19:03:00,2009-12-15 19:03:00,723,1,60.48,0,At Risk
16606,2,16,357.66,16.26,148,0,2010-10-01 13:21:00,2010-10-31 13:57:00,403,2,357.66,0,At Risk
16607,29,212,5375.18,17.80,4436,46,2010-04-29 14:01:00,2011-11-22 10:24:00,17,29,5375.18,0,At Risk
16608,2,94,1286.62,10.63,612,0,2010-02-14 11:57:00,2010-09-12 11:44:00,453,2,1286.62,0,At Risk
16609,9,155,5450.96,19.47,2420,10,2011-04-01 10:11:00,2011-11-24 13:32:00,14,9,5450.96,0,At Risk
16610,1,6,75.66,12.61,66,0,2011-05-04 13:13:00,2011-05-04 13:13:00,218,1,75.66,0,At Risk
16611,7,86,1776.63,16.01,874,1,2010-03-10 16:07:00,2011-06-06 15:46:00,185,7,1776.63,0,At Risk
16612,10,105,3243.48,19.31,1419,1,2009-12-03 15:54:00,2011-11-07 07:38:00,32,10,3243.48,0,At Risk
16613,1,30,618.59,20.62,293,0,2011-09-30 15:52:00,2011-09-30 15:52:00,69,1,618.59,0,At Risk
16614,3,37,1179.79,24.08,349,0,2010-05-10 15:18:00,2011-06-10 11:36:00,182,3,1179.79,0,At Risk
16615,2,19,264.50,13.23,211,4,2010-03-23 15:13:00,2010-05-20 09:24:00,568,2,264.50,0,At Risk
16616,2,31,500.42,15.16,370,0,2011-07-05 13:38:00,2011-11-24 16:31:00,14,2,500.42,0,At Risk
16617,1,5,151.85,30.37,91,0,2011-04-18 10:35:00,2011-04-18 10:35:00,235,1,151.85,0,At Risk
16618,6,79,2630.64,27.12,1363,1,2011-01-21 11:55:00,2011-11-08 13:52:00,30,6,2630.64,0,At Risk
16619,5,103,1916.53,16.24,1055,4,2010-02-22 12:05:00,2011-03-31 12:20:00,253,5,1916.53,0,At Risk
16620,6,78,1758.93,18.71,1146,0,2009-12-01 14:35:00,2011-12-06 12:19:00,3,6,1758.93,0,At Risk
16621,4,22,813.48,28.05,302,0,2011-03-07 11:32:00,2011-10-19 11:38:00,51,4,813.48,0,At Risk
16622,2,12,205.60,14.69,44,4,2010-06-14 10:44:00,2010-06-15 14:41:00,541,2,205.60,0,At Risk
16623,5,44,1002.49,19.28,442,1,2010-04-26 14:04:00,2011-04-08 10:09:00,245,5,1002.49,0,At Risk
16624,2,44,810.57,16.89,488,0,2011-05-26 14:20:00,2011-09-20 12:39:00,80,2,810.57,0,At Risk
16625,6,82,1651.08,16.51,1057,1,2010-06-14 11:56:00,2011-03-10 12:50:00,274,6,1651.08,0,At Risk
16626,20,86,4379.65,23.80,2690,20,2011-03-18 12:27:00,2011-12-09 11:56:00,0,20,4379.65,0,At Risk
16627,1,20,322.80,16.14,162,0,2011-09-21 14:38:00,2011-09-21 14:38:00,78,1,322.80,0,At Risk
16628,8,84,2313.09,18.21,1260,3,2010-03-08 12:24:00,2011-11-10 12:45:00,29,8,2313.09,0,At Risk
16629,2,58,408.63,6.81,489,0,2011-09-04 16:12:00,2011-09-27 10:34:00,73,2,408.63,0,At Risk
16630,2,4,104.30,20.86,72,2,2010-09-30 18:21:00,2010-10-28 14:30:00,406,2,104.30,0,At Risk
16631,8,46,1867.02,23.05,775,2,2010-02-26 10:49:00,2010-08-15 11:20:00,481,8,1867.02,0,At Risk
16632,2,22,406.40,15.05,256,0,2010-05-07 16:46:00,2010-08-11 11:39:00,485,2,406.40,0,At Risk
16633,7,115,2878.15,18.81,1138,1,2011-04-19 14:36:00,2011-11-22 13:41:00,16,7,2878.15,0,At Risk
16634,10,72,1198.30,11.20,1257,769,2010-01-21 09:30:00,2011-05-01 12:09:00,222,10,1198.30,0,At Risk
16635,1,25,473.00,18.92,277,0,2010-10-29 09:41:00,2010-10-29 09:41:00,406,1,473.00,0,At Risk
16636,4,62,3802.04,52.08,2186,0,2010-03-03 14:06:00,2010-09-27 13:13:00,437,4,3802.04,0,At Risk
16637,5,66,1124.59,15.62,927,36,2011-04-28 10:20:00,2011-11-07 13:17:00,31,5,1124.59,0,At Risk
16638,16,130,2375.88,17.09,1627,1,2010-08-18 13:33:00,2011-11-17 11:09:00,22,16,2375.88,0,At Risk
16639,5,76,1659.85,20.00,751,7,2010-10-26 18:23:00,2011-11-14 13:47:00,24,5,1659.85,0,At Risk
16640,1,13,179.40,13.80,146,0,2010-11-07 10:48:00,2010-11-07 10:48:00,397,1,179.40,0,At Risk
16641,2,36,554.50,15.40,454,0,2010-01-07 12:22:00,2011-08-26 12:49:00,105,2,554.50,0,At Risk
16642,5,50,1051.46,18.45,775,31,2010-10-20 14:22:00,2011-12-05 11:31:00,4,5,1051.46,0,At Risk
16643,3,48,915.56,15.79,553,3,2010-10-13 09:47:00,2011-04-08 08:24:00,245,3,915.56,0,At Risk
16644,2,62,833.78,13.45,826,0,2011-05-11 12:53:00,2011-06-15 12:39:00,177,2,833.78,0,At Risk
16645,1,14,160.39,11.46,117,0,2009-12-04 09:49:00,2009-12-04 09:49:00,735,1,160.39,0,At Risk
16646,2,29,675.05,22.50,1072,1,2010-09-16 13:28:00,2010-09-21 20:07:00,443,2,675.05,0,At Risk
16647,4,28,541.90,16.42,396,0,2010-06-13 15:52:00,2011-06-23 11:47:00,169,4,541.90,0,At Risk
16648,4,37,653.00,16.74,503,12,2010-04-28 14:58:00,2011-11-01 09:52:00,38,4,653.00,0,At Risk
16649,1,20,306.58,15.33,82,0,2010-07-07 15:41:00,2010-07-07 15:41:00,519,1,306.58,0,At Risk
16650,7,71,1916.11,19.55,1511,0,2010-07-08 14:18:00,2011-09-29 09:51:00,71,7,1916.11,0,At Risk
16651,1,6,136.20,22.70,60,0,2010-05-02 11:46:00,2010-05-02 11:46:00,586,1,136.20,0,At Risk
16652,24,124,17312.83,59.91,7477,31,2010-03-17 10:22:00,2011-10-17 11:43:00,53,24,17312.83,0,At Risk
16653,3,67,1166.92,15.35,733,10,2011-09-29 13:38:00,2011-11-23 14:51:00,15,3,1166.92,0,At Risk
16654,9,64,1477.77,19.44,640,2,2010-04-06 13:29:00,2011-07-21 15:23:00,140,9,1477.77,0,At Risk
16655,14,409,6388.16,10.81,3938,1,2010-01-31 15:40:00,2011-11-22 11:25:00,17,14,6388.16,0,At Risk
16656,44,22,16307.72,103.87,15433,446,2009-12-04 12:59:00,2011-11-17 14:43:00,21,44,16307.72,0,At Risk
16657,4,158,874.43,4.55,1130,0,2011-03-30 12:02:00,2011-11-30 11:48:00,9,4,874.43,0,At Risk
16658,9,49,573.48,7.75,277,41,2010-03-30 16:24:00,2010-12-06 13:47:00,367,9,573.48,0,At Risk
16659,1,2,39.12,19.56,72,0,2011-06-03 15:03:00,2011-06-03 15:03:00,188,1,39.12,0,At Risk
16660,8,20,1422.35,56.89,991,120,2010-01-14 11:09:00,2011-11-23 14:53:00,15,8,1422.35,0,At Risk
16661,5,52,788.31,10.37,364,89,2009-12-17 15:39:00,2010-06-17 15:24:00,539,5,788.31,0,At Risk
16662,1,28,151.05,5.39,35,0,2010-11-10 16:56:00,2010-11-10 16:56:00,393,1,151.05,0,At Risk
16663,1,1,165.00,165.00,100,0,2009-12-10 13:12:00,2009-12-10 13:12:00,728,1,165.00,0,At Risk
16664,1,8,109.20,13.65,24,0,2010-05-19 17:11:00,2010-05-19 17:11:00,568,1,109.20,0,At Risk
16665,1,9,135.40,15.04,59,0,2010-12-12 14:03:00,2010-12-12 14:03:00,361,1,135.40,0,At Risk
16666,2,42,217.71,4.54,354,0,2010-03-28 15:13:00,2011-11-20 14:01:00,18,2,217.71,0,At Risk
16667,2,52,567.18,10.91,236,0,2011-02-28 12:57:00,2011-10-02 15:26:00,67,2,567.18,0,At Risk
16668,13,28,862.42,16.27,773,0,2010-03-18 18:25:00,2011-11-24 17:43:00,14,13,862.42,0,At Risk
16669,5,141,200.15,1.27,881,6,2010-03-23 15:37:00,2011-11-16 12:26:00,23,5,200.15,0,At Risk
16670,33,260,7786.66,15.39,4534,83,2009-12-10 15:28:00,2011-11-23 09:34:00,16,33,7786.66,0,At Risk
16671,3,3,1692.27,282.05,875,0,2011-06-28 11:20:00,2011-11-11 13:40:00,27,3,1692.27,0,At Risk
16672,23,23,8093.59,69.18,2832,20,2011-03-18 10:15:00,2011-12-07 16:29:00,1,23,8093.59,0,At Risk
16673,1,19,171.13,9.01,95,0,2010-01-29 14:22:00,2010-01-29 14:22:00,678,1,171.13,0,At Risk
16674,2,89,304.24,3.27,181,0,2011-09-02 13:59:00,2011-10-16 11:31:00,54,2,304.24,0,At Risk
16675,2,21,608.86,26.47,296,0,2010-08-18 13:11:00,2010-09-24 12:15:00,441,2,608.86,0,At Risk
16676,7,106,2328.50,17.12,927,5,2010-10-17 13:07:00,2011-11-06 12:01:00,33,7,2328.50,0,At Risk
16677,3,45,849.77,17.34,457,3,2010-02-25 16:11:00,2010-11-11 18:01:00,392,3,849.77,0,At Risk
16678,17,93,3013.83,17.73,2397,29,2011-03-02 09:24:00,2011-12-07 12:17:00,2,17,3013.83,0,At Risk
16679,3,15,663.31,36.85,247,0,2010-06-10 18:35:00,2010-12-08 13:51:00,365,3,663.31,0,At Risk
16680,3,24,821.45,28.33,377,0,2010-06-23 09:30:00,2011-10-27 17:35:00,42,3,821.45,0,At Risk
16681,7,22,1921.84,39.22,1492,0,2010-03-08 14:10:00,2011-09-28 11:11:00,72,7,1921.84,0,At Risk
16682,5,15,1028.00,34.27,1040,0,2011-06-05 11:02:00,2011-12-05 12:13:00,4,5,1028.00,0,At Risk
16683,2,18,309.35,16.28,190,2,2010-06-24 10:36:00,2010-06-28 13:20:00,528,2,309.35,0,At Risk
16684,65,186,141502.25,188.92,104810,3715,2009-12-07 12:56:00,2011-12-05 14:06:00,3,65,141502.25,1,Potential Loyal
16685,2,60,324.24,5.23,396,0,2011-10-09 13:44:00,2011-10-09 13:58:00,60,2,324.24,0,At Risk
16686,18,549,4861.72,4.72,3419,5,2009-12-06 15:48:00,2011-10-23 13:49:00,46,18,4861.72,0,At Risk
16687,1,8,157.63,19.70,141,0,2010-11-14 11:46:00,2010-11-14 11:46:00,390,1,157.63,0,At Risk
16688,4,52,1260.86,20.34,804,0,2011-10-10 12:23:00,2011-12-08 15:24:00,0,4,1260.86,0,At Risk
16689,3,13,303.26,18.95,330,162,2011-09-18 13:29:00,2011-09-25 11:39:00,75,3,303.26,0,At Risk
16690,5,12,336.08,16.80,209,1,2010-09-14 15:00:00,2011-10-27 10:58:00,43,5,336.08,0,At Risk
16691,2,11,178.83,16.26,92,0,2010-05-27 14:55:00,2010-10-17 15:03:00,417,2,178.83,0,At Risk
16692,4,3,1914.70,382.94,878,0,2010-09-24 11:31:00,2011-03-28 14:46:00,255,4,1914.70,0,At Risk
16693,5,149,1179.48,7.02,658,0,2010-02-21 12:42:00,2011-10-02 11:10:00,68,5,1179.48,0,At Risk
16694,1,3,98.30,32.77,26,0,2009-12-16 15:45:00,2009-12-16 15:45:00,722,1,98.30,0,At Risk
16695,2,30,191.90,5.48,184,0,2010-05-27 12:24:00,2010-05-27 12:36:00,561,2,191.90,0,At Risk
16696,4,7,657.90,65.79,146,0,2011-04-05 15:20:00,2011-07-27 14:23:00,134,4,657.90,0,At Risk
16697,1,20,112.75,5.37,27,0,2011-04-12 17:12:00,2011-04-12 17:12:00,240,1,112.75,0,At Risk
16698,2,4,1998.00,399.60,840,0,2011-03-31 13:33:00,2011-04-27 10:52:00,226,2,1998.00,0,At Risk
16699,8,51,964.90,15.32,640,6,2009-12-04 13:31:00,2010-11-24 14:38:00,379,8,964.90,0,At Risk
16700,31,263,8747.12,16.79,6644,19,2009-12-02 10:51:00,2011-12-01 11:00:00,8,31,8747.12,0,At Risk
16701,34,154,9614.59,33.27,11046,229,2009-12-01 19:19:00,2011-12-01 11:10:00,8,34,9614.59,0,At Risk
16702,5,84,1100.88,11.97,692,1,2009-12-07 16:40:00,2010-10-20 14:10:00,414,5,1100.88,0,At Risk
16703,1,1,-15.00,-15.00,0,1,2009-12-08 14:08:00,2009-12-08 14:08:00,730,1,-15.00,0,At Risk
16704,2,50,664.16,12.30,433,0,2010-02-05 14:14:00,2010-03-31 14:02:00,617,2,664.16,0,At Risk
16705,61,402,42653.14,59.08,22302,301,2009-12-09 13:34:00,2011-12-09 12:08:00,0,61,42653.14,0,At Risk
16706,3,108,531.35,4.32,249,0,2011-08-17 15:53:00,2011-11-02 13:50:00,36,3,531.35,0,At Risk
16707,4,64,533.41,8.21,396,0,2010-03-09 15:16:00,2010-11-04 14:39:00,399,4,533.41,0,At Risk
16708,1,27,656.63,24.32,285,0,2011-10-25 12:20:00,2011-10-25 12:20:00,45,1,656.63,0,At Risk
16709,14,220,9056.01,29.99,3261,0,2009-12-09 13:16:00,2011-09-16 10:56:00,84,14,9056.01,0,At Risk
16710,23,541,5908.60,6.49,4174,1,2009-12-04 13:41:00,2011-11-20 14:50:00,18,23,5908.60,0,At Risk
16711,10,26,2751.48,78.61,1212,26,2009-12-02 13:22:00,2011-12-06 16:32:00,2,10,2751.48,0,At Risk
16712,13,301,4232.87,8.12,2074,0,2010-11-03 15:45:00,2011-11-30 13:48:00,8,13,4232.87,0,At Risk
16713,41,541,13943.36,10.88,8482,24,2009-12-15 12:49:00,2011-11-21 12:36:00,18,41,13943.36,0,At Risk
16714,7,97,1222.24,10.72,828,16,2009-12-01 11:50:00,2011-05-05 11:09:00,218,7,1222.24,0,At Risk
16715,2,27,625.52,22.34,1174,0,2010-05-26 12:35:00,2011-09-22 18:15:00,77,2,625.52,0,At Risk
16716,4,7,1568.28,174.25,912,76,2010-03-19 11:05:00,2011-03-18 10:03:00,266,4,1568.28,0,At Risk
16717,20,274,5987.41,15.27,3145,321,2009-12-07 15:55:00,2011-11-30 17:42:00,8,20,5987.41,0,At Risk
16718,5,123,3006.08,16.98,1924,0,2009-12-06 13:07:00,2010-12-05 13:03:00,368,5,3006.08,0,At Risk
16719,17,204,3368.87,8.46,2356,21,2009-12-13 10:59:00,2011-11-25 09:27:00,14,17,3368.87,0,At Risk
16720,4,130,556.69,3.89,460,8,2009-12-17 17:54:00,2011-11-13 16:22:00,25,4,556.69,0,At Risk
16721,1,37,292.47,7.90,172,0,2011-03-22 16:08:00,2011-03-22 16:08:00,261,1,292.47,0,At Risk
16722,26,145,8168.31,21.38,7986,13,2009-12-03 19:23:00,2011-11-22 13:28:00,16,26,8168.31,0,At Risk
16723,4,108,1231.36,9.93,958,0,2009-12-04 13:23:00,2011-09-09 13:01:00,90,4,1231.36,0,At Risk
16724,1,17,147.35,8.67,69,0,2010-10-31 11:40:00,2010-10-31 11:40:00,404,1,147.35,0,At Risk
16725,16,242,1676.86,4.79,700,2,2009-12-13 15:54:00,2011-02-10 16:52:00,301,16,1676.86,0,At Risk
16726,7,150,2063.88,7.88,1323,0,2010-10-24 16:09:00,2011-11-13 14:53:00,25,7,2063.88,0,At Risk
16727,4,158,1377.77,6.72,1066,0,2010-01-20 10:48:00,2010-12-10 13:48:00,363,4,1377.77,0,At Risk
16728,4,218,1048.28,3.99,671,0,2011-03-20 13:28:00,2011-10-24 14:36:00,45,4,1048.28,0,At Risk
16729,26,235,7041.69,10.60,5722,14,2011-04-12 14:22:00,2011-11-03 19:11:00,35,26,7041.69,0,At Risk
16730,4,75,702.79,8.37,994,96,2011-01-24 14:01:00,2011-10-18 14:11:00,51,4,702.79,0,At Risk
16731,1,40,170.30,4.05,124,0,2010-03-01 15:05:00,2010-03-01 15:05:00,647,1,170.30,0,At Risk
16732,9,201,3966.79,17.25,2414,32,2009-12-08 13:04:00,2011-11-08 09:54:00,31,9,3966.79,0,At Risk
16733,1,12,259.68,21.64,112,0,2010-06-28 10:12:00,2010-06-28 10:12:00,529,1,259.68,0,At Risk
16734,3,44,646.76,12.44,345,0,2011-08-17 15:00:00,2011-10-18 13:44:00,51,3,646.76,0,At Risk
16735,22,181,5578.86,17.49,4240,309,2009-12-08 09:24:00,2011-09-22 11:49:00,78,22,5578.86,0,At Risk
16736,8,116,2904.51,19.76,1050,11,2009-12-03 16:12:00,2010-07-22 10:09:00,505,8,2904.51,0,At Risk
16737,2,1,835.20,417.60,576,0,2010-05-11 09:53:00,2011-10-17 13:03:00,52,2,835.20,0,At Risk
16738,1,1,3.75,3.75,3,0,2011-02-15 09:46:00,2011-02-15 09:46:00,297,1,3.75,0,At Risk
16739,4,33,772.23,18.39,391,4,2010-06-21 09:38:00,2011-06-20 17:15:00,171,4,772.23,0,At Risk
16740,1,30,226.91,7.09,110,0,2010-11-09 13:34:00,2010-11-09 13:34:00,394,1,226.91,0,At Risk
16741,1,11,173.06,15.73,81,0,2010-03-24 15:15:00,2010-03-24 15:15:00,624,1,173.06,0,At Risk
16742,15,54,2334.97,21.82,2558,190,2009-12-16 17:22:00,2011-10-24 12:02:00,46,15,2334.97,0,At Risk
16743,15,118,4165.90,11.17,3707,37,2010-04-22 13:21:00,2011-11-10 13:13:00,28,15,4165.90,0,At Risk
16744,7,198,1291.91,5.47,798,0,2011-06-19 15:13:00,2011-11-28 13:06:00,10,7,1291.91,0,At Risk
16745,18,148,7157.10,20.10,6719,8,2011-02-01 11:31:00,2011-09-14 11:58:00,86,18,7157.10,0,At Risk
16746,46,390,18012.20,18.18,11900,8,2009-12-04 13:00:00,2011-12-05 12:33:00,4,46,18012.20,0,At Risk
16747,4,34,826.96,18.38,583,6,2011-10-03 10:18:00,2011-11-14 13:37:00,24,4,826.96,0,At Risk
16748,15,55,3632.29,21.88,2127,12,2009-12-10 12:28:00,2011-11-22 10:17:00,17,15,3632.29,0,At Risk
16749,2,53,4157.88,57.75,1910,0,2009-12-15 14:05:00,2010-04-27 13:06:00,590,2,4157.88,0,At Risk
16750,5,74,623.93,6.57,214,0,2011-04-21 16:53:00,2011-10-26 12:48:00,44,5,623.93,0,At Risk
16751,1,24,1764.72,70.59,1031,0,2011-11-09 10:48:00,2011-11-09 10:48:00,30,1,1764.72,0,At Risk
16752,1,9,207.50,23.06,54,0,2010-12-02 12:18:00,2010-12-02 12:18:00,372,1,207.50,0,At Risk
16753,1,34,223.92,6.59,189,0,2011-10-12 13:14:00,2011-10-12 13:14:00,57,1,223.92,0,At Risk
16754,35,39,54558.18,330.66,63551,9361,2010-03-08 11:32:00,2010-12-02 17:38:00,371,35,54558.18,0,At Risk
16755,10,219,2846.13,8.73,1985,7,2009-12-09 14:25:00,2011-08-17 13:21:00,113,10,2846.13,0,At Risk
16756,9,64,1287.42,15.70,707,7,2010-03-09 15:56:00,2011-05-09 09:33:00,214,9,1287.42,0,At Risk
16757,2,13,270.48,18.03,180,0,2010-10-26 15:09:00,2011-01-25 11:59:00,318,2,270.48,0,At Risk
16758,1,22,369.34,16.79,203,0,2011-10-05 14:47:00,2011-10-05 14:47:00,64,1,369.34,0,At Risk
16759,4,40,772.84,17.97,609,1,2011-11-09 09:06:00,2011-12-02 12:42:00,7,4,772.84,0,At Risk
16760,1,17,228.00,13.41,168,0,2010-10-05 15:55:00,2010-10-05 15:55:00,429,1,228.00,0,At Risk
16761,1,13,316.62,24.36,341,0,2011-09-04 11:15:00,2011-09-04 11:15:00,96,1,316.62,0,At Risk
16762,3,51,1207.24,19.16,480,0,2011-07-18 12:52:00,2011-11-20 11:43:00,19,3,1207.24,0,At Risk
16763,3,44,947.75,21.06,492,1,2009-12-01 15:26:00,2011-06-07 14:24:00,184,3,947.75,0,At Risk
16764,18,209,2749.95,3.86,1253,12,2011-07-19 17:17:00,2011-12-06 11:41:00,3,18,2749.95,0,At Risk
16765,2,52,454.75,8.75,311,0,2010-11-22 13:42:00,2011-02-18 15:41:00,293,2,454.75,0,At Risk
16766,2,17,1145.60,33.69,536,0,2011-03-11 13:34:00,2011-03-11 15:22:00,272,2,1145.60,0,At Risk
16767,16,209,7954.76,24.70,7102,24,2010-04-28 16:49:00,2011-11-09 09:42:00,30,16,7954.76,0,At Risk
16768,14,110,1637.52,9.52,774,12,2009-12-07 11:47:00,2011-10-23 10:38:00,47,14,1637.52,0,At Risk
16769,4,76,1117.05,11.52,295,0,2009-12-14 11:10:00,2011-03-24 13:41:00,259,4,1117.05,0,At Risk
16770,11,202,1746.83,5.11,1052,14,2010-08-22 16:08:00,2011-10-13 12:21:00,57,11,1746.83,0,At Risk
16771,10,303,3949.60,9.68,2308,0,2009-12-09 11:52:00,2011-11-06 13:28:00,32,10,3949.60,0,At Risk
16772,5,55,2760.10,34.50,687,129,2009-12-18 10:50:00,2010-10-18 13:39:00,416,5,2760.10,0,At Risk
16773,3,53,421.24,6.48,252,0,2009-12-06 15:01:00,2011-10-13 14:37:00,56,3,421.24,0,At Risk
16774,9,89,1560.88,11.82,774,4,2010-02-16 16:53:00,2011-10-03 12:41:00,67,9,1560.88,0,At Risk
16775,17,132,2739.24,10.54,957,96,2010-09-23 17:34:00,2011-11-29 15:22:00,9,17,2739.24,0,At Risk
16776,2,105,592.51,4.70,435,0,2010-10-20 12:13:00,2011-10-10 13:04:00,59,2,592.51,0,At Risk
16777,6,125,1261.43,8.76,470,5,2010-03-17 12:42:00,2011-09-20 13:41:00,79,6,1261.43,0,At Risk
16778,2,16,245.94,15.37,194,0,2011-03-10 15:21:00,2011-09-26 13:48:00,73,2,245.94,0,At Risk
16779,62,296,32522.40,30.25,19411,127,2009-12-03 13:03:00,2011-12-07 14:54:00,1,62,32522.40,0,At Risk
16780,3,73,596.40,6.21,352,0,2010-10-28 19:41:00,2011-08-31 16:09:00,99,3,596.40,0,At Risk
16781,3,36,606.40,14.79,192,2,2010-02-08 13:56:00,2010-12-09 15:18:00,364,3,606.40,0,At Risk
16782,50,575,9552.62,5.62,4027,19,2009-12-09 11:58:00,2011-11-29 13:20:00,9,50,9552.62,0,At Risk
16783,1,25,391.95,15.68,163,0,2010-09-29 11:53:00,2010-09-29 11:53:00,436,1,391.95,0,At Risk
16784,5,138,892.33,5.65,494,0,2010-03-28 12:55:00,2011-11-20 12:20:00,19,5,892.33,0,At Risk
16785,1,35,533.78,15.25,313,0,2010-10-26 10:36:00,2010-10-26 10:36:00,409,1,533.78,0,At Risk
16786,1,1,51.84,51.84,72,0,2010-11-11 08:25:00,2010-11-11 08:25:00,393,1,51.84,0,At Risk
16787,4,102,1017.53,9.09,472,0,2010-01-10 11:12:00,2010-11-07 11:01:00,397,4,1017.53,0,At Risk
16788,5,348,1928.93,4.04,965,0,2010-02-07 12:40:00,2011-08-08 14:53:00,122,5,1928.93,0,At Risk
16789,1,5,80.80,16.16,32,0,2011-12-01 15:12:00,2011-12-01 15:12:00,7,1,80.80,0,At Risk
16790,8,88,1520.12,16.00,898,6,2011-11-02 11:23:00,2011-12-06 11:53:00,3,8,1520.12,0,At Risk
16791,18,393,3865.06,5.62,1854,27,2009-12-03 18:08:00,2011-11-10 19:12:00,28,18,3865.06,0,At Risk
16792,5,90,623.46,6.11,324,0,2010-01-04 13:47:00,2011-03-02 14:41:00,281,5,623.46,0,At Risk
16793,1,16,243.84,15.24,146,0,2011-10-13 15:08:00,2011-10-13 15:08:00,56,1,243.84,0,At Risk
16794,17,245,2031.50,4.03,1576,4,2010-03-25 15:17:00,2011-12-08 17:54:00,0,17,2031.50,0,At Risk
16795,5,309,2035.21,5.88,1214,14,2010-01-25 12:10:00,2010-12-09 14:08:00,364,5,2035.21,0,At Risk
16796,1,18,305.62,16.98,186,0,2011-09-11 14:01:00,2011-09-11 14:01:00,88,1,305.62,0,At Risk
16797,9,292,1761.02,4.35,898,8,2009-12-02 12:34:00,2010-11-11 19:14:00,392,9,1761.02,0,At Risk
16798,4,142,830.01,4.85,205,2,2009-12-10 19:35:00,2010-06-03 19:01:00,553,4,830.01,0,At Risk
16799,3,81,447.83,4.82,162,1,2010-09-12 12:46:00,2010-10-03 14:28:00,431,3,447.83,0,At Risk
16800,1,148,1162.65,7.45,524,0,2011-11-28 14:06:00,2011-11-28 14:06:00,10,1,1162.65,0,At Risk
16801,5,72,842.33,7.02,493,186,2011-03-11 13:56:00,2011-06-29 15:33:00,162,5,842.33,0,At Risk
16802,2,48,582.61,10.99,369,0,2009-12-09 13:00:00,2010-01-29 13:44:00,678,2,582.61,0,At Risk
16803,1,24,332.30,13.85,245,0,2011-10-05 14:28:00,2011-10-05 14:28:00,64,1,332.30,0,At Risk
16804,3,59,536.99,8.95,246,0,2011-03-14 15:48:00,2011-11-16 16:43:00,22,3,536.99,0,At Risk
16805,5,213,1091.34,4.38,1120,0,2009-12-08 14:29:00,2011-06-19 11:23:00,173,5,1091.34,0,At Risk
16806,4,68,762.16,8.20,356,0,2011-04-14 19:59:00,2011-08-28 15:27:00,102,4,762.16,0,At Risk
16807,8,109,2064.88,14.34,1433,20,2010-02-26 15:52:00,2011-07-20 12:00:00,142,8,2064.88,0,At Risk
16808,2,21,288.42,12.54,196,0,2011-03-10 19:05:00,2011-09-01 19:34:00,98,2,288.42,0,At Risk
16809,10,113,1725.48,6.64,1093,1,2010-04-13 15:34:00,2011-11-16 15:45:00,22,10,1725.48,0,At Risk
16810,4,34,786.14,20.69,372,5,2010-10-15 15:32:00,2011-05-31 15:32:00,191,4,786.14,0,At Risk
16811,2,26,547.07,19.54,477,0,2011-11-22 17:19:00,2011-12-05 11:39:00,4,2,547.07,0,At Risk
16812,5,98,2216.80,19.11,1116,16,2010-11-22 14:36:00,2010-12-14 12:35:00,360,5,2216.80,0,At Risk
16813,10,248,1652.18,3.88,1501,0,2011-05-19 13:28:00,2011-12-01 14:03:00,7,10,1652.18,0,At Risk
16814,37,247,11916.35,15.52,4844,1,2010-04-11 12:45:00,2011-11-25 13:27:00,13,37,11916.35,0,At Risk
16815,2,66,406.02,5.56,237,0,2010-06-21 12:05:00,2010-09-12 10:59:00,453,2,406.02,0,At Risk
16816,4,28,417.06,14.90,274,0,2010-12-16 17:01:00,2011-08-28 14:16:00,102,4,417.06,0,At Risk
16817,18,107,2392.85,15.74,1401,66,2010-10-04 09:06:00,2011-12-07 11:03:00,2,18,2392.85,0,At Risk
16818,13,172,3317.97,17.46,2164,2,2011-05-18 11:42:00,2011-11-29 10:41:00,10,13,3317.97,0,At Risk
16819,2,17,182.59,10.74,253,0,2010-08-31 17:31:00,2010-08-31 17:37:00,464,2,182.59,0,At Risk
16820,1,26,497.61,19.14,307,0,2011-09-05 12:06:00,2011-09-05 12:06:00,95,1,497.61,0,At Risk
16821,1,7,113.35,16.19,13,0,2010-11-23 10:04:00,2010-11-23 10:04:00,381,1,113.35,0,At Risk
16822,3,12,144.84,11.14,171,5,2009-12-08 17:05:00,2010-02-14 11:05:00,663,3,144.84,0,At Risk
16823,8,149,2236.14,12.85,1166,1,2009-12-02 09:57:00,2011-04-26 15:00:00,226,8,2236.14,0,At Risk
16824,3,34,686.24,17.60,390,0,2010-11-11 12:21:00,2011-11-24 12:38:00,15,3,686.24,0,At Risk
16825,5,48,1826.89,28.55,1297,0,2010-06-23 13:14:00,2011-11-01 11:51:00,38,5,1826.89,0,At Risk
16826,1,22,341.70,15.53,158,0,2011-10-19 14:05:00,2011-10-19 14:05:00,50,1,341.70,0,At Risk
16827,5,10,392.13,32.68,125,0,2010-04-29 19:07:00,2010-11-11 14:04:00,392,5,392.13,0,At Risk
16828,2,8,128.50,16.06,59,0,2011-08-19 13:24:00,2011-09-07 15:10:00,92,2,128.50,0,At Risk
16829,2,25,513.32,19.01,215,0,2010-11-16 18:11:00,2011-07-06 10:48:00,156,2,513.32,0,At Risk
16830,5,65,1183.70,15.18,699,6,2009-12-13 12:11:00,2011-11-01 11:35:00,38,5,1183.70,0,At Risk
16831,1,6,91.80,15.30,48,0,2010-05-24 09:08:00,2010-05-24 09:08:00,564,1,91.80,0,At Risk
16832,5,19,417.61,19.89,179,0,2010-09-07 12:35:00,2011-06-08 15:36:00,183,5,417.61,0,At Risk
16833,6,87,2409.04,26.19,878,0,2010-03-26 15:31:00,2011-12-08 14:39:00,0,6,2409.04,0,At Risk
16834,2,43,898.96,18.73,760,0,2010-02-03 14:24:00,2011-04-26 09:37:00,227,2,898.96,0,At Risk
16835,10,58,1389.76,15.97,496,22,2010-05-19 08:41:00,2011-08-03 13:50:00,127,10,1389.76,0,At Risk
16836,4,42,782.37,18.63,539,0,2010-05-14 12:52:00,2011-10-31 10:05:00,39,4,782.37,0,At Risk
16837,12,123,3167.73,19.08,1563,1,2011-04-08 08:48:00,2011-11-08 14:27:00,30,12,3167.73,0,At Risk
16838,6,54,1126.66,18.47,509,5,2010-02-14 15:27:00,2011-05-26 13:13:00,196,6,1126.66,0,At Risk
16839,51,133,20416.03,53.03,11295,516,2010-02-11 15:02:00,2011-12-01 09:03:00,8,51,20416.03,0,At Risk
16840,3,10,126.71,12.67,117,1,2010-01-26 16:25:00,2010-04-15 15:48:00,602,3,126.71,0,At Risk
16841,14,187,3841.16,17.38,3478,33,2010-01-12 11:32:00,2011-11-03 11:51:00,36,14,3841.16,0,At Risk
16842,4,45,1260.44,19.69,693,1,2011-02-10 14:51:00,2011-10-06 17:38:00,63,4,1260.44,0,At Risk
16843,38,318,19528.78,32.60,18502,43,2009-12-10 11:40:00,2011-10-28 09:06:00,42,38,19528.78,0,At Risk
16844,2,26,614.34,19.20,281,0,2010-05-06 09:16:00,2010-05-26 10:29:00,562,2,614.34,0,At Risk
16845,1,20,253.88,12.69,167,0,2010-03-31 13:09:00,2010-03-31 13:09:00,617,1,253.88,0,At Risk
16846,3,47,842.41,17.92,517,0,2010-03-10 12:03:00,2011-10-20 13:55:00,49,3,842.41,0,At Risk
16847,2,37,614.89,16.62,255,0,2010-03-31 13:32:00,2011-10-27 13:29:00,42,2,614.89,0,At Risk
16848,4,75,1411.62,16.61,780,0,2010-10-03 11:01:00,2011-10-18 08:42:00,52,4,1411.62,0,At Risk
16849,1,8,124.57,15.57,33,0,2011-06-06 09:16:00,2011-06-06 09:16:00,186,1,124.57,0,At Risk
16850,1,19,332.41,17.50,249,0,2011-01-10 11:09:00,2011-01-10 11:09:00,333,1,332.41,0,At Risk
16851,3,17,342.45,17.12,271,0,2011-10-19 09:48:00,2011-12-05 13:32:00,3,3,342.45,0,At Risk
16852,2,9,144.91,16.10,56,0,2011-06-16 15:49:00,2011-11-29 13:22:00,9,2,144.91,0,At Risk
16853,1,2,-67.50,-33.75,0,10,2009-12-08 17:32:00,2009-12-08 17:32:00,730,1,-67.50,0,At Risk
16854,2,72,1408.96,18.79,997,0,2010-03-09 14:32:00,2010-10-18 16:31:00,416,2,1408.96,0,At Risk
16855,2,19,328.40,17.28,164,0,2011-10-27 16:31:00,2011-11-16 12:03:00,23,2,328.40,0,At Risk
16856,3,16,358.49,18.87,171,0,2010-09-23 13:11:00,2011-11-25 08:59:00,14,3,358.49,0,At Risk
16857,1,11,352.80,32.07,168,0,2010-09-23 10:49:00,2010-09-23 10:49:00,442,1,352.80,0,At Risk
16858,16,78,4085.74,28.98,1423,56,2009-12-15 11:09:00,2010-12-08 14:52:00,365,16,4085.74,0,At Risk
16859,10,87,1657.74,12.75,1899,171,2010-03-04 12:37:00,2011-08-25 14:12:00,105,10,1657.74,0,At Risk
16860,4,35,1593.67,36.22,625,1,2010-02-15 13:46:00,2010-09-13 10:05:00,452,4,1593.67,0,At Risk
16861,6,40,924.48,18.13,616,7,2010-07-19 11:44:00,2011-10-11 09:05:00,59,6,924.48,0,At Risk
16862,4,34,662.33,18.92,513,0,2010-01-07 12:57:00,2010-06-10 13:05:00,546,4,662.33,0,At Risk
16863,5,43,812.82,16.59,640,17,2010-10-26 10:03:00,2011-11-10 15:23:00,28,5,812.82,0,At Risk
16864,2,17,409.25,24.07,283,0,2010-04-20 11:56:00,2010-10-01 16:16:00,433,2,409.25,0,At Risk
16865,1,15,130.95,8.18,157,0,2010-11-03 11:34:00,2010-11-03 11:34:00,401,1,130.95,0,At Risk
16866,3,10,207.74,18.89,60,0,2011-07-01 12:34:00,2011-07-22 10:06:00,140,3,207.74,0,At Risk
16867,1,6,76.74,12.79,58,0,2010-01-19 09:11:00,2010-01-19 09:11:00,689,1,76.74,0,At Risk
16868,3,47,384.56,7.69,112,0,2010-04-25 11:31:00,2010-11-10 13:17:00,393,3,384.56,0,At Risk
16869,5,113,797.32,6.23,583,4,2011-06-17 13:01:00,2011-11-17 12:02:00,22,5,797.32,0,At Risk
16870,1,28,450.16,16.08,278,0,2010-08-27 13:53:00,2010-08-27 13:53:00,468,1,450.16,0,At Risk
16871,7,131,2761.49,19.87,1253,3,2011-03-14 10:31:00,2011-11-17 19:27:00,21,7,2761.49,0,At Risk
16872,6,12,1213.13,67.40,1079,0,2010-09-02 17:36:00,2011-09-23 16:05:00,76,6,1213.13,0,At Risk
16873,17,252,14547.03,27.76,8601,18,2010-02-09 14:17:00,2011-12-05 12:05:00,4,17,14547.03,0,At Risk
16874,1,31,209.89,6.77,78,0,2010-11-25 13:08:00,2010-11-25 13:08:00,378,1,209.89,0,At Risk
16875,20,162,4053.20,16.08,2099,44,2010-01-05 09:16:00,2011-10-06 19:20:00,63,20,4053.20,0,At Risk
16876,1,32,136.01,4.25,181,0,2010-11-01 11:59:00,2010-11-01 11:59:00,403,1,136.01,0,At Risk
16877,6,111,846.62,5.43,458,0,2011-05-15 16:13:00,2011-11-27 13:47:00,11,6,846.62,0,At Risk
16878,2,3,0.00,0.00,12,12,2011-09-16 17:39:00,2011-11-15 08:52:00,24,2,0.00,0,At Risk
16879,2,2,-140.96,-70.48,0,2,2010-09-27 14:19:00,2010-10-15 14:51:00,419,2,-140.96,0,At Risk
16880,8,130,1813.21,9.91,904,0,2010-08-03 13:54:00,2011-11-09 11:33:00,30,8,1813.21,0,At Risk
16881,1,1,432.00,432.00,600,0,2011-10-04 10:33:00,2011-10-04 10:33:00,66,1,432.00,0,At Risk
16882,3,39,705.12,18.08,424,0,2011-01-26 17:43:00,2011-10-04 10:42:00,66,3,705.12,0,At Risk
16883,20,159,2236.11,8.34,1016,1,2009-12-04 12:07:00,2011-06-05 12:51:00,186,20,2236.11,0,At Risk
16884,4,64,1070.97,14.47,520,0,2010-05-18 12:00:00,2011-11-02 11:52:00,37,4,1070.97,0,At Risk
16885,4,121,684.60,5.03,358,0,2010-11-19 12:51:00,2011-11-24 13:40:00,14,4,684.60,0,At Risk
16886,2,8,0.00,0.00,48,48,2010-09-09 15:08:00,2010-09-21 11:46:00,444,2,0.00,0,At Risk
16887,3,94,658.17,6.52,423,0,2009-12-01 13:41:00,2011-11-04 14:07:00,34,3,658.17,0,At Risk
16888,3,44,434.20,8.35,145,0,2010-01-07 13:07:00,2010-11-04 12:39:00,400,3,434.20,0,At Risk
16889,6,163,2526.65,11.64,1611,0,2010-05-23 10:46:00,2011-05-29 11:05:00,194,6,2526.65,0,At Risk
16890,3,17,285.41,15.02,243,0,2010-05-06 16:27:00,2010-08-20 11:23:00,476,3,285.41,0,At Risk
16891,11,335,1727.94,4.13,652,0,2009-12-04 12:37:00,2011-12-08 11:15:00,1,11,1727.94,0,At Risk
16892,9,120,726.05,5.22,367,4,2009-12-08 14:20:00,2011-12-08 13:18:00,0,9,726.05,0,At Risk
16893,2,80,249.89,2.87,117,0,2010-11-28 15:14:00,2010-12-08 12:06:00,366,2,249.89,0,At Risk
16894,5,186,1265.26,6.56,503,6,2010-06-22 14:21:00,2010-07-25 15:43:00,501,5,1265.26,0,At Risk
16895,5,135,1102.90,6.77,421,0,2010-02-12 11:07:00,2011-10-06 12:15:00,64,5,1102.90,0,At Risk
16896,1,18,103.95,5.78,18,0,2010-06-02 15:40:00,2010-06-02 15:40:00,554,1,103.95,0,At Risk
16897,3,37,213.03,4.84,73,15,2011-01-30 11:52:00,2011-02-13 15:45:00,298,3,213.03,0,At Risk
16898,6,224,820.86,3.26,695,33,2010-05-12 12:18:00,2011-11-13 15:44:00,25,6,820.86,0,At Risk
16899,8,101,1695.77,9.80,811,0,2010-11-07 15:00:00,2011-12-02 12:03:00,7,8,1695.77,0,At Risk
16900,5,79,187.69,2.29,833,110,2011-10-07 13:17:00,2011-11-28 10:50:00,11,5,187.69,0,At Risk
16901,1,23,204.26,8.88,42,0,2009-12-10 16:30:00,2009-12-10 16:30:00,728,1,204.26,0,At Risk
16902,1,43,1706.88,38.79,629,0,2011-08-15 14:17:00,2011-08-15 14:17:00,115,1,1706.88,0,At Risk
16903,4,148,1009.45,5.46,717,26,2010-10-20 14:42:00,2011-11-10 15:32:00,28,4,1009.45,0,At Risk
16904,21,484,4675.36,5.21,2607,0,2010-10-24 16:03:00,2011-12-05 13:10:00,3,21,4675.36,0,At Risk
16905,20,171,4677.12,14.48,1913,3,2009-12-10 20:04:00,2011-12-04 14:01:00,4,20,4677.12,0,At Risk
16906,7,180,1410.92,6.62,590,0,2010-05-13 13:23:00,2011-09-19 11:49:00,81,7,1410.92,0,At Risk
16907,9,109,1470.89,7.04,451,0,2010-07-01 17:30:00,2011-11-10 18:04:00,28,9,1470.89,0,At Risk
16908,2,20,153.59,7.31,61,20,2009-12-17 13:35:00,2009-12-17 13:38:00,721,2,153.59,0,At Risk
16909,2,18,364.14,19.17,436,2,2011-09-28 16:45:00,2011-10-06 18:06:00,63,2,364.14,0,At Risk
16910,8,318,1508.96,2.77,884,0,2011-09-09 14:14:00,2011-12-05 12:51:00,3,8,1508.96,0,At Risk
16911,3,30,251.35,6.79,161,2,2010-02-16 16:12:00,2010-03-22 15:57:00,626,3,251.35,0,At Risk
16912,18,131,4413.80,25.08,1689,15,2009-12-09 12:32:00,2011-11-16 15:51:00,22,18,4413.80,0,At Risk
16913,3,18,423.91,23.55,229,0,2010-02-26 12:06:00,2011-02-22 12:56:00,289,3,423.91,0,At Risk
16914,1,25,183.76,6.13,112,0,2011-11-03 15:27:00,2011-11-03 15:27:00,35,1,183.76,0,At Risk
16915,11,54,1543.18,20.85,190,0,2010-05-19 13:32:00,2011-11-30 16:39:00,8,11,1543.18,0,At Risk
16916,4,180,902.02,4.40,649,0,2010-10-20 12:56:00,2011-11-16 12:08:00,23,4,902.02,0,At Risk
16917,3,46,1842.93,36.14,792,1,2009-12-11 13:07:00,2011-03-08 11:55:00,276,3,1842.93,0,At Risk
16918,19,281,3131.31,6.81,2066,20,2009-12-03 12:27:00,2011-10-21 12:50:00,49,19,3131.31,0,At Risk
16919,28,230,4837.56,7.82,2333,16,2010-08-19 15:28:00,2011-07-06 13:35:00,155,28,4837.56,0,At Risk
16920,1,23,355.45,15.45,81,0,2010-10-24 14:07:00,2010-10-24 14:07:00,410,1,355.45,0,At Risk
16921,3,78,409.21,4.65,275,0,2010-04-18 15:34:00,2011-10-09 16:22:00,60,3,409.21,0,At Risk
16922,1,122,611.08,5.01,281,0,2010-05-16 11:24:00,2010-05-16 11:24:00,572,1,611.08,0,At Risk
16923,41,431,12572.15,11.34,6190,236,2010-01-31 11:14:00,2011-11-27 13:00:00,11,41,12572.15,0,At Risk
16924,4,69,722.64,8.31,467,13,2011-09-16 12:54:00,2011-11-18 12:53:00,20,4,722.64,0,At Risk
16925,1,18,125.65,6.98,123,0,2010-06-17 15:03:00,2010-06-17 15:03:00,539,1,125.65,0,At Risk
16926,6,63,1158.66,11.94,197,1,2010-07-01 12:57:00,2010-12-03 13:42:00,370,6,1158.66,0,At Risk
16927,3,5,543.05,90.51,993,0,2010-12-13 11:57:00,2011-08-16 11:10:00,115,3,543.05,0,At Risk
16928,33,135,3777.88,11.59,2587,69,2010-02-03 12:30:00,2011-09-20 15:10:00,79,33,3777.88,0,At Risk
16929,7,51,1295.39,16.82,929,0,2011-07-07 12:39:00,2011-12-06 08:37:00,3,7,1295.39,0,At Risk
16930,3,47,378.89,7.15,339,0,2011-10-02 14:25:00,2011-11-13 16:13:00,25,3,378.89,0,At Risk
16931,23,466,5032.22,5.31,3357,0,2010-11-07 13:24:00,2011-12-04 13:15:00,4,23,5032.22,0,At Risk
16932,3,116,412.55,3.10,217,0,2010-05-17 14:15:00,2011-10-17 14:12:00,52,3,412.55,0,At Risk
16933,16,216,3017.65,10.09,1533,21,2009-12-09 15:03:00,2011-12-08 12:54:00,0,16,3017.65,0,At Risk
16934,7,128,2062.89,14.33,936,3,2010-03-28 12:43:00,2011-10-16 12:40:00,54,7,2062.89,0,At Risk
16935,3,55,530.86,7.69,273,0,2010-10-14 13:09:00,2010-11-23 09:16:00,381,3,530.86,0,At Risk
16936,2,122,548.29,3.94,339,0,2010-11-19 11:54:00,2011-11-14 11:04:00,25,2,548.29,0,At Risk
16937,1,49,196.25,4.01,123,0,2010-07-28 17:56:00,2010-07-28 17:56:00,498,1,196.25,0,At Risk
16938,10,547,6162.11,7.47,5041,1515,2010-02-17 14:47:00,2011-12-01 10:20:00,8,10,6162.11,0,At Risk
16939,3,38,433.85,10.58,229,0,2010-02-28 13:33:00,2010-08-08 12:24:00,488,3,433.85,0,At Risk
16940,11,362,6245.41,9.84,4503,33,2009-12-08 13:08:00,2011-10-18 13:15:00,51,11,6245.41,0,At Risk
16941,1,2,33.00,16.50,12,0,2010-04-07 11:13:00,2010-04-07 11:13:00,611,1,33.00,0,At Risk
16942,10,159,1878.51,6.73,805,4,2011-04-26 11:59:00,2011-11-27 12:40:00,12,10,1878.51,0,At Risk
16943,7,24,816.73,22.07,147,2,2010-03-18 16:18:00,2011-05-12 11:57:00,211,7,816.73,0,At Risk
16944,1,7,101.36,14.48,27,0,2010-04-09 11:03:00,2010-04-09 11:03:00,609,1,101.36,0,At Risk
16945,35,231,8530.66,17.92,5889,14,2009-12-09 11:33:00,2011-11-18 11:39:00,21,35,8530.66,0,At Risk
16946,6,69,1199.54,15.78,509,6,2010-03-02 10:49:00,2010-11-21 14:06:00,382,6,1199.54,0,At Risk
16947,10,51,896.73,14.95,655,42,2010-03-03 10:54:00,2011-04-18 09:38:00,235,10,896.73,0,At Risk
16948,7,20,868.77,20.20,2091,0,2010-02-21 13:48:00,2011-07-24 12:46:00,138,7,868.77,0,At Risk
16949,7,57,1161.27,19.04,791,1,2011-01-27 12:11:00,2011-12-06 11:07:00,3,7,1161.27,0,At Risk
16950,12,111,3482.59,23.69,2432,93,2010-01-24 11:26:00,2011-10-14 09:06:00,56,12,3482.59,0,At Risk
16951,4,73,1262.75,14.51,1318,12,2011-02-08 14:58:00,2011-08-08 13:25:00,122,4,1262.75,0,At Risk
16952,5,76,795.83,9.15,343,0,2009-12-11 13:52:00,2011-08-22 13:03:00,108,5,795.83,0,At Risk
16953,1,1,20.80,20.80,10,0,2011-11-09 15:54:00,2011-11-09 15:54:00,29,1,20.80,0,At Risk
16954,21,83,6037.33,29.17,4086,9,2010-01-18 14:49:00,2011-12-09 09:46:00,0,21,6037.33,0,At Risk
16955,9,35,1072.06,20.23,723,27,2009-12-01 12:44:00,2011-06-08 10:36:00,184,9,1072.06,0,At Risk
16956,2,16,292.34,16.24,114,2,2011-11-22 08:56:00,2011-11-30 14:28:00,8,2,292.34,0,At Risk
16957,2,15,416.64,26.04,172,0,2011-03-03 09:25:00,2011-04-14 13:56:00,238,2,416.64,0,At Risk
16958,1,69,778.49,11.12,514,0,2010-09-30 14:25:00,2010-09-30 14:25:00,434,1,778.49,0,At Risk
16959,1,7,117.35,16.76,49,0,2011-09-13 15:03:00,2011-09-13 15:03:00,86,1,117.35,0,At Risk
16960,9,334,1969.43,4.38,1492,11,2010-03-02 13:36:00,2011-11-01 11:35:00,38,9,1969.43,0,At Risk
16961,6,53,773.01,14.05,482,3,2009-12-04 09:37:00,2011-08-15 13:46:00,115,6,773.01,0,At Risk
16962,1,15,251.04,16.74,158,0,2010-10-26 11:36:00,2010-10-26 11:36:00,409,1,251.04,0,At Risk
16963,1,7,110.55,15.79,35,0,2011-06-05 13:48:00,2011-06-05 13:48:00,186,1,110.55,0,At Risk
16964,2,6,207.85,34.64,49,0,2009-12-06 12:51:00,2009-12-06 12:53:00,732,2,207.85,0,At Risk
16965,1,26,201.19,7.74,291,0,2011-04-27 12:08:00,2011-04-27 12:08:00,226,1,201.19,0,At Risk
16966,10,9,2148.47,69.31,1981,3,2011-04-13 14:17:00,2011-12-01 13:40:00,7,10,2148.47,0,At Risk
16967,1,21,319.02,15.19,333,0,2011-06-03 14:24:00,2011-06-03 14:24:00,188,1,319.02,0,At Risk
16968,2,31,439.43,14.18,326,0,2011-08-24 10:51:00,2011-12-05 15:02:00,3,2,439.43,0,At Risk
16969,3,42,650.41,15.49,816,0,2011-06-01 12:10:00,2011-10-31 13:12:00,38,3,650.41,0,At Risk
16970,1,2,71.40,35.70,12,0,2010-03-23 13:50:00,2010-03-23 13:50:00,625,1,71.40,0,At Risk
16971,2,41,232.21,5.53,72,1,2011-11-01 15:06:00,2011-12-07 09:15:00,2,2,232.21,0,At Risk
16972,2,54,749.00,9.13,183,0,2010-09-09 11:20:00,2010-11-22 10:59:00,382,2,749.00,0,At Risk
16973,1,6,127.00,21.17,60,0,2010-11-18 13:56:00,2010-11-18 13:56:00,385,1,127.00,0,At Risk
16974,2,5,365.50,45.69,70,0,2010-05-24 10:43:00,2010-07-05 10:18:00,522,2,365.50,0,At Risk
16975,5,44,902.42,19.20,586,6,2010-07-22 11:38:00,2010-10-22 10:35:00,413,5,902.42,0,At Risk
16976,1,2,251.52,125.76,88,0,2011-03-17 16:33:00,2011-03-17 16:33:00,266,1,251.52,0,At Risk
16977,4,25,496.00,17.71,142,0,2010-03-18 11:06:00,2010-11-09 13:17:00,394,4,496.00,0,At Risk
16978,3,65,768.88,11.48,285,0,2010-02-11 16:27:00,2011-09-23 12:50:00,77,3,768.88,0,At Risk
16979,12,82,2787.09,20.96,1451,11,2010-09-15 14:30:00,2011-12-06 12:21:00,3,12,2787.09,0,At Risk
16980,3,91,1422.83,13.42,990,0,2010-10-07 14:05:00,2011-03-29 16:36:00,254,3,1422.83,0,At Risk
16981,1,1,-4620.86,-4620.86,0,1,2010-06-17 15:49:00,2010-06-17 15:49:00,539,1,-4620.86,0,At Risk
16982,1,22,384.06,17.46,182,0,2011-10-10 12:28:00,2011-10-10 12:28:00,60,1,384.06,0,At Risk
16983,12,151,3479.48,15.00,2315,13,2010-09-19 12:38:00,2011-11-27 12:10:00,12,12,3479.48,0,At Risk
16984,19,671,10195.15,9.28,5127,33,2010-03-07 15:34:00,2011-09-22 18:21:00,77,19,10195.15,0,At Risk
16985,26,130,10545.76,42.70,3103,5,2009-12-10 13:34:00,2011-11-22 13:33:00,16,26,10545.76,0,At Risk
16986,11,65,4888.75,28.10,2539,0,2010-02-04 14:46:00,2011-11-10 11:55:00,29,11,4888.75,0,At Risk
16987,12,155,2509.50,9.58,671,2,2009-12-02 14:34:00,2011-12-06 17:26:00,2,12,2509.50,0,At Risk
16988,2,20,382.67,19.13,158,0,2010-11-25 09:22:00,2011-12-04 16:02:00,4,2,382.67,0,At Risk
16989,6,7,1133.25,94.44,1233,0,2011-07-12 09:11:00,2011-12-02 16:39:00,6,6,1133.25,0,At Risk
16990,2,1,344.00,172.00,200,0,2010-10-13 11:42:00,2011-05-05 08:30:00,218,2,344.00,0,At Risk
16991,1,74,1041.21,14.07,793,0,2010-10-14 14:08:00,2010-10-14 14:08:00,420,1,1041.21,0,At Risk
16992,15,212,5460.10,18.96,2061,4,2010-02-11 12:36:00,2011-11-29 11:50:00,10,15,5460.10,0,At Risk
16993,3,19,1688.15,58.21,285,24,2010-05-12 13:55:00,2010-09-02 17:45:00,462,3,1688.15,0,At Risk
16994,1,1,-779.32,-779.32,0,1,2010-03-23 16:19:00,2010-03-23 16:19:00,625,1,-779.32,0,At Risk
16995,1,1,-1.25,-1.25,0,1,2010-12-02 17:09:00,2010-12-02 17:09:00,371,1,-1.25,0,At Risk
16996,13,32,2044.16,23.50,919,33,2010-10-18 12:24:00,2011-11-09 16:43:00,29,13,2044.16,0,At Risk
16997,3,7,702.00,58.50,360,0,2011-01-18 11:51:00,2011-02-24 17:28:00,287,3,702.00,0,At Risk
16998,7,3,394.02,49.25,104,3,2010-09-21 14:39:00,2011-07-13 09:49:00,149,7,394.02,0,At Risk
16999,2,21,484.82,21.08,294,0,2011-09-26 15:43:00,2011-11-16 13:53:00,22,2,484.82,0,At Risk
17000,2,26,406.30,13.54,305,0,2010-10-27 14:16:00,2010-11-08 13:35:00,395,2,406.30,0,At Risk
17001,19,108,6640.80,24.15,3782,0,2010-03-25 12:41:00,2011-12-09 09:38:00,0,19,6640.80,0,At Risk
17002,8,64,2565.60,30.18,1265,1,2010-03-08 15:46:00,2011-09-27 16:48:00,72,8,2565.60,0,At Risk
17003,4,90,828.21,7.46,494,0,2010-05-10 11:20:00,2010-11-02 13:15:00,401,4,828.21,0,At Risk
17004,4,48,2324.36,33.69,1233,0,2010-10-11 15:43:00,2011-10-24 14:25:00,45,4,2324.36,0,At Risk
17005,3,15,612.41,32.23,691,1,2010-04-30 10:52:00,2010-08-26 10:57:00,470,3,612.41,0,At Risk
17006,8,103,1635.27,12.68,572,0,2010-03-05 13:33:00,2011-12-05 12:09:00,4,8,1635.27,0,At Risk
17007,8,63,1107.60,16.29,717,10,2010-09-28 13:51:00,2011-10-20 10:47:00,50,8,1107.60,0,At Risk
17008,1,1,81.36,81.36,24,0,2010-10-06 15:19:00,2010-10-06 15:19:00,428,1,81.36,0,At Risk
17009,1,10,242.06,22.01,336,0,2010-06-06 16:01:00,2010-06-06 16:01:00,550,1,242.06,0,At Risk
17010,2,11,185.46,15.46,118,2,2011-11-21 14:49:00,2011-11-23 11:04:00,16,2,185.46,0,At Risk
17011,4,27,536.70,18.51,792,108,2010-02-26 09:47:00,2011-11-09 13:30:00,29,4,536.70,0,At Risk
17012,1,34,360.61,10.02,251,0,2009-12-14 17:34:00,2009-12-14 17:34:00,724,1,360.61,0,At Risk
17013,2,1,-3224.76,-1612.38,0,2,2010-04-15 14:22:00,2010-04-15 15:04:00,602,2,-3224.76,0,At Risk
17014,4,63,562.68,7.71,243,5,2011-10-04 11:36:00,2011-12-01 14:09:00,7,4,562.68,0,At Risk
17015,3,182,1838.61,8.59,1978,0,2011-06-07 13:19:00,2011-11-11 10:45:00,28,3,1838.61,0,At Risk
17016,1,41,552.40,13.47,309,0,2010-05-12 12:32:00,2010-05-12 12:32:00,576,1,552.40,0,At Risk
17017,41,121,6553.79,16.26,9397,90,2009-12-03 13:22:00,2011-12-07 09:32:00,2,41,6553.79,0,At Risk
17018,6,26,2287.70,61.83,456,0,2009-12-05 10:27:00,2011-10-30 11:42:00,40,6,2287.70,0,At Risk
17019,13,344,3541.59,5.49,2396,22,2009-12-02 10:34:00,2011-11-28 13:06:00,10,13,3541.59,0,At Risk
17020,2,64,935.62,13.56,860,0,2010-03-03 12:27:00,2010-06-15 13:06:00,541,2,935.62,0,At Risk
17021,6,35,1182.22,24.63,992,0,2010-04-29 20:05:00,2010-09-23 20:01:00,441,6,1182.22,0,At Risk
17022,2,16,260.00,16.25,180,0,2010-10-03 10:27:00,2011-11-08 17:09:00,30,2,260.00,0,At Risk
17023,3,48,800.18,16.33,530,0,2010-01-11 15:09:00,2010-10-18 15:37:00,416,3,800.18,0,At Risk
17024,3,2,95.85,31.95,69,0,2011-07-05 09:31:00,2011-10-25 13:47:00,44,3,95.85,0,At Risk
17025,5,31,1349.67,36.48,885,0,2010-03-08 13:37:00,2011-10-10 09:06:00,60,5,1349.67,0,At Risk
17026,3,4,175.83,35.17,107,0,2010-10-18 15:22:00,2011-06-07 14:28:00,184,3,175.83,0,At Risk
17027,10,126,1268.93,7.05,645,6,2009-12-10 12:10:00,2011-09-22 12:24:00,78,10,1268.93,0,At Risk
17028,3,85,1593.83,16.78,856,0,2009-12-18 14:28:00,2010-05-07 15:33:00,580,3,1593.83,0,At Risk
17029,7,19,2137.30,73.70,1265,0,2010-02-14 10:19:00,2011-08-21 11:06:00,110,7,2137.30,0,At Risk
17030,1,11,146.87,13.35,146,0,2011-10-07 08:49:00,2011-10-07 08:49:00,63,1,146.87,0,At Risk
17031,6,34,2773.85,55.48,1595,0,2010-05-07 14:52:00,2011-11-28 10:23:00,11,6,2773.85,0,At Risk
17032,13,184,2129.78,8.73,1667,11,2009-12-10 15:36:00,2010-09-24 10:20:00,441,13,2129.78,0,At Risk
17033,4,33,1332.79,33.32,871,0,2010-11-07 12:55:00,2011-09-14 14:34:00,85,4,1332.79,0,At Risk
17034,7,49,1231.82,19.25,694,21,2010-07-14 12:55:00,2011-11-23 15:14:00,15,7,1231.82,0,At Risk
17035,5,29,568.39,15.36,327,28,2009-12-03 10:37:00,2011-04-08 11:23:00,245,5,568.39,0,At Risk
17036,1,12,176.90,14.74,76,0,2010-11-21 14:26:00,2010-11-21 14:26:00,382,1,176.90,0,At Risk
17037,2,75,1253.22,16.28,656,4,2011-09-13 12:49:00,2011-09-22 17:20:00,77,2,1253.22,0,At Risk
17038,2,61,743.17,11.80,535,0,2010-10-20 16:04:00,2011-11-09 13:50:00,29,2,743.17,0,At Risk
17039,1,44,1954.99,44.43,689,0,2010-04-14 12:56:00,2010-04-14 12:56:00,603,1,1954.99,0,At Risk
17040,2,15,463.25,28.95,189,0,2010-06-07 15:08:00,2011-07-25 10:19:00,137,2,463.25,0,At Risk
17041,7,93,1639.40,12.91,1303,4,2010-04-18 14:25:00,2011-11-13 11:21:00,26,7,1639.40,0,At Risk
17042,5,74,1036.58,10.69,990,0,2011-04-06 14:53:00,2011-12-07 12:26:00,2,5,1036.58,0,At Risk
17043,8,175,2593.65,13.03,1616,0,2009-12-09 15:20:00,2011-11-07 15:33:00,31,8,2593.65,0,At Risk
17044,16,92,11867.60,74.64,5722,30,2009-12-07 12:25:00,2011-12-01 08:54:00,8,16,11867.60,0,At Risk
17045,5,44,827.68,15.62,294,0,2010-10-06 14:52:00,2011-08-18 17:09:00,112,5,827.68,0,At Risk
17046,5,76,1906.07,22.42,1636,0,2010-03-29 13:46:00,2011-07-05 14:24:00,156,5,1906.07,0,At Risk
17047,6,114,2289.23,16.12,1184,0,2009-12-08 08:48:00,2011-09-15 13:27:00,84,6,2289.23,0,At Risk
17048,11,88,1991.45,18.61,1068,35,2010-01-18 13:55:00,2011-08-16 14:51:00,114,11,1991.45,0,At Risk
17049,25,321,9588.83,16.56,4273,59,2010-03-04 10:23:00,2011-12-07 10:48:00,2,25,9588.83,0,At Risk
17050,12,194,4348.46,12.42,2432,1,2010-01-26 14:54:00,2011-09-04 13:48:00,95,12,4348.46,0,At Risk
17051,4,107,706.49,4.56,507,0,2010-03-21 14:55:00,2011-05-29 14:13:00,193,4,706.49,0,At Risk
17052,1,72,399.09,4.81,251,0,2011-11-11 14:50:00,2011-11-11 14:50:00,27,1,399.09,0,At Risk
17053,2,13,496.38,35.46,122,1,2011-08-01 10:23:00,2011-08-03 10:55:00,128,2,496.38,0,At Risk
17054,6,64,1353.83,16.12,804,2,2011-04-08 13:14:00,2011-11-11 12:56:00,27,6,1353.83,0,At Risk
17055,1,24,232.85,8.96,83,0,2010-09-20 12:21:00,2010-09-20 12:21:00,445,1,232.85,0,At Risk
17056,1,8,128.60,16.08,26,0,2009-12-01 12:55:00,2009-12-01 12:55:00,737,1,128.60,0,At Risk
17057,1,48,294.74,5.89,129,0,2010-04-22 19:21:00,2010-04-22 19:21:00,595,1,294.74,0,At Risk
17058,3,51,1179.89,19.03,592,0,2011-04-14 09:18:00,2011-09-19 10:13:00,81,3,1179.89,0,At Risk
17059,10,349,4846.87,6.71,3107,6,2010-01-26 14:43:00,2011-11-10 12:27:00,29,10,4846.87,0,At Risk
17060,1,5,234.24,46.85,216,0,2011-03-18 13:27:00,2011-03-18 13:27:00,265,1,234.24,0,At Risk
17061,12,57,5116.13,50.65,1526,42,2011-04-21 13:29:00,2011-09-27 11:24:00,73,12,5116.13,0,At Risk
17062,7,82,885.85,7.26,644,2,2010-09-26 11:57:00,2011-01-30 11:01:00,313,7,885.85,0,At Risk
17063,23,150,3576.88,16.48,1899,17,2009-12-01 12:36:00,2011-12-01 08:46:00,8,23,3576.88,0,At Risk
17064,3,53,855.45,14.02,316,0,2011-01-16 16:10:00,2011-10-12 10:18:00,58,3,855.45,0,At Risk
17065,3,7,82.35,6.33,82,1,2010-03-12 11:40:00,2011-07-19 14:45:00,142,3,82.35,0,At Risk
17066,1,17,228.34,12.69,93,0,2009-12-13 13:24:00,2009-12-13 13:24:00,725,1,228.34,0,At Risk
17067,3,8,454.54,34.96,322,0,2009-12-08 12:03:00,2009-12-15 08:39:00,724,3,454.54,0,At Risk
17068,49,250,8953.03,8.96,4351,13,2010-03-28 14:26:00,2011-11-27 13:14:00,11,49,8953.03,0,At Risk
17069,21,202,5441.35,18.20,3230,42,2009-12-03 12:27:00,2011-11-11 17:13:00,27,21,5441.35,0,At Risk
17070,2,102,437.42,4.25,232,0,2010-10-25 15:57:00,2011-08-17 17:01:00,113,2,437.42,0,At Risk
17071,20,142,3730.96,16.81,1934,19,2010-01-24 13:05:00,2011-12-01 09:06:00,8,20,3730.96,0,At Risk
17072,1,20,273.35,13.02,212,0,2010-03-24 16:33:00,2010-03-24 16:33:00,624,1,273.35,0,At Risk
17073,4,142,1446.09,8.31,759,0,2011-08-22 14:37:00,2011-11-22 11:47:00,17,4,1446.09,0,At Risk
17074,1,4,203.05,50.76,19,0,2010-05-26 12:04:00,2010-05-26 12:04:00,562,1,203.05,0,At Risk
17075,11,153,2216.28,10.97,785,3,2009-12-14 11:24:00,2011-11-22 11:58:00,17,11,2216.28,0,At Risk
17076,6,31,1242.75,24.86,514,0,2009-12-04 12:12:00,2011-11-03 17:53:00,35,6,1242.75,0,At Risk
17077,1,1,306.00,306.00,36,0,2010-05-10 16:36:00,2010-05-10 16:36:00,577,1,306.00,0,At Risk
17078,2,28,378.20,13.51,788,0,2011-11-03 18:49:00,2011-11-03 19:17:00,35,2,378.20,0,At Risk
17079,1,2,118.80,59.40,24,0,2011-09-22 15:34:00,2011-09-22 15:34:00,77,1,118.80,0,At Risk
17080,8,26,955.41,28.10,569,2,2010-07-01 16:03:00,2011-11-17 12:59:00,21,8,955.41,0,At Risk
17081,6,166,949.39,4.59,381,0,2010-02-22 13:19:00,2011-11-14 12:56:00,24,6,949.39,0,At Risk
17082,6,117,4732.03,27.84,2526,0,2009-12-15 11:25:00,2011-11-06 15:17:00,32,6,4732.03,0,At Risk
17083,11,31,4035.08,34.49,1955,5,2009-12-11 13:41:00,2011-08-22 15:43:00,108,11,4035.08,0,At Risk
17084,4,264,4997.96,17.72,3178,1,2010-11-08 12:00:00,2011-11-04 14:54:00,34,4,4997.96,0,At Risk
17085,32,411,7713.67,7.75,3583,48,2009-12-06 12:16:00,2011-08-08 14:15:00,122,32,7713.67,0,At Risk
17086,6,76,2050.08,21.36,1859,0,2011-10-07 11:22:00,2011-12-02 13:54:00,6,6,2050.08,0,At Risk
17087,1,12,221.53,18.46,113,0,2009-12-02 10:41:00,2009-12-02 10:41:00,737,1,221.53,0,At Risk
17088,4,96,1991.01,17.31,868,0,2011-03-31 09:48:00,2011-11-11 14:23:00,27,4,1991.01,0,At Risk
17089,1,4,128.45,32.11,35,0,2010-11-18 15:33:00,2010-11-18 15:33:00,385,1,128.45,0,At Risk
17090,15,54,2986.64,32.46,1344,25,2010-07-19 16:02:00,2011-12-05 13:44:00,3,15,2986.64,0,At Risk
17091,23,243,7462.15,16.19,3732,6,2009-12-01 13:40:00,2011-12-07 10:43:00,2,23,7462.15,0,At Risk
17092,14,274,5479.76,13.87,3768,6,2010-02-02 16:42:00,2011-10-20 19:51:00,49,14,5479.76,0,At Risk
17093,1,13,235.88,18.14,114,0,2010-04-26 10:22:00,2010-04-26 10:22:00,592,1,235.88,0,At Risk
17094,3,18,370.40,19.49,212,4,2010-10-12 10:48:00,2011-01-25 17:24:00,317,3,370.40,0,At Risk
17095,12,111,2312.59,16.29,1695,15,2009-12-15 12:32:00,2011-11-17 16:40:00,21,12,2312.59,0,At Risk
17096,17,162,3629.58,17.04,1559,13,2010-06-02 14:48:00,2011-11-30 15:05:00,8,17,3629.58,0,At Risk
17097,10,182,1126.86,4.19,582,2,2010-10-05 14:09:00,2011-12-07 17:05:00,1,10,1126.86,0,At Risk
17098,3,10,591.07,32.84,125,0,2010-06-17 10:30:00,2010-11-23 12:13:00,381,3,591.07,0,At Risk
17099,1,40,582.17,14.55,317,0,2010-06-24 16:25:00,2010-06-24 16:25:00,532,1,582.17,0,At Risk
17100,2,65,971.74,14.95,800,0,2011-11-21 16:36:00,2011-11-21 16:36:00,17,2,971.74,0,At Risk
17101,7,54,2507.05,34.34,1175,0,2010-06-07 15:12:00,2011-11-29 13:57:00,9,7,2507.05,0,At Risk
17102,1,1,25.50,25.50,2,0,2011-03-23 10:08:00,2011-03-23 10:08:00,261,1,25.50,0,At Risk
17103,1,32,424.30,13.26,471,0,2009-12-17 14:08:00,2009-12-17 14:08:00,721,1,424.30,0,At Risk
17104,1,19,474.03,24.95,149,0,2010-10-12 12:21:00,2010-10-12 12:21:00,423,1,474.03,0,At Risk
17105,2,80,665.78,7.40,693,0,2011-02-06 14:46:00,2011-07-03 15:53:00,158,2,665.78,0,At Risk
17106,1,51,481.58,9.44,153,0,2010-11-15 14:11:00,2010-11-15 14:11:00,388,1,481.58,0,At Risk
17107,13,378,15595.37,22.90,7530,311,2010-01-31 15:47:00,2011-11-07 08:41:00,32,13,15595.37,0,At Risk
17108,1,9,174.95,19.44,31,0,2010-02-14 12:22:00,2010-02-14 12:22:00,663,1,174.95,0,At Risk
17109,10,124,1276.35,8.93,788,16,2010-07-30 12:42:00,2011-11-10 16:59:00,28,10,1276.35,0,At Risk
17110,3,38,499.90,10.20,136,0,2010-04-08 13:32:00,2011-06-27 12:58:00,164,3,499.90,0,At Risk
17111,2,44,459.58,9.57,581,0,2010-10-10 15:21:00,2011-10-23 15:59:00,46,2,459.58,0,At Risk
17112,1,44,197.57,4.20,130,0,2010-07-25 11:14:00,2010-07-25 11:14:00,502,1,197.57,0,At Risk
17113,8,125,2092.16,12.23,913,99,2010-01-11 10:14:00,2010-07-22 17:00:00,504,8,2092.16,0,At Risk
17114,10,85,739.72,5.65,215,9,2011-01-09 11:39:00,2011-12-04 12:17:00,5,10,739.72,0,At Risk
17115,13,103,2616.29,20.28,885,20,2009-12-05 12:13:00,2011-12-01 14:30:00,7,13,2616.29,0,At Risk
17116,1,47,389.78,8.29,392,0,2010-03-01 16:29:00,2010-03-01 16:29:00,647,1,389.78,0,At Risk
17117,1,9,116.20,12.91,68,0,2011-02-24 13:54:00,2011-02-24 13:54:00,287,1,116.20,0,At Risk
17118,1,10,157.02,15.70,154,0,2011-01-26 12:19:00,2011-01-26 12:19:00,317,1,157.02,0,At Risk
17119,3,35,593.61,15.62,334,7,2011-10-11 11:03:00,2011-12-06 14:40:00,2,3,593.61,0,At Risk
17120,1,18,307.46,17.08,120,0,2011-04-20 15:21:00,2011-04-20 15:21:00,232,1,307.46,0,At Risk
17121,1,12,314.74,26.23,106,0,2010-11-02 11:47:00,2010-11-02 11:47:00,402,1,314.74,0,At Risk
17122,4,23,570.50,19.02,368,0,2010-07-28 09:34:00,2011-08-12 14:33:00,118,4,570.50,0,At Risk
17123,3,37,977.17,22.72,676,0,2010-05-16 11:52:00,2011-07-01 10:47:00,161,3,977.17,0,At Risk
17124,1,31,294.24,9.49,129,0,2011-06-07 14:02:00,2011-06-07 14:02:00,184,1,294.24,0,At Risk
17125,1,34,230.50,6.59,281,0,2011-10-20 14:41:00,2011-10-20 14:41:00,49,1,230.50,0,At Risk
17126,11,295,2003.53,4.48,1426,2,2010-08-31 13:41:00,2011-07-10 13:52:00,151,11,2003.53,0,At Risk
17127,5,27,1155.03,31.22,340,0,2009-12-04 15:18:00,2010-10-07 09:54:00,428,5,1155.03,0,At Risk
17128,1,14,157.09,11.22,76,0,2011-01-09 12:02:00,2011-01-09 12:02:00,334,1,157.09,0,At Risk
17129,1,2,31.85,15.93,5,0,2010-07-07 13:46:00,2010-07-07 13:46:00,519,1,31.85,0,At Risk
17130,1,1,-18.38,-18.38,0,1,2010-01-26 16:47:00,2010-01-26 16:47:00,681,1,-18.38,0,At Risk
17131,5,78,2463.17,18.38,983,0,2011-09-25 12:42:00,2011-12-04 12:52:00,4,5,2463.17,0,At Risk
17132,2,62,1220.91,17.20,963,0,2010-08-08 13:49:00,2010-09-13 16:31:00,451,2,1220.91,0,At Risk
17133,13,22,12972.09,205.91,10107,1088,2010-03-21 12:31:00,2011-11-24 12:27:00,15,13,12972.09,0,At Risk
17134,3,31,625.30,17.37,144,0,2010-09-23 18:32:00,2011-08-25 09:53:00,106,3,625.30,0,At Risk
17135,11,98,1711.26,11.88,1686,26,2010-05-09 16:03:00,2011-11-23 16:48:00,15,11,1711.26,0,At Risk
17136,1,14,231.68,16.55,256,0,2010-02-15 13:13:00,2010-02-15 13:13:00,661,1,231.68,0,At Risk
17137,6,125,1099.81,6.59,680,0,2010-01-31 12:27:00,2010-10-19 14:51:00,415,6,1099.81,0,At Risk
17138,7,234,4417.27,17.25,2024,0,2010-02-04 14:19:00,2011-03-09 11:54:00,275,7,4417.27,0,At Risk
17139,29,447,19473.91,23.81,9853,20,2010-01-11 11:31:00,2011-11-24 10:12:00,15,29,19473.91,0,At Risk
17140,1,16,454.12,25.23,296,0,2011-04-06 13:33:00,2011-04-06 13:33:00,246,1,454.12,0,At Risk
17141,4,138,727.58,4.49,423,0,2010-01-24 14:19:00,2010-10-17 14:54:00,417,4,727.58,0,At Risk
17142,4,78,1275.25,14.33,322,0,2010-01-24 15:23:00,2011-04-14 18:22:00,238,4,1275.25,0,At Risk
17143,2,82,880.97,7.87,314,0,2010-07-12 13:26:00,2010-10-18 15:27:00,416,2,880.97,0,At Risk
17144,2,42,984.57,20.51,483,0,2011-09-16 12:50:00,2011-12-08 17:57:00,0,2,984.57,0,At Risk
17145,7,168,3014.64,16.21,2591,28,2010-02-19 12:07:00,2010-08-31 16:53:00,464,7,3014.64,0,At Risk
17146,16,164,5788.39,18.85,2188,16,2010-02-02 09:39:00,2011-08-26 12:44:00,105,16,5788.39,0,At Risk
17147,16,100,3069.15,20.88,1308,13,2010-01-11 09:38:00,2011-11-17 12:32:00,22,16,3069.15,0,At Risk
17148,1,9,124.88,13.88,82,0,2011-10-19 09:59:00,2011-10-19 09:59:00,51,1,124.88,0,At Risk
17149,1,6,143.10,23.85,18,0,2010-09-14 14:56:00,2010-09-14 14:56:00,450,1,143.10,0,At Risk
17150,6,64,1357.95,14.76,397,0,2009-12-06 10:51:00,2010-11-28 11:27:00,376,6,1357.95,0,At Risk
17151,1,4,231.90,57.98,42,0,2009-12-04 14:56:00,2009-12-04 14:56:00,734,1,231.90,0,At Risk
17152,5,9,1830.50,101.69,577,40,2010-10-10 12:40:00,2011-05-29 12:19:00,194,5,1830.50,0,At Risk
17153,1,14,213.78,15.27,104,0,2011-11-15 13:42:00,2011-11-15 13:42:00,23,1,213.78,0,At Risk
17154,1,23,329.34,14.32,490,0,2011-09-25 13:42:00,2011-09-25 13:42:00,74,1,329.34,0,At Risk
17155,7,43,892.46,12.23,987,0,2009-12-03 11:34:00,2011-11-22 12:38:00,17,7,892.46,0,At Risk
17156,2,39,572.07,13.95,391,6,2010-08-05 11:30:00,2010-08-12 15:53:00,483,2,572.07,0,At Risk
17157,20,78,5139.45,35.94,2092,3,2009-12-04 13:00:00,2011-12-02 09:10:00,7,20,5139.45,0,At Risk
17158,6,74,1962.30,17.06,1147,4,2010-03-07 15:50:00,2011-11-07 15:15:00,31,6,1962.30,0,At Risk
17159,6,115,2095.44,16.00,1348,1,2010-03-04 14:53:00,2011-11-18 10:52:00,21,6,2095.44,0,At Risk
17160,18,215,10201.36,15.57,8390,4,2009-12-04 10:57:00,2011-11-08 14:05:00,30,18,10201.36,0,At Risk
17161,1,52,856.01,16.46,537,0,2010-09-21 16:44:00,2010-09-21 16:44:00,443,1,856.01,0,At Risk
17162,11,81,1707.21,16.26,1001,1,2011-02-07 12:27:00,2011-11-11 11:34:00,28,11,1707.21,0,At Risk
17163,4,27,699.78,23.33,531,0,2010-02-02 10:39:00,2011-11-18 08:57:00,21,4,699.78,0,At Risk
17164,8,92,2466.40,17.01,1501,1,2011-03-11 14:26:00,2011-11-07 09:14:00,32,8,2466.40,0,At Risk
17165,8,77,1783.63,17.32,788,3,2009-12-11 09:18:00,2011-02-28 16:39:00,283,8,1783.63,0,At Risk
17166,3,11,189.49,13.54,78,3,2011-05-20 08:18:00,2011-11-01 09:46:00,38,3,189.49,0,At Risk
17167,3,64,867.11,10.98,429,0,2010-09-20 14:02:00,2010-11-25 10:05:00,379,3,867.11,0,At Risk
17168,1,21,400.20,19.06,220,0,2010-07-29 12:33:00,2010-07-29 12:33:00,498,1,400.20,0,At Risk
17169,6,64,1129.88,13.29,671,12,2010-05-10 13:00:00,2011-10-20 19:15:00,49,6,1129.88,0,At Risk
17170,3,9,118.98,10.82,152,6,2010-11-02 17:45:00,2010-11-30 15:55:00,373,3,118.98,0,At Risk
17171,2,25,384.59,15.38,225,0,2010-02-16 12:02:00,2011-02-23 16:37:00,288,2,384.59,0,At Risk
17172,6,40,910.99,21.19,1215,17,2009-12-13 11:46:00,2011-09-26 12:04:00,74,6,910.99,0,At Risk
17173,9,36,3755.65,43.17,1122,1,2011-07-31 15:26:00,2011-12-04 14:40:00,4,9,3755.65,0,At Risk
17174,1,4,59.90,14.98,41,0,2011-05-06 11:47:00,2011-05-06 11:47:00,217,1,59.90,0,At Risk
17175,5,42,1430.94,22.36,866,1,2011-02-16 14:56:00,2011-10-26 15:31:00,43,5,1430.94,0,At Risk
17176,3,37,902.32,21.48,576,0,2010-01-31 15:49:00,2011-05-22 12:41:00,201,3,902.32,0,At Risk
17177,1,29,119.50,4.12,40,0,2010-07-22 14:53:00,2010-07-22 14:53:00,504,1,119.50,0,At Risk
17178,1,31,432.96,13.97,100,0,2009-12-08 16:20:00,2009-12-08 16:20:00,730,1,432.96,0,At Risk
17179,6,75,1507.26,9.54,625,0,2010-05-26 11:22:00,2011-06-14 16:48:00,177,6,1507.26,0,At Risk
17180,14,190,2216.12,5.46,1809,6,2010-01-21 17:43:00,2011-10-14 15:46:00,55,14,2216.12,0,At Risk
17181,3,28,309.85,11.07,268,0,2010-04-23 11:21:00,2011-10-13 14:48:00,56,3,309.85,0,At Risk
17182,2,4,321.30,53.55,54,0,2009-12-21 15:22:00,2010-10-13 10:09:00,422,2,321.30,0,At Risk
17183,8,42,3286.91,43.25,1296,32,2011-08-26 15:25:00,2011-12-02 10:07:00,7,8,3286.91,0,At Risk
17184,2,14,198.41,14.17,73,0,2009-12-09 14:17:00,2010-05-19 14:24:00,568,2,198.41,0,At Risk
17185,3,38,229.46,5.22,119,0,2010-04-20 13:49:00,2010-04-27 12:15:00,591,3,229.46,0,At Risk
17186,2,1,144.00,72.00,200,0,2011-10-10 12:52:00,2011-10-24 10:20:00,46,2,144.00,0,At Risk
17187,2,21,467.71,20.34,426,0,2010-07-01 14:38:00,2011-04-27 12:39:00,226,2,467.71,0,At Risk
17188,17,136,4361.83,23.97,2569,34,2009-12-08 19:16:00,2011-11-28 13:53:00,10,17,4361.83,0,At Risk
17189,5,101,953.63,7.95,601,0,2009-12-02 11:45:00,2011-08-25 19:39:00,105,5,953.63,0,At Risk
17190,8,160,1531.57,8.02,2218,1,2010-03-05 13:21:00,2011-10-12 11:33:00,58,8,1531.57,0,At Risk
17191,16,269,4284.84,8.60,2208,2,2009-12-01 16:34:00,2011-11-11 16:58:00,27,16,4284.84,0,At Risk
17192,1,20,75.28,3.76,45,0,2010-06-21 16:07:00,2010-06-21 16:07:00,535,1,75.28,0,At Risk
17193,12,29,2254.60,46.97,1668,52,2009-12-02 10:02:00,2011-11-04 12:47:00,35,12,2254.60,0,At Risk
17194,3,57,812.50,13.32,420,0,2010-06-27 13:16:00,2011-03-11 12:05:00,273,3,812.50,0,At Risk
17195,1,31,562.98,18.16,486,0,2010-02-22 13:05:00,2010-02-22 13:05:00,654,1,562.98,0,At Risk
17196,1,84,327.75,3.52,154,0,2010-10-08 11:31:00,2010-10-08 11:31:00,427,1,327.75,0,At Risk
17197,1,29,1013.01,34.93,191,0,2011-11-10 10:32:00,2011-11-10 10:32:00,29,1,1013.01,0,At Risk
17198,3,89,692.22,7.21,357,0,2010-12-03 14:54:00,2011-11-16 10:39:00,23,3,692.22,0,At Risk
17199,1,8,135.04,16.88,232,0,2010-05-06 13:53:00,2010-05-06 13:53:00,581,1,135.04,0,At Risk
17200,4,25,356.71,14.27,367,0,2010-02-25 13:23:00,2010-11-17 13:04:00,386,4,356.71,0,At Risk
17201,5,154,1127.50,6.56,1004,24,2010-02-10 12:26:00,2011-10-17 11:55:00,53,5,1127.50,0,At Risk
17202,1,8,160.65,20.08,55,0,2010-10-15 11:25:00,2010-10-15 11:25:00,420,1,160.65,0,At Risk
17203,10,195,5564.09,21.32,4597,0,2010-11-16 12:52:00,2011-11-04 12:27:00,35,10,5564.09,0,At Risk
17204,15,110,5263.69,27.70,2651,60,2010-06-10 11:37:00,2011-06-23 13:54:00,168,15,5263.69,0,At Risk
17205,3,27,999.35,28.55,2214,0,2010-05-24 15:36:00,2011-10-17 12:46:00,53,3,999.35,0,At Risk
17206,1,7,204.24,29.18,76,0,2011-10-17 13:25:00,2011-10-17 13:25:00,52,1,204.24,0,At Risk
17207,1,55,292.62,4.88,233,0,2010-02-25 19:08:00,2010-02-25 19:08:00,651,1,292.62,0,At Risk
17208,1,21,111.15,4.83,101,0,2010-11-09 12:50:00,2010-11-09 12:50:00,395,1,111.15,0,At Risk
17209,3,36,595.70,15.68,723,0,2009-12-03 11:10:00,2010-02-28 16:01:00,648,3,595.70,0,At Risk
17210,1,47,251.72,4.75,242,0,2010-11-12 12:15:00,2010-11-12 12:15:00,392,1,251.72,0,At Risk
17211,15,218,3728.80,10.75,2141,17,2009-12-13 13:17:00,2011-11-13 12:03:00,26,15,3728.80,0,At Risk
17212,3,29,794.41,27.39,727,0,2010-08-10 09:22:00,2011-03-31 19:42:00,252,3,794.41,0,At Risk
17213,20,135,4766.03,16.84,2087,22,2009-12-08 12:51:00,2011-10-30 14:53:00,39,20,4766.03,0,At Risk
17214,7,79,974.12,9.55,272,1,2010-12-15 15:14:00,2011-10-10 13:17:00,59,7,974.12,0,At Risk
17215,1,11,186.15,16.92,104,0,2010-09-01 13:39:00,2010-09-01 13:39:00,463,1,186.15,0,At Risk
17216,1,13,63.60,4.89,21,0,2010-06-03 13:03:00,2010-06-03 13:03:00,553,1,63.60,0,At Risk
17217,2,27,210.10,7.78,93,0,2010-03-30 13:35:00,2011-04-19 17:19:00,233,2,210.10,0,At Risk
17218,18,248,3891.39,8.26,2066,0,2010-01-25 16:12:00,2011-12-05 13:52:00,3,18,3891.39,0,At Risk
17219,2,43,259.13,5.18,188,0,2010-10-19 11:29:00,2011-11-08 11:25:00,31,2,259.13,0,At Risk
17220,21,408,4457.31,6.63,2663,0,2010-01-20 11:57:00,2011-11-15 13:47:00,23,21,4457.31,0,At Risk
17221,5,115,976.62,7.88,713,0,2010-04-11 15:34:00,2011-12-02 13:35:00,6,5,976.62,0,At Risk
17222,6,94,1579.51,14.10,857,0,2010-01-10 15:24:00,2011-10-05 13:58:00,64,6,1579.51,0,At Risk
17223,3,62,558.04,8.09,155,0,2010-11-29 17:19:00,2011-02-02 15:57:00,309,3,558.04,0,At Risk
17224,1,8,100.86,12.61,65,0,2010-07-26 13:30:00,2010-07-26 13:30:00,500,1,100.86,0,At Risk
17225,1,5,131.15,26.23,36,0,2010-05-07 11:38:00,2010-05-07 11:38:00,581,1,131.15,0,At Risk
17226,3,51,895.47,15.18,853,0,2010-02-12 14:31:00,2011-02-04 11:52:00,308,3,895.47,0,At Risk
17227,12,58,1878.93,16.48,1681,0,2010-01-15 15:05:00,2011-11-21 10:51:00,18,12,1878.93,0,At Risk
17228,13,199,2820.03,8.62,2354,0,2010-03-12 11:54:00,2011-11-24 10:24:00,15,13,2820.03,0,At Risk
17229,2,39,318.76,6.78,185,0,2011-07-20 12:38:00,2011-09-04 13:56:00,95,2,318.76,0,At Risk
17230,23,141,9159.45,40.89,3753,104,2009-12-08 13:41:00,2011-03-20 16:12:00,263,23,9159.45,0,At Risk
17231,35,509,6958.83,5.72,3681,19,2009-12-07 16:38:00,2011-11-27 15:18:00,11,35,6958.83,0,At Risk
17232,2,30,417.77,11.94,202,0,2011-11-25 12:24:00,2011-12-07 12:21:00,2,2,417.77,0,At Risk
17233,3,56,560.86,9.67,298,0,2009-12-15 12:03:00,2011-11-04 14:06:00,34,3,560.86,0,At Risk
17234,1,14,149.89,10.71,55,0,2011-06-10 11:20:00,2011-06-10 11:20:00,182,1,149.89,0,At Risk
17235,8,52,1562.98,17.56,845,0,2010-06-04 17:01:00,2011-11-14 15:51:00,24,8,1562.98,0,At Risk
17236,12,123,1929.26,12.21,804,0,2010-03-07 13:00:00,2011-11-27 12:00:00,12,12,1929.26,0,At Risk
17237,4,76,994.13,12.58,414,0,2010-11-23 11:45:00,2011-11-28 15:02:00,10,4,994.13,0,At Risk
17238,32,486,7331.67,6.44,3555,0,2009-12-01 10:59:00,2011-12-07 11:35:00,2,32,7331.67,0,At Risk
17239,6,19,1174.15,34.53,515,2,2009-12-10 15:58:00,2011-01-31 09:41:00,312,6,1174.15,0,At Risk
17240,1,7,130.60,18.66,108,0,2010-04-22 15:44:00,2010-04-22 15:44:00,595,1,130.60,0,At Risk
17241,12,116,2736.64,16.10,859,0,2010-02-15 14:47:00,2010-11-19 13:01:00,384,12,2736.64,0,At Risk
17242,5,44,2889.28,34.40,1459,0,2010-01-24 10:27:00,2011-08-23 14:55:00,107,5,2889.28,0,At Risk
17243,80,360,20022.93,18.30,7932,27,2009-12-01 15:36:00,2011-12-08 13:26:00,0,80,20022.93,0,At Risk
17244,5,109,1826.04,15.22,1419,0,2009-12-06 11:27:00,2011-10-17 15:19:00,52,5,1826.04,0,At Risk
17245,2,24,371.63,14.87,307,0,2010-01-19 15:39:00,2011-05-19 10:43:00,204,2,371.63,0,At Risk
17246,2,6,38.92,6.49,36,0,2009-12-01 17:45:00,2010-06-11 12:36:00,546,2,38.92,0,At Risk
17247,1,53,280.09,5.19,105,0,2011-11-24 15:21:00,2011-11-24 15:21:00,14,1,280.09,0,At Risk
17248,2,85,500.54,4.81,276,0,2010-08-15 11:55:00,2011-08-11 13:34:00,119,2,500.54,0,At Risk
17249,1,27,68.03,2.52,79,0,2010-10-07 11:33:00,2010-10-07 11:33:00,428,1,68.03,0,At Risk
17250,2,55,381.97,6.82,167,0,2011-03-23 16:45:00,2011-12-06 12:15:00,3,2,381.97,0,At Risk
17251,4,65,790.28,9.88,377,2,2009-12-15 10:36:00,2010-12-12 11:06:00,362,4,790.28,0,At Risk
17252,2,86,348.91,4.06,192,0,2011-06-06 16:41:00,2011-08-15 09:45:00,116,2,348.91,0,At Risk
17253,1,18,178.26,9.90,43,0,2011-11-21 12:59:00,2011-11-21 12:59:00,17,1,178.26,0,At Risk
17254,3,129,469.48,3.19,397,0,2010-11-03 14:00:00,2011-12-05 12:46:00,4,3,469.48,0,At Risk
17255,4,163,781.70,4.30,583,0,2010-09-19 15:53:00,2011-10-30 12:18:00,40,4,781.70,0,At Risk
17256,5,20,498.93,16.09,299,0,2010-04-18 13:40:00,2011-08-24 13:30:00,106,5,498.93,0,At Risk
17257,2,14,189.78,13.56,187,0,2010-09-29 12:49:00,2010-09-29 12:51:00,435,2,189.78,0,At Risk
17258,2,46,417.30,7.59,188,0,2010-02-12 15:51:00,2010-11-08 12:37:00,396,2,417.30,0,At Risk
17259,6,179,1452.39,6.31,844,0,2010-02-22 13:38:00,2011-07-14 15:01:00,147,6,1452.39,0,At Risk
17260,1,6,120.95,20.16,23,0,2010-10-24 13:21:00,2010-10-24 13:21:00,410,1,120.95,0,At Risk
17261,1,43,221.59,5.15,95,0,2010-07-18 11:49:00,2010-07-18 11:49:00,509,1,221.59,0,At Risk
17262,11,12,2488.76,130.99,635,0,2009-12-15 11:26:00,2011-10-18 12:56:00,51,11,2488.76,0,At Risk
17263,1,23,63.44,2.76,36,0,2011-05-15 14:32:00,2011-05-15 14:32:00,207,1,63.44,0,At Risk
17264,1,70,268.28,3.63,217,0,2010-10-11 12:52:00,2010-10-11 12:52:00,423,1,268.28,0,At Risk
17265,2,106,550.01,4.51,389,0,2011-06-12 12:00:00,2011-07-24 10:49:00,138,2,550.01,0,At Risk
17266,5,95,501.72,4.22,243,0,2010-03-09 10:42:00,2011-12-07 14:12:00,1,5,501.72,0,At Risk
17267,2,37,317.20,8.57,158,0,2011-08-04 17:19:00,2011-08-04 17:22:00,126,2,317.20,0,At Risk
17268,11,26,1733.89,57.80,1395,0,2009-12-08 11:46:00,2011-08-24 10:06:00,107,11,1733.89,0,At Risk
17269,1,110,491.81,3.93,314,0,2010-11-19 11:12:00,2010-11-19 11:12:00,385,1,491.81,0,At Risk
17270,2,45,601.45,12.53,420,0,2009-12-07 17:18:00,2010-08-27 14:09:00,468,2,601.45,0,At Risk
17271,1,46,204.30,4.26,113,0,2009-12-03 13:49:00,2009-12-03 13:49:00,735,1,204.30,0,At Risk
17272,5,70,2144.53,18.49,1778,2,2011-03-22 12:05:00,2011-10-28 16:37:00,41,5,2144.53,0,At Risk
17273,1,12,141.12,11.76,133,0,2010-10-11 15:57:00,2010-10-11 15:57:00,423,1,141.12,0,At Risk
17274,2,76,573.22,7.44,271,0,2010-11-09 12:06:00,2011-11-04 13:16:00,34,2,573.22,0,At Risk
17275,1,23,114.10,4.96,71,0,2010-11-21 13:26:00,2010-11-21 13:26:00,382,1,114.10,0,At Risk
17276,2,50,445.44,7.95,187,5,2010-11-02 16:20:00,2010-11-05 10:42:00,399,2,445.44,0,At Risk
17277,2,67,1065.35,15.44,430,0,2011-01-21 12:37:00,2011-04-26 12:47:00,227,2,1065.35,0,At Risk
17278,2,17,271.24,15.96,195,0,2010-05-23 13:49:00,2011-04-12 13:10:00,240,2,271.24,0,At Risk
17279,1,8,187.83,20.87,48,0,2011-10-13 11:58:00,2011-10-13 11:58:00,57,1,187.83,0,At Risk
17280,1,6,118.86,19.81,74,0,2010-09-27 16:46:00,2010-09-27 16:46:00,437,1,118.86,0,At Risk
17281,6,2,797.85,132.98,295,0,2010-02-04 13:00:00,2010-11-30 18:05:00,373,6,797.85,0,At Risk
17282,5,168,2308.54,11.32,2332,0,2010-06-09 12:07:00,2011-08-01 14:29:00,129,5,2308.54,0,At Risk
17283,1,15,188.46,12.56,179,0,2010-11-26 11:53:00,2010-11-26 11:53:00,378,1,188.46,0,At Risk
17284,11,285,2323.12,6.16,2069,4,2010-09-20 15:54:00,2011-10-10 14:38:00,59,11,2323.12,0,At Risk
17285,2,41,407.94,9.27,134,0,2010-02-14 14:10:00,2010-03-21 13:38:00,627,2,407.94,0,At Risk
17286,3,89,389.18,4.32,368,0,2010-11-04 13:43:00,2011-11-18 12:47:00,21,3,389.18,0,At Risk
17287,23,279,3810.61,8.19,1955,4,2009-12-03 12:45:00,2011-11-13 13:27:00,25,23,3810.61,0,At Risk
17288,11,233,2468.43,8.57,1699,0,2010-11-10 14:44:00,2011-11-30 16:09:00,8,11,2468.43,0,At Risk
17289,11,202,2032.30,7.58,1237,2,2010-03-08 12:52:00,2011-11-08 12:01:00,31,11,2032.30,0,At Risk
17290,8,184,1487.96,7.59,1139,0,2009-12-13 13:28:00,2011-12-06 12:38:00,3,8,1487.96,0,At Risk
17291,1,1,550.80,550.80,72,0,2011-02-04 13:04:00,2011-02-04 13:04:00,307,1,550.80,0,At Risk
17292,2,14,271.75,18.12,131,0,2010-05-09 14:52:00,2010-08-24 17:14:00,471,2,271.75,0,At Risk
17293,17,148,3750.63,15.56,2228,0,2009-12-03 15:09:00,2011-12-01 14:37:00,7,17,3750.63,0,At Risk
17294,2,17,467.79,27.52,297,0,2010-02-08 14:21:00,2010-02-08 16:12:00,668,2,467.79,0,At Risk
17295,3,53,547.00,8.04,293,0,2011-10-06 12:22:00,2011-11-11 10:49:00,28,3,547.00,0,At Risk
17296,1,32,338.13,10.25,216,0,2009-12-09 14:01:00,2009-12-09 14:01:00,729,1,338.13,0,At Risk
17297,1,49,128.18,2.62,65,0,2011-11-22 14:43:00,2011-11-22 14:43:00,16,1,128.18,0,At Risk
17298,6,61,949.22,13.56,852,12,2010-03-08 08:56:00,2011-08-30 16:43:00,100,6,949.22,0,At Risk
17299,6,96,993.23,8.79,919,0,2010-08-15 16:00:00,2011-11-28 12:01:00,11,6,993.23,0,At Risk
17300,2,37,393.64,8.95,467,0,2010-08-15 11:02:00,2010-11-14 10:56:00,390,2,393.64,0,At Risk
17301,2,107,294.39,2.61,216,0,2010-03-25 13:16:00,2011-11-18 13:43:00,20,2,294.39,0,At Risk
17302,6,68,1119.93,13.83,575,2,2011-02-07 10:14:00,2011-11-25 09:36:00,14,6,1119.93,0,At Risk
17303,1,53,250.04,4.72,144,0,2010-12-13 13:32:00,2010-12-13 13:32:00,360,1,250.04,0,At Risk
17304,1,5,111.50,22.30,73,0,2010-06-23 16:23:00,2010-06-23 16:23:00,533,1,111.50,0,At Risk
17305,1,9,2135.46,237.27,1006,0,2010-03-01 12:47:00,2010-03-01 12:47:00,648,1,2135.46,0,At Risk
17306,23,17,9751.77,130.02,13747,21,2010-11-01 11:38:00,2011-11-29 12:14:00,10,23,9751.77,0,At Risk
17307,15,24,3378.31,64.97,3667,434,2010-01-19 16:36:00,2010-12-09 15:24:00,364,15,3378.31,0,At Risk
17308,2,5,4511.76,644.54,5148,0,2010-09-13 09:35:00,2010-11-11 13:19:00,392,2,4511.76,0,At Risk
17309,3,33,320.39,8.90,181,0,2010-02-04 15:49:00,2011-09-05 15:20:00,94,3,320.39,0,At Risk
17310,2,1,1025.10,512.55,402,0,2010-06-23 11:38:00,2010-11-17 16:00:00,386,2,1025.10,0,At Risk
17311,7,124,3490.66,27.06,2755,46,2010-02-03 12:38:00,2011-09-22 14:11:00,77,7,3490.66,0,At Risk
17312,3,11,644.30,46.02,372,0,2011-07-03 13:12:00,2011-07-24 11:52:00,138,3,644.30,0,At Risk
17313,2,24,2288.13,81.72,1402,20,2011-11-08 15:45:00,2011-11-22 09:23:00,17,2,2288.13,0,At Risk
17314,22,200,4514.70,15.79,3663,438,2009-12-03 11:25:00,2011-11-15 09:41:00,24,22,4514.70,0,At Risk
17315,49,385,9507.53,12.48,5088,33,2010-09-27 12:45:00,2011-12-09 11:58:00,0,49,9507.53,0,At Risk
17316,1,35,124.45,3.56,44,0,2010-10-15 14:35:00,2010-10-15 14:35:00,419,1,124.45,0,At Risk
17317,5,8,2524.02,229.46,1146,72,2011-09-11 12:45:00,2011-10-24 17:26:00,45,5,2524.02,0,At Risk
17318,1,17,157.33,9.25,59,0,2009-12-14 13:11:00,2009-12-14 13:11:00,724,1,157.33,0,At Risk
17319,1,3,29.10,9.70,14,0,2010-02-08 15:47:00,2010-02-08 15:47:00,668,1,29.10,0,At Risk
17320,6,86,2444.85,16.08,1182,0,2010-01-21 16:29:00,2011-08-31 13:31:00,99,6,2444.85,0,At Risk
17321,6,241,1665.21,6.14,790,0,2010-05-11 12:10:00,2011-12-01 13:41:00,7,6,1665.21,0,At Risk
17322,7,115,900.64,5.00,631,7,2009-12-03 11:46:00,2010-11-28 14:41:00,375,7,900.64,0,At Risk
17323,14,168,1538.96,4.59,1426,6,2010-01-10 11:58:00,2011-11-24 17:29:00,14,14,1538.96,0,At Risk
17324,13,111,2018.07,13.82,1485,36,2009-12-18 15:29:00,2011-11-22 10:34:00,17,13,2018.07,0,At Risk
17325,3,39,609.57,15.63,465,0,2010-03-08 11:31:00,2011-03-04 13:09:00,279,3,609.57,0,At Risk
17326,2,82,312.35,3.63,136,0,2010-06-28 14:05:00,2010-10-27 15:38:00,407,2,312.35,0,At Risk
17327,2,3,152.35,38.09,59,0,2010-05-26 11:20:00,2010-10-26 09:54:00,409,2,152.35,0,At Risk
17328,1,6,104.70,17.45,86,0,2010-02-04 17:11:00,2010-02-04 17:11:00,672,1,104.70,0,At Risk
17329,5,80,998.53,9.60,430,0,2009-12-03 16:09:00,2011-11-25 14:24:00,13,5,998.53,0,At Risk
17330,4,7,423.80,52.98,122,0,2010-03-02 09:20:00,2011-11-17 08:56:00,22,4,423.80,0,At Risk
17331,1,1,175.20,175.20,16,0,2011-08-08 11:55:00,2011-08-08 11:55:00,123,1,175.20,0,At Risk
17332,5,82,838.27,8.82,794,0,2010-02-21 14:41:00,2010-06-29 16:10:00,527,5,838.27,0,At Risk
17333,1,28,494.25,17.65,375,0,2011-09-15 10:11:00,2011-09-15 10:11:00,85,1,494.25,0,At Risk
17334,4,20,634.73,19.84,566,1,2010-10-29 12:16:00,2011-02-11 16:34:00,300,4,634.73,0,At Risk
17335,2,34,497.04,13.81,210,0,2010-01-24 11:15:00,2010-11-21 10:17:00,383,2,497.04,0,At Risk
17336,1,1,81.12,81.12,48,0,2010-08-24 15:37:00,2010-08-24 15:37:00,471,1,81.12,0,At Risk
17337,7,421,1897.51,3.61,1247,29,2011-02-02 17:06:00,2011-07-11 14:56:00,150,7,1897.51,0,At Risk
17338,20,591,11783.33,8.99,5780,16,2010-03-10 16:09:00,2011-11-22 14:23:00,16,20,11783.33,0,At Risk
17339,4,10,243.36,22.12,172,20,2010-07-18 13:08:00,2011-09-06 13:29:00,93,4,243.36,0,At Risk
17340,30,324,18891.89,26.50,9497,116,2009-12-08 17:34:00,2011-11-30 17:12:00,8,30,18891.89,0,At Risk
17341,5,200,1272.21,5.81,831,0,2010-06-17 18:17:00,2011-07-06 12:33:00,156,5,1272.21,0,At Risk
17342,7,31,1155.84,28.90,521,22,2010-02-08 09:16:00,2010-11-30 14:08:00,373,7,1155.84,0,At Risk
17343,6,61,1259.94,15.75,454,0,2009-12-03 18:30:00,2010-12-19 15:07:00,354,6,1259.94,0,At Risk
17344,3,64,443.86,6.53,200,2,2009-12-11 11:20:00,2011-10-24 12:56:00,45,3,443.86,0,At Risk
17345,12,184,1466.33,6.61,2008,59,2009-12-01 15:34:00,2011-11-24 15:03:00,14,12,1466.33,0,At Risk
17346,27,517,4933.63,5.33,3439,18,2010-04-18 12:18:00,2011-12-06 12:18:00,3,27,4933.63,0,At Risk
17347,1,1,228.96,228.96,216,0,2011-09-14 13:12:00,2011-09-14 13:12:00,85,1,228.96,0,At Risk
17348,9,326,2442.29,5.51,2766,0,2010-03-10 12:13:00,2011-11-25 11:25:00,14,9,2442.29,0,At Risk
17349,5,74,772.41,9.09,772,0,2010-03-18 14:26:00,2011-06-13 14:29:00,178,5,772.41,0,At Risk
17350,8,124,1863.82,12.94,1178,36,2010-02-01 15:38:00,2011-12-01 15:47:00,7,8,1863.82,0,At Risk
17351,12,45,1988.23,28.81,383,0,2009-12-10 18:43:00,2011-11-03 18:45:00,35,12,1988.23,0,At Risk
17352,1,5,36.25,7.25,15,0,2010-01-12 16:13:00,2010-01-12 16:13:00,695,1,36.25,0,At Risk
17353,7,8,3155.55,185.62,2168,32,2010-01-26 11:38:00,2011-08-02 17:19:00,128,7,3155.55,0,At Risk
17354,4,85,3133.96,31.03,2531,0,2010-10-07 13:22:00,2011-10-20 10:34:00,50,4,3133.96,0,At Risk
17355,1,28,273.31,8.28,249,0,2010-11-18 13:18:00,2010-11-18 13:18:00,385,1,273.31,0,At Risk
17356,5,73,946.47,11.01,925,0,2010-01-20 12:14:00,2011-02-01 11:07:00,311,5,946.47,0,At Risk
17357,2,41,384.39,8.74,152,0,2011-11-15 16:29:00,2011-11-15 16:30:00,23,2,384.39,0,At Risk
17358,5,126,861.01,5.90,430,0,2010-02-24 16:42:00,2011-02-09 16:57:00,302,5,861.01,0,At Risk
17359,2,36,284.46,7.49,237,0,2010-03-01 14:48:00,2011-11-28 14:37:00,10,2,284.46,0,At Risk
17360,7,189,1170.56,5.09,624,1,2010-10-01 12:07:00,2011-11-22 13:11:00,16,7,1170.56,0,At Risk
17361,5,51,871.79,15.29,380,0,2010-02-01 14:30:00,2011-10-21 15:43:00,48,5,871.79,0,At Risk
17362,8,99,1010.54,6.92,549,2,2010-01-06 10:53:00,2011-04-14 14:43:00,238,8,1010.54,0,At Risk
17363,3,34,920.46,26.30,499,0,2010-11-02 17:25:00,2010-11-09 17:11:00,394,3,920.46,0,At Risk
17364,31,514,11587.05,12.75,7464,23,2009-12-07 15:28:00,2011-12-09 09:00:00,0,31,11587.05,0,At Risk
17365,16,397,8165.34,10.26,8015,3,2010-02-01 10:22:00,2011-11-27 12:13:00,12,16,8165.34,0,At Risk
17366,3,120,1075.59,8.15,504,1,2010-09-09 19:46:00,2010-11-12 16:55:00,391,3,1075.59,0,At Risk
17367,1,33,167.55,5.08,149,0,2011-04-15 14:21:00,2011-04-15 14:21:00,237,1,167.55,0,At Risk
17368,16,195,2145.39,8.79,2319,716,2009-12-15 17:45:00,2011-11-16 15:26:00,22,16,2145.39,0,At Risk
17369,1,1,979.20,979.20,1152,0,2010-09-10 09:49:00,2010-09-10 09:49:00,455,1,979.20,0,At Risk
17370,4,31,446.18,13.52,540,0,2011-06-23 11:50:00,2011-09-28 10:14:00,72,4,446.18,0,At Risk
17371,6,135,655.37,4.55,281,0,2009-12-08 12:25:00,2011-11-22 13:30:00,16,6,655.37,0,At Risk
17372,31,412,4295.18,6.51,1863,49,2009-12-03 18:41:00,2011-10-30 11:37:00,40,31,4295.18,0,At Risk
17373,7,65,1167.50,12.83,738,0,2010-02-28 14:17:00,2011-10-30 15:28:00,39,7,1167.50,0,At Risk
17374,4,34,711.21,16.54,155,2,2010-11-09 17:14:00,2011-05-05 09:05:00,218,4,711.21,0,At Risk
17375,5,77,632.95,7.19,480,6,2010-10-04 09:14:00,2011-06-02 17:30:00,189,5,632.95,0,At Risk
17376,4,41,453.64,8.25,244,0,2010-07-05 11:11:00,2011-09-30 12:36:00,70,4,453.64,0,At Risk
17377,91,508,17176.27,9.92,7335,49,2009-12-02 12:39:00,2011-11-16 11:17:00,23,91,17176.27,0,At Risk
17378,2,1,0.00,0.00,1,1,2010-11-30 15:52:00,2010-11-30 18:46:00,373,2,0.00,0,At Risk
17379,1,71,389.72,5.00,623,0,2011-11-28 13:56:00,2011-11-28 13:56:00,10,1,389.72,0,At Risk
17380,4,5,643.75,58.52,252,1,2010-06-23 11:24:00,2010-10-01 16:42:00,433,4,643.75,0,At Risk
17381,39,50,36395.47,221.92,42879,3,2010-06-09 12:55:00,2011-12-01 11:59:00,8,39,36395.47,0,At Risk
17382,8,16,902.28,50.13,457,0,2010-05-19 11:33:00,2011-10-05 13:05:00,64,8,902.28,0,At Risk
17383,2,51,304.09,5.96,160,0,2010-09-12 14:54:00,2011-12-05 17:36:00,3,2,304.09,0,At Risk
17384,3,15,507.55,25.38,121,0,2010-08-29 16:01:00,2011-11-20 15:48:00,18,3,507.55,0,At Risk
17385,1,42,256.11,5.69,197,0,2011-11-25 11:02:00,2011-11-25 11:02:00,14,1,256.11,0,At Risk
17386,7,32,2812.77,74.02,1955,0,2010-11-19 13:40:00,2011-12-02 11:28:00,7,7,2812.77,0,At Risk
17387,2,71,746.81,9.83,522,0,2011-11-06 11:25:00,2011-11-20 11:00:00,19,2,746.81,0,At Risk
17388,11,41,2675.37,48.64,2555,0,2009-12-10 11:45:00,2011-09-23 10:31:00,77,11,2675.37,0,At Risk
17389,77,65,54577.68,122.10,17880,362,2009-12-04 12:06:00,2011-12-09 09:38:00,0,77,54577.68,0,At Risk
17390,1,12,149.30,12.44,49,0,2010-10-15 11:29:00,2010-10-15 11:29:00,420,1,149.30,0,At Risk
17391,2,2,508.80,169.60,480,0,2011-06-28 12:21:00,2011-06-29 09:58:00,163,2,508.80,0,At Risk
17392,3,66,585.92,8.37,450,0,2010-09-15 16:17:00,2011-02-06 12:48:00,306,3,585.92,0,At Risk
17393,2,45,381.15,7.94,238,0,2010-08-08 15:53:00,2010-10-25 11:10:00,410,2,381.15,0,At Risk
17394,1,4,203.87,50.97,241,0,2011-05-04 13:22:00,2011-05-04 13:22:00,218,1,203.87,0,At Risk
17395,1,3,97.50,32.50,66,0,2010-07-19 15:34:00,2010-07-19 15:34:00,507,1,97.50,0,At Risk
17396,16,29,8177.10,154.28,2313,82,2010-09-24 13:04:00,2011-10-31 14:12:00,38,16,8177.10,0,At Risk
17397,3,132,1198.28,8.94,691,0,2010-10-19 13:20:00,2011-11-17 14:08:00,21,3,1198.28,0,At Risk
17398,3,30,653.38,17.19,310,0,2011-03-29 13:04:00,2011-08-17 09:48:00,114,3,653.38,0,At Risk
17399,1,1,-25111.09,-25111.09,0,1,2010-06-17 16:52:00,2010-06-17 16:52:00,539,1,-25111.09,0,At Risk
17400,8,345,4623.28,9.86,2185,0,2009-12-17 15:41:00,2011-08-05 15:38:00,125,8,4623.28,0,At Risk
17401,1,11,114.85,9.57,34,0,2010-06-16 16:54:00,2010-06-16 16:54:00,540,1,114.85,0,At Risk
17402,26,105,4601.41,25.42,1450,3,2009-12-16 17:40:00,2011-12-05 10:15:00,4,26,4601.41,0,At Risk
17403,2,45,382.87,8.51,188,0,2010-09-15 12:29:00,2011-11-03 15:18:00,35,2,382.87,0,At Risk
17404,28,126,46006.82,154.91,50679,674,2010-01-07 11:31:00,2011-12-05 16:26:00,3,28,46006.82,0,At Risk
17405,5,77,967.22,10.29,726,21,2011-07-12 14:17:00,2011-12-08 17:12:00,0,5,967.22,0,At Risk
17406,18,156,3874.00,15.62,1847,20,2009-12-06 13:45:00,2011-01-13 12:52:00,329,18,3874.00,0,At Risk
17407,1,23,552.90,24.04,426,0,2010-10-24 11:57:00,2010-10-24 11:57:00,411,1,552.90,0,At Risk
17408,4,7,164.89,18.32,163,72,2010-07-13 14:02:00,2011-06-29 12:53:00,162,4,164.89,0,At Risk
17409,10,50,7793.51,74.94,4089,0,2009-12-11 12:17:00,2011-06-08 10:36:00,184,10,7793.51,0,At Risk
17410,5,57,1214.72,18.98,616,0,2011-05-08 15:21:00,2011-11-23 15:46:00,15,5,1214.72,0,At Risk
17411,9,71,1316.53,15.86,608,27,2009-12-03 12:02:00,2011-11-27 14:25:00,11,9,1316.53,0,At Risk
17412,19,162,4187.68,17.90,2554,27,2009-12-02 13:51:00,2011-12-07 11:36:00,2,19,4187.68,0,At Risk
17413,2,10,560.14,56.01,302,0,2010-05-19 11:11:00,2010-10-31 12:33:00,404,2,560.14,0,At Risk
17414,6,6,2249.52,107.12,6256,0,2009-12-03 16:49:00,2011-10-27 12:13:00,43,6,2249.52,0,At Risk
17415,1,14,507.84,36.27,114,0,2011-09-21 12:50:00,2011-09-21 12:50:00,79,1,507.84,0,At Risk
17416,25,324,17221.47,28.70,8769,38,2009-12-14 16:29:00,2011-11-10 12:47:00,29,25,17221.47,0,At Risk
17417,1,16,164.18,10.26,76,0,2010-06-09 10:00:00,2010-06-09 10:00:00,548,1,164.18,0,At Risk
17418,3,40,670.06,15.95,521,0,2010-11-17 13:42:00,2011-10-28 13:00:00,41,3,670.06,0,At Risk
17419,20,203,6100.65,20.27,2884,4,2010-01-25 13:19:00,2011-11-28 13:47:00,10,20,6100.65,0,At Risk
17420,8,43,943.68,18.15,446,2,2010-11-03 13:09:00,2011-10-20 14:52:00,49,8,943.68,0,At Risk
17421,3,46,1059.41,18.27,807,0,2009-12-04 15:43:00,2010-11-18 16:57:00,385,3,1059.41,0,At Risk
17422,20,149,3341.65,14.34,3538,163,2010-06-23 10:19:00,2011-11-23 13:27:00,15,20,3341.65,0,At Risk
17423,5,39,1084.17,24.09,790,38,2010-11-11 12:26:00,2011-10-25 16:49:00,44,5,1084.17,0,At Risk
17424,1,1,-176.96,-176.96,0,1,2010-10-07 14:25:00,2010-10-07 14:25:00,427,1,-176.96,0,At Risk
17425,2,42,759.17,17.66,407,0,2011-10-10 11:37:00,2011-11-20 15:30:00,18,2,759.17,0,At Risk
17426,17,254,7606.37,17.29,5187,97,2010-02-17 13:39:00,2011-12-05 16:12:00,3,17,7606.37,0,At Risk
17427,1,2,100.80,50.40,34,0,2011-09-29 11:29:00,2011-09-29 11:29:00,71,1,100.80,0,At Risk
17428,51,423,30885.06,41.79,17356,113,2009-12-01 17:28:00,2011-12-09 09:45:00,0,51,30885.06,0,At Risk
17429,7,80,1342.16,13.56,1286,10,2010-10-06 12:30:00,2011-08-11 10:13:00,120,7,1342.16,0,At Risk
17430,4,30,622.57,16.83,455,0,2010-08-17 11:52:00,2011-11-07 09:24:00,32,4,622.57,0,At Risk
17431,1,41,403.30,9.38,292,0,2011-01-30 14:36:00,2011-01-30 14:36:00,312,1,403.30,0,At Risk
17432,9,213,1728.99,6.31,1008,0,2009-12-03 19:13:00,2011-11-21 17:33:00,17,9,1728.99,0,At Risk
17433,2,81,569.96,6.13,305,0,2010-11-19 13:37:00,2011-09-12 14:24:00,87,2,569.96,0,At Risk
17434,9,100,2333.42,16.91,1693,8,2011-09-15 13:54:00,2011-12-07 13:16:00,1,9,2333.42,0,At Risk
17435,1,15,331.35,22.09,195,0,2010-10-24 13:55:00,2010-10-24 13:55:00,410,1,331.35,0,At Risk
17436,7,8,521.31,24.82,178,5,2009-12-07 12:31:00,2011-12-08 12:30:00,1,7,521.31,0,At Risk
17437,1,52,369.68,7.11,283,0,2010-06-28 11:11:00,2010-06-28 11:11:00,529,1,369.68,0,At Risk
17438,6,49,1412.62,19.35,553,3,2010-03-08 16:53:00,2011-04-06 17:16:00,246,6,1412.62,0,At Risk
17439,1,8,325.74,40.72,370,0,2010-02-22 12:48:00,2010-02-22 12:48:00,655,1,325.74,0,At Risk
17440,6,4,314.26,34.92,282,14,2010-06-08 14:40:00,2011-07-15 10:36:00,147,6,314.26,0,At Risk
17441,1,21,293.35,13.97,245,0,2009-12-07 13:32:00,2009-12-07 13:32:00,731,1,293.35,0,At Risk
17442,23,189,4517.70,15.42,3134,25,2010-02-15 15:54:00,2011-11-10 14:54:00,28,23,4517.70,0,At Risk
17443,1,1,534.24,534.24,504,0,2011-05-04 10:47:00,2011-05-04 10:47:00,219,1,534.24,0,At Risk
17444,3,132,2940.04,21.78,2119,0,2011-06-20 09:04:00,2011-07-15 12:05:00,147,3,2940.04,0,At Risk
17445,1,1,-506.51,-506.51,0,1,2010-03-19 12:27:00,2010-03-19 12:27:00,630,1,-506.51,0,At Risk
17446,2,6,120.90,13.43,198,0,2011-02-02 14:40:00,2011-06-16 10:42:00,176,2,120.90,0,At Risk
17447,2,33,541.53,15.04,443,0,2011-09-29 10:10:00,2011-10-30 14:18:00,39,2,541.53,0,At Risk
17448,54,571,10162.38,8.99,11534,30,2010-03-04 17:29:00,2011-07-18 12:26:00,144,54,10162.38,0,At Risk
17449,14,292,4852.15,8.28,2483,7,2009-12-09 14:16:00,2011-12-07 16:56:00,1,14,4852.15,0,At Risk
17450,61,147,231390.55,522.33,83914,3724,2010-09-27 16:59:00,2011-12-01 13:29:00,7,61,231390.55,1,Potential Loyal
17451,10,83,1648.95,15.41,1203,25,2011-08-26 11:54:00,2011-12-08 15:02:00,0,10,1648.95,0,At Risk
17452,1,1,-227.28,-227.28,0,1,2010-04-15 15:16:00,2010-04-15 15:16:00,602,1,-227.28,0,At Risk
17453,2,19,486.72,25.62,219,0,2011-10-06 17:02:00,2011-11-22 09:42:00,17,2,486.72,0,At Risk
17454,11,98,1532.64,12.07,727,6,2010-01-15 15:40:00,2011-05-31 13:58:00,191,11,1532.64,0,At Risk
17455,1,8,131.70,16.46,66,0,2011-05-20 12:31:00,2011-05-20 12:31:00,203,1,131.70,0,At Risk
17456,2,59,975.56,16.26,508,0,2010-09-09 15:28:00,2010-12-09 15:23:00,364,2,975.56,0,At Risk
17457,18,30,5799.01,80.54,2695,60,2009-12-07 14:52:00,2011-08-05 12:48:00,126,18,5799.01,0,At Risk
17458,2,81,529.58,6.16,282,0,2010-11-23 11:43:00,2011-11-24 13:01:00,14,2,529.58,0,At Risk
17459,2,88,657.30,5.92,537,0,2011-10-10 17:00:00,2011-10-27 13:25:00,42,2,657.30,0,At Risk
17460,21,93,1937.10,12.58,954,71,2010-01-22 13:25:00,2011-09-22 10:58:00,78,21,1937.10,0,At Risk
17461,3,104,735.82,6.94,770,0,2011-11-10 12:01:00,2011-11-17 10:21:00,22,3,735.82,0,At Risk
17462,3,25,662.94,23.68,227,3,2011-02-28 17:01:00,2011-10-19 13:36:00,50,3,662.94,0,At Risk
17463,9,234,2515.26,7.84,1480,6,2010-04-29 17:57:00,2011-11-23 13:40:00,15,9,2515.26,0,At Risk
17464,4,35,816.54,19.92,608,60,2010-03-30 13:15:00,2011-07-04 13:19:00,157,4,816.54,0,At Risk
17465,9,103,2533.64,17.59,1477,7,2009-12-03 13:25:00,2010-10-10 11:56:00,425,9,2533.64,0,At Risk
17466,2,41,763.28,18.62,306,0,2011-09-22 09:16:00,2011-11-29 13:15:00,9,2,763.28,0,At Risk
17467,1,4,102.60,25.65,20,0,2010-11-09 12:58:00,2010-11-09 12:58:00,394,1,102.60,0,At Risk
17468,3,8,194.80,24.35,184,0,2010-11-29 17:25:00,2011-11-29 15:33:00,9,3,194.80,0,At Risk
17469,22,166,4958.34,17.90,2304,27,2009-12-16 15:06:00,2011-11-23 13:15:00,15,22,4958.34,0,At Risk
17470,11,111,2626.47,16.94,2731,0,2010-07-19 16:16:00,2011-10-26 12:42:00,44,11,2626.47,0,At Risk
17471,1,19,321.65,16.93,153,0,2010-08-22 11:53:00,2010-08-22 11:53:00,474,1,321.65,0,At Risk
17472,4,183,922.35,4.14,551,0,2010-03-21 13:27:00,2011-06-01 14:57:00,190,4,922.35,0,At Risk
17473,3,33,592.15,16.92,270,3,2010-09-09 19:03:00,2010-11-03 13:30:00,400,3,592.15,0,At Risk
17474,1,6,1047.00,174.50,200,0,2010-04-19 10:43:00,2010-04-19 10:43:00,599,1,1047.00,0,At Risk
17475,1,14,194.37,13.88,178,0,2011-09-21 14:55:00,2011-09-21 14:55:00,78,1,194.37,0,At Risk
17476,4,29,446.51,13.13,224,4,2009-12-02 12:09:00,2010-11-11 19:11:00,392,4,446.51,0,At Risk
17477,5,44,1079.00,22.96,225,14,2010-03-02 11:53:00,2010-04-06 10:06:00,612,5,1079.00,0,At Risk
17478,2,40,1272.80,31.82,516,0,2010-03-16 14:19:00,2010-10-27 15:01:00,407,2,1272.80,0,At Risk
17479,1,18,389.26,21.63,266,0,2010-03-17 09:26:00,2010-03-17 09:26:00,632,1,389.26,0,At Risk
17480,3,50,876.92,15.94,581,2,2010-09-21 12:31:00,2011-09-27 10:21:00,73,3,876.92,0,At Risk
17481,5,69,1249.34,15.05,1061,1,2011-09-07 09:57:00,2011-12-06 12:28:00,3,5,1249.34,0,At Risk
17482,2,50,775.64,14.63,240,0,2010-05-10 14:10:00,2010-08-09 15:33:00,486,2,775.64,0,At Risk
17483,4,23,591.73,21.13,265,0,2010-10-21 12:43:00,2011-10-05 13:10:00,64,4,591.73,0,At Risk
17484,2,14,209.57,14.97,339,0,2010-03-25 16:17:00,2010-05-12 15:41:00,575,2,209.57,0,At Risk
17485,1,6,-29.55,-4.93,0,9,2009-12-01 14:52:00,2009-12-01 14:52:00,737,1,-29.55,0,At Risk
17486,1,24,396.87,16.54,191,0,2011-03-23 14:00:00,2011-03-23 14:00:00,260,1,396.87,0,At Risk
17487,1,8,160.55,20.07,37,0,2009-12-11 15:06:00,2009-12-11 15:06:00,727,1,160.55,0,At Risk
17488,1,18,336.50,18.69,136,0,2010-03-08 14:07:00,2010-03-08 14:07:00,640,1,336.50,0,At Risk
17489,2,28,376.64,12.99,428,0,2011-05-11 11:34:00,2011-10-12 08:56:00,58,2,376.64,0,At Risk
17490,13,94,2585.06,20.52,1531,113,2010-05-19 12:40:00,2011-12-09 09:08:00,0,13,2585.06,0,At Risk
17491,18,105,5636.72,31.67,3362,1,2010-04-28 11:57:00,2011-12-08 16:18:00,0,18,5636.72,0,At Risk
17492,3,32,1122.42,28.78,450,0,2010-07-09 13:27:00,2011-04-05 15:21:00,247,3,1122.42,0,At Risk
17493,1,8,100.91,12.61,62,0,2010-11-19 16:57:00,2010-11-19 16:57:00,384,1,100.91,0,At Risk
17494,1,3,54.70,18.23,26,0,2010-07-26 10:06:00,2010-07-26 10:06:00,501,1,54.70,0,At Risk
17495,4,38,759.07,14.32,367,9,2010-11-14 11:50:00,2011-12-02 12:08:00,7,4,759.07,0,At Risk
17496,5,55,1385.89,18.73,675,4,2010-01-14 13:36:00,2010-12-16 08:39:00,358,5,1385.89,0,At Risk
17497,2,7,287.25,41.04,59,0,2010-04-08 08:01:00,2010-11-14 14:17:00,389,2,287.25,0,At Risk
17498,1,17,272.22,16.01,394,0,2011-09-25 12:25:00,2011-09-25 12:25:00,75,1,272.22,0,At Risk
17499,3,66,1296.84,17.76,1086,9,2010-05-27 09:59:00,2011-02-23 09:14:00,289,3,1296.84,0,At Risk
17500,3,3,1138.00,227.60,17,0,2011-11-10 09:08:00,2011-11-22 14:25:00,16,3,1138.00,0,At Risk
17501,2,18,288.60,16.03,160,0,2011-05-03 09:46:00,2011-05-03 09:47:00,220,2,288.60,0,At Risk
17502,4,25,689.10,24.61,376,0,2011-11-10 16:39:00,2011-11-30 13:13:00,8,4,689.10,0,At Risk
17503,2,36,558.96,14.71,486,0,2011-11-01 11:12:00,2011-12-07 09:18:00,2,2,558.96,0,At Risk
17504,19,244,9238.42,26.02,5420,208,2010-02-08 09:22:00,2011-05-17 12:59:00,205,19,9238.42,0,At Risk
17505,5,83,2435.48,23.88,1242,0,2010-04-13 16:33:00,2011-07-01 12:50:00,161,5,2435.48,0,At Risk
17506,2,14,294.29,18.39,139,3,2011-09-25 11:39:00,2011-09-30 12:54:00,69,2,294.29,0,At Risk
17507,2,79,605.58,6.88,359,0,2011-02-03 18:08:00,2011-03-23 11:48:00,261,2,605.58,0,At Risk
17508,9,199,4546.78,19.60,2891,11,2009-12-07 11:46:00,2011-03-04 08:10:00,280,9,4546.78,0,At Risk
17509,11,75,6069.24,16.54,3512,4,2011-10-07 13:14:00,2011-10-13 12:16:00,57,11,6069.24,0,At Risk
17510,2,28,514.56,14.70,422,0,2010-10-15 10:20:00,2011-11-15 10:00:00,24,2,514.56,0,At Risk
17511,85,678,168491.62,81.12,117174,1725,2009-12-02 10:52:00,2011-12-07 10:12:00,2,85,168491.62,1,Potential Loyal
17512,20,102,5432.27,27.30,5434,13,2009-12-10 19:35:00,2011-11-11 12:11:00,28,20,5432.27,0,At Risk
17513,3,18,1158.80,64.38,440,0,2010-08-17 15:08:00,2011-09-28 16:42:00,71,3,1158.80,0,At Risk
17514,2,72,522.00,6.29,284,0,2010-02-08 14:00:00,2011-08-03 15:45:00,127,2,522.00,0,At Risk
17515,9,91,1602.51,8.95,527,0,2010-06-07 13:29:00,2011-11-08 14:04:00,30,9,1602.51,0,At Risk
17516,6,150,947.50,4.96,522,0,2010-11-26 12:50:00,2011-11-24 16:51:00,14,6,947.50,0,At Risk
17517,1,11,153.94,13.99,102,0,2011-02-04 11:48:00,2011-02-04 11:48:00,308,1,153.94,0,At Risk
17518,2,71,329.42,4.28,267,0,2010-03-28 13:31:00,2010-10-10 12:40:00,425,2,329.42,0,At Risk
17519,17,143,4767.50,23.14,3230,4,2009-12-01 09:57:00,2011-11-22 16:43:00,16,17,4767.50,0,At Risk
17520,1,30,546.81,18.23,365,0,2011-10-17 12:04:00,2011-10-17 12:04:00,53,1,546.81,0,At Risk
17521,6,65,1276.81,16.16,806,1,2010-10-01 11:49:00,2011-11-15 14:00:00,23,6,1276.81,0,At Risk
17522,5,59,1070.71,14.67,1034,0,2011-05-05 16:31:00,2011-12-08 12:31:00,1,5,1070.71,0,At Risk
17523,4,25,652.74,19.78,872,0,2011-11-20 13:40:00,2011-11-28 13:20:00,10,4,652.74,0,At Risk
17524,4,37,508.90,11.31,362,72,2010-09-27 16:20:00,2010-12-13 14:32:00,360,4,508.90,0,At Risk
17525,3,19,1161.90,44.69,338,0,2010-10-07 09:12:00,2010-12-15 12:05:00,359,3,1161.90,0,At Risk
17526,16,67,3450.04,35.94,1442,53,2009-12-17 16:18:00,2011-12-08 18:56:00,0,16,3450.04,0,At Risk
17527,6,45,888.86,18.14,488,25,2011-05-05 13:43:00,2011-10-17 12:32:00,53,6,888.86,0,At Risk
17528,11,183,3540.10,13.62,2138,8,2011-09-29 13:04:00,2011-12-08 13:27:00,0,11,3540.10,0,At Risk
17529,2,78,1240.25,15.13,790,0,2010-01-11 12:29:00,2010-04-08 17:51:00,609,2,1240.25,0,At Risk
17530,13,359,2790.74,5.84,1741,1,2009-12-06 16:17:00,2011-12-08 18:42:00,0,13,2790.74,0,At Risk
17531,9,57,1191.22,18.33,472,12,2009-12-08 17:30:00,2011-08-11 10:19:00,120,9,1191.22,0,At Risk
17532,1,4,65.34,16.34,30,0,2010-11-19 08:13:00,2010-11-19 08:13:00,385,1,65.34,0,At Risk
17533,1,1,34.80,34.80,24,0,2010-10-01 09:14:00,2010-10-01 09:14:00,434,1,34.80,0,At Risk
17534,5,76,1668.83,18.14,860,0,2010-02-25 16:55:00,2011-10-17 12:47:00,53,5,1668.83,0,At Risk
17535,1,13,164.40,12.65,136,0,2011-03-04 15:20:00,2011-03-04 15:20:00,279,1,164.40,0,At Risk
17536,3,16,364.83,22.80,201,0,2010-01-26 12:00:00,2011-06-15 13:23:00,176,3,364.83,0,At Risk
17537,2,74,887.67,12.00,699,0,2011-02-09 13:37:00,2011-11-10 10:56:00,29,2,887.67,0,At Risk
17538,1,9,98.42,10.94,134,0,2011-11-14 12:12:00,2011-11-14 12:12:00,25,1,98.42,0,At Risk
17539,7,133,997.34,6.78,708,12,2009-12-13 12:36:00,2010-04-01 15:45:00,616,7,997.34,0,At Risk
17540,7,41,1582.10,24.34,588,1,2010-04-19 09:47:00,2011-12-01 09:00:00,8,7,1582.10,0,At Risk
17541,1,31,119.86,3.87,44,0,2010-07-18 11:36:00,2010-07-18 11:36:00,509,1,119.86,0,At Risk
17542,3,57,340.85,5.33,323,0,2010-03-08 12:08:00,2011-03-15 11:45:00,269,3,340.85,0,At Risk
17543,1,13,120.05,9.23,62,0,2010-06-08 12:41:00,2010-06-08 12:41:00,549,1,120.05,0,At Risk
17544,3,80,944.82,10.74,410,0,2010-11-14 14:47:00,2010-11-14 15:08:00,389,3,944.82,0,At Risk
17545,6,204,1409.86,5.42,682,0,2010-05-11 10:04:00,2011-10-27 14:04:00,42,6,1409.86,0,At Risk
17546,1,1,-648.05,-648.05,0,1,2010-06-11 15:31:00,2010-06-11 15:31:00,545,1,-648.05,0,At Risk
17547,4,22,692.35,19.23,223,10,2010-02-12 14:34:00,2010-12-02 14:29:00,371,4,692.35,0,At Risk
17548,6,22,486.48,10.58,494,190,2010-11-08 16:19:00,2011-05-06 10:00:00,217,6,486.48,0,At Risk
17549,2,5,148.86,24.81,210,0,2011-10-19 10:05:00,2011-11-16 09:59:00,23,2,148.86,0,At Risk
17550,10,250,2165.54,6.41,968,60,2010-02-07 15:07:00,2011-05-26 14:09:00,196,10,2165.54,0,At Risk
17551,1,39,290.34,7.44,142,0,2010-12-15 14:12:00,2010-12-15 14:12:00,358,1,290.34,0,At Risk
17552,16,80,2740.68,18.39,1951,23,2010-03-22 09:19:00,2011-10-28 12:14:00,42,16,2740.68,0,At Risk
17553,4,2,3757.60,626.27,2288,0,2010-04-08 09:44:00,2011-08-02 10:00:00,129,4,3757.60,0,At Risk
17554,5,58,1952.45,22.19,1763,0,2011-07-14 20:01:00,2011-12-08 14:15:00,0,5,1952.45,0,At Risk
17555,5,220,1045.74,3.96,739,0,2010-05-02 16:02:00,2011-11-20 12:22:00,19,5,1045.74,0,At Risk
17556,2,13,300.67,21.48,184,0,2010-11-25 17:00:00,2011-05-18 10:48:00,205,2,300.67,0,At Risk
17557,4,28,575.46,16.44,310,0,2009-12-07 10:15:00,2011-11-25 12:57:00,13,4,575.46,0,At Risk
17558,1,28,259.17,9.26,54,0,2010-11-11 14:36:00,2010-11-11 14:36:00,392,1,259.17,0,At Risk
17559,1,12,167.62,13.97,270,0,2010-07-15 12:02:00,2010-07-15 12:02:00,512,1,167.62,0,At Risk
17560,8,37,1895.80,34.47,1588,0,2010-02-17 12:11:00,2011-09-06 09:18:00,94,8,1895.80,0,At Risk
17561,4,163,703.02,3.68,381,0,2009-12-06 13:29:00,2011-11-20 12:53:00,18,4,703.02,0,At Risk
17562,8,48,1107.38,17.30,817,4,2011-06-19 13:06:00,2011-11-25 14:21:00,13,8,1107.38,0,At Risk
17563,5,28,309.28,8.84,256,29,2010-04-07 10:02:00,2010-05-10 14:55:00,577,5,309.28,0,At Risk
17564,3,38,454.01,9.27,146,0,2011-09-20 14:00:00,2011-11-15 13:27:00,23,3,454.01,0,At Risk
17565,1,30,131.83,4.39,67,0,2010-05-02 11:54:00,2010-05-02 11:54:00,586,1,131.83,0,At Risk
17566,2,113,869.77,6.13,497,0,2011-11-14 13:42:00,2011-12-01 19:54:00,7,2,869.77,0,At Risk
17567,11,128,4519.16,21.73,2908,204,2010-09-24 10:48:00,2011-12-02 15:48:00,6,11,4519.16,0,At Risk
17568,1,61,374.45,6.04,275,0,2010-03-16 16:45:00,2010-03-16 16:45:00,632,1,374.45,0,At Risk
17569,1,29,344.14,11.87,159,0,2011-01-11 14:15:00,2011-01-11 14:15:00,331,1,344.14,0,At Risk
17570,2,1,0.00,0.00,1,1,2010-11-23 11:56:00,2010-11-23 13:54:00,380,2,0.00,0,At Risk
17571,5,290,1630.91,5.02,991,0,2010-06-15 12:50:00,2011-10-20 15:57:00,49,5,1630.91,0,At Risk
17572,10,14,652.21,20.38,327,0,2009-12-15 10:00:00,2011-09-29 17:53:00,70,10,652.21,0,At Risk
17573,4,24,362.90,13.96,308,6,2011-09-07 10:36:00,2011-11-10 13:01:00,28,4,362.90,0,At Risk
17574,1,8,185.65,23.21,77,0,2011-04-11 09:47:00,2011-04-11 09:47:00,242,1,185.65,0,At Risk
17575,1,5,171.70,34.34,72,0,2010-02-10 13:48:00,2010-02-10 13:48:00,666,1,171.70,0,At Risk
17576,45,417,8540.80,9.53,4583,45,2009-12-03 16:11:00,2011-12-01 18:12:00,7,45,8540.80,0,At Risk
17577,2,20,348.75,16.61,179,0,2010-02-09 10:10:00,2010-03-04 13:01:00,644,2,348.75,0,At Risk
17578,10,57,1003.73,14.34,529,58,2010-06-28 11:55:00,2011-06-02 11:42:00,190,10,1003.73,0,At Risk
17579,5,89,744.58,7.76,375,2,2010-05-10 14:28:00,2011-12-05 12:28:00,4,5,744.58,0,At Risk
17580,5,78,541.02,5.76,223,0,2010-10-13 14:28:00,2011-04-01 12:41:00,252,5,541.02,0,At Risk
17581,53,392,17440.89,20.71,9519,95,2009-12-03 12:34:00,2011-12-09 12:21:00,0,53,17440.89,0,At Risk
17582,6,92,1429.95,11.63,603,2,2010-03-26 12:23:00,2011-04-17 13:18:00,235,6,1429.95,0,At Risk
17583,1,7,135.95,19.42,55,0,2010-05-28 14:24:00,2010-05-28 14:24:00,559,1,135.95,0,At Risk
17584,7,85,5294.42,42.36,2464,12,2010-01-25 08:17:00,2011-12-02 17:12:00,6,7,5294.42,0,At Risk
17585,7,295,2064.71,5.38,2510,0,2010-08-18 16:39:00,2011-08-22 13:30:00,108,7,2064.71,0,At Risk
17586,1,8,167.40,20.93,68,0,2010-03-30 13:12:00,2010-03-30 13:12:00,618,1,167.40,0,At Risk
17587,1,42,176.71,4.21,67,0,2010-03-21 14:16:00,2010-03-21 14:16:00,627,1,176.71,0,At Risk
17588,9,36,2901.65,38.69,1379,12,2010-03-12 12:34:00,2011-08-31 13:37:00,99,9,2901.65,0,At Risk
17589,21,601,13692.89,10.44,8704,52,2010-03-07 13:48:00,2011-10-10 16:58:00,59,21,13692.89,0,At Risk
17590,3,162,1468.02,7.49,822,0,2011-10-30 14:05:00,2011-12-07 12:55:00,1,3,1468.02,0,At Risk
17591,9,93,2328.37,13.15,1028,1,2010-01-17 16:09:00,2011-09-27 13:42:00,72,9,2328.37,0,At Risk
17592,2,13,0.00,0.00,38,38,2009-12-01 10:44:00,2009-12-01 10:49:00,738,2,0.00,0,At Risk
17593,15,311,8040.52,19.24,5595,20,2009-12-04 14:35:00,2011-12-06 10:30:00,3,15,8040.52,0,At Risk
17594,4,70,2497.88,24.02,1368,0,2010-04-14 08:53:00,2011-09-15 16:34:00,84,4,2497.88,0,At Risk
17595,2,68,386.69,4.72,228,0,2011-11-02 16:19:00,2011-11-27 16:08:00,11,2,386.69,0,At Risk
17596,14,276,4478.11,9.18,7010,7,2009-12-15 13:21:00,2011-11-16 14:11:00,22,14,4478.11,0,At Risk
17597,7,110,3425.29,25.56,2215,10,2010-05-05 15:33:00,2011-05-10 11:54:00,213,7,3425.29,0,At Risk
17598,1,10,409.98,41.00,126,0,2010-11-23 17:43:00,2010-11-23 17:43:00,380,1,409.98,0,At Risk
17599,3,3,44.55,8.91,11,2,2010-08-19 12:50:00,2010-09-01 12:17:00,464,3,44.55,0,At Risk
17600,1,13,161.67,12.44,144,0,2011-11-22 09:43:00,2011-11-22 09:43:00,17,1,161.67,0,At Risk
17601,2,69,413.08,5.74,295,0,2010-11-24 14:29:00,2011-04-14 18:02:00,238,2,413.08,0,At Risk
17602,18,450,7240.73,7.88,5880,22,2010-03-30 17:25:00,2011-12-07 13:53:00,1,18,7240.73,0,At Risk
17603,11,106,114.91,1.00,638,130,2009-12-10 09:44:00,2011-10-20 19:19:00,49,11,114.91,0,At Risk
17604,6,142,942.38,4.53,614,0,2010-01-27 12:19:00,2011-05-06 13:43:00,216,6,942.38,0,At Risk
17605,1,13,160.75,12.37,71,0,2010-04-28 14:45:00,2010-04-28 14:45:00,589,1,160.75,0,At Risk
17606,1,6,87.30,14.55,42,0,2009-12-02 13:32:00,2009-12-02 13:32:00,736,1,87.30,0,At Risk
17607,1,22,333.81,15.17,269,0,2010-11-28 13:11:00,2010-11-28 13:11:00,375,1,333.81,0,At Risk
17608,4,134,488.06,3.07,528,0,2010-04-11 13:37:00,2011-11-06 13:06:00,32,4,488.06,0,At Risk
17609,14,317,1752.55,4.52,1321,77,2010-04-09 16:54:00,2011-10-30 12:28:00,40,14,1752.55,0,At Risk
17610,8,123,1410.29,8.34,893,20,2009-12-06 14:58:00,2010-06-17 16:34:00,539,8,1410.29,0,At Risk
17611,35,724,8170.93,7.29,5341,73,2009-12-01 13:29:00,2011-12-06 09:46:00,3,35,8170.93,0,At Risk
17612,32,214,5156.14,14.01,3521,60,2009-12-08 18:30:00,2011-10-17 14:59:00,52,32,5156.14,0,At Risk
17613,17,211,4494.77,14.36,2490,26,2011-02-07 11:20:00,2011-11-17 10:51:00,22,17,4494.77,0,At Risk
17614,1,97,386.32,3.94,235,0,2011-10-13 16:01:00,2011-10-13 16:01:00,56,1,386.32,0,At Risk
17615,7,47,714.30,12.53,378,6,2010-08-11 12:54:00,2011-08-01 14:06:00,129,7,714.30,0,At Risk
17616,4,1,734.40,183.60,288,0,2010-09-14 10:43:00,2011-06-19 10:11:00,173,4,734.40,0,At Risk
17617,2,20,227.14,11.36,249,29,2010-05-18 09:52:00,2010-05-30 12:48:00,558,2,227.14,0,At Risk
17618,13,202,3976.34,10.98,1798,5,2010-01-24 11:03:00,2011-12-04 11:50:00,5,13,3976.34,0,At Risk
17619,1,71,214.37,2.90,124,0,2011-01-31 14:18:00,2011-01-31 14:18:00,311,1,214.37,0,At Risk
17620,1,4,81.44,20.36,60,0,2011-10-11 12:08:00,2011-10-11 12:08:00,59,1,81.44,0,At Risk
17621,8,61,3029.32,44.55,1110,16,2010-10-04 09:37:00,2011-11-18 17:11:00,20,8,3029.32,0,At Risk
17622,3,19,1125.17,28.85,379,12,2010-04-20 13:38:00,2010-04-22 11:23:00,596,3,1125.17,0,At Risk
17623,7,130,2365.77,12.19,799,0,2009-12-14 14:36:00,2011-11-07 11:32:00,32,7,2365.77,0,At Risk
17624,4,91,1568.63,16.17,958,0,2009-12-20 12:35:00,2011-11-25 10:52:00,14,4,1568.63,0,At Risk
17625,8,429,5978.90,8.75,3505,0,2009-12-15 11:49:00,2011-11-21 13:36:00,17,8,5978.90,0,At Risk
17626,1,18,254.00,14.11,202,0,2010-04-16 12:15:00,2010-04-16 12:15:00,602,1,254.00,0,At Risk
17627,2,11,285.11,25.92,676,3,2009-12-10 19:08:00,2010-08-18 11:27:00,478,2,285.11,0,At Risk
17628,1,5,75.75,15.15,79,0,2011-09-19 15:21:00,2011-09-19 15:21:00,80,1,75.75,0,At Risk
17629,11,129,2425.52,15.45,1903,8,2010-10-14 13:35:00,2011-12-04 10:56:00,5,11,2425.52,0,At Risk
17630,2,24,503.60,19.37,158,0,2011-04-21 14:03:00,2011-06-23 11:58:00,169,2,503.60,0,At Risk
17631,7,66,998.49,14.47,591,0,2009-12-09 14:15:00,2011-12-08 09:47:00,1,7,998.49,0,At Risk
17632,2,1,-12.70,-6.35,0,2,2009-12-22 10:40:00,2009-12-22 14:25:00,716,2,-12.70,0,At Risk
17633,9,84,1974.89,19.17,899,14,2010-11-15 14:55:00,2011-11-08 13:25:00,30,9,1974.89,0,At Risk
17634,9,209,2358.59,7.97,838,0,2011-01-06 12:45:00,2011-11-03 13:09:00,35,9,2358.59,0,At Risk
17635,4,60,1256.83,16.76,770,7,2010-04-28 10:51:00,2010-10-11 15:12:00,423,4,1256.83,0,At Risk
17636,2,20,265.93,11.08,182,6,2011-11-20 14:40:00,2011-12-01 08:29:00,8,2,265.93,0,At Risk
17637,2,35,547.06,15.63,280,0,2011-08-16 13:25:00,2011-11-08 12:51:00,30,2,547.06,0,At Risk
17638,2,2,842.40,280.80,432,0,2009-12-18 09:58:00,2010-03-02 14:32:00,646,2,842.40,0,At Risk
17639,6,59,615.17,7.79,576,0,2010-08-13 11:59:00,2011-03-08 15:22:00,275,6,615.17,0,At Risk
17640,8,48,3107.59,45.70,1692,21,2010-03-23 09:15:00,2011-09-14 09:13:00,86,8,3107.59,0,At Risk
17641,1,1,-6.95,-6.95,0,1,2009-12-01 12:35:00,2009-12-01 12:35:00,738,1,-6.95,0,At Risk
17642,5,88,1824.49,16.89,1475,0,2009-12-05 16:01:00,2011-08-12 09:11:00,119,5,1824.49,0,At Risk
17643,2,30,439.70,14.18,226,0,2010-07-22 13:07:00,2010-12-01 14:38:00,372,2,439.70,0,At Risk
17644,28,160,5864.54,17.05,3469,59,2010-02-16 08:44:00,2011-12-08 13:43:00,0,28,5864.54,0,At Risk
17645,1,1,-9.90,-9.90,0,2,2009-12-11 13:31:00,2009-12-11 13:31:00,727,1,-9.90,0,At Risk
17646,16,124,3843.16,18.75,1308,9,2009-12-16 09:37:00,2011-05-04 13:17:00,218,16,3843.16,0,At Risk
17647,3,12,331.66,27.64,82,0,2010-02-08 14:39:00,2011-10-05 15:38:00,64,3,331.66,0,At Risk
17648,6,114,2208.42,17.53,954,1,2010-11-19 16:41:00,2011-10-10 09:41:00,60,6,2208.42,0,At Risk
17649,5,88,1542.44,15.27,723,7,2010-08-24 13:01:00,2011-07-28 10:50:00,134,5,1542.44,0,At Risk
17650,1,8,166.08,20.76,150,0,2011-11-18 14:52:00,2011-11-18 14:52:00,20,1,166.08,0,At Risk
17651,22,199,5632.59,16.52,4086,24,2010-07-01 12:17:00,2011-11-28 10:29:00,11,22,5632.59,0,At Risk
17652,18,118,4737.13,17.54,2509,30,2011-03-03 14:05:00,2011-11-14 12:55:00,24,18,4737.13,0,At Risk
17653,5,44,1175.88,23.52,1409,8,2011-08-11 15:24:00,2011-11-10 14:26:00,28,5,1175.88,0,At Risk
17654,1,22,117.55,5.34,41,0,2011-03-07 13:17:00,2011-03-07 13:17:00,276,1,117.55,0,At Risk
17655,10,75,2909.18,25.74,1268,160,2010-10-19 10:20:00,2011-11-29 11:34:00,10,10,2909.18,0,At Risk
17656,5,67,1674.69,20.42,1399,0,2011-08-03 10:45:00,2011-09-27 13:04:00,72,5,1674.69,0,At Risk
17657,1,7,126.00,18.00,60,0,2010-10-05 14:52:00,2010-10-05 14:52:00,429,1,126.00,0,At Risk
17658,3,17,485.88,21.13,616,94,2011-05-12 15:23:00,2011-11-29 11:47:00,10,3,485.88,0,At Risk
17659,17,150,3536.33,18.04,1752,40,2010-11-18 14:20:00,2011-12-06 09:29:00,3,17,3536.33,0,At Risk
17660,2,75,342.22,4.17,259,0,2009-12-02 16:02:00,2011-07-21 13:37:00,140,2,342.22,0,At Risk
17661,1,1,-54.00,-54.00,0,8,2010-03-08 16:28:00,2010-03-08 16:28:00,640,1,-54.00,0,At Risk
17662,2,14,412.92,27.53,184,0,2009-12-17 09:54:00,2010-02-16 09:38:00,661,2,412.92,0,At Risk
17663,23,153,5081.04,20.41,2297,29,2009-12-03 18:29:00,2011-11-14 08:56:00,25,23,5081.04,0,At Risk
17664,4,68,1166.23,14.58,1058,0,2010-03-29 17:17:00,2011-11-21 11:29:00,18,4,1166.23,0,At Risk
17665,1,19,563.10,29.64,690,0,2010-08-03 13:12:00,2010-08-03 13:12:00,492,1,563.10,0,At Risk
17666,5,30,2047.80,46.54,1552,0,2010-06-30 12:03:00,2011-12-06 09:06:00,3,5,2047.80,0,At Risk
17667,12,141,3883.80,16.67,2192,10,2010-02-23 09:57:00,2011-10-04 14:32:00,65,12,3883.80,0,At Risk
17668,2,14,347.75,23.18,93,0,2011-11-01 14:45:00,2011-12-08 13:25:00,0,2,347.75,0,At Risk
17669,10,85,6142.35,42.66,3505,0,2010-04-01 18:48:00,2011-10-28 08:53:00,42,10,6142.35,0,At Risk
17670,1,11,205.70,18.70,110,0,2011-04-26 09:12:00,2011-04-26 09:12:00,227,1,205.70,0,At Risk
17671,7,54,1720.53,20.73,987,113,2010-11-29 11:53:00,2011-11-24 12:21:00,15,7,1720.53,0,At Risk
17672,9,179,5707.08,27.05,2758,18,2010-01-26 17:20:00,2011-10-27 10:56:00,43,9,5707.08,0,At Risk
17673,15,195,4156.63,8.17,3284,5,2010-03-19 12:17:00,2011-12-08 13:06:00,0,15,4156.63,0,At Risk
17674,2,19,551.04,20.41,672,0,2010-12-06 10:20:00,2011-09-26 13:35:00,73,2,551.04,0,At Risk
17675,90,347,37064.32,32.20,16180,154,2009-12-10 16:10:00,2011-12-08 18:03:00,0,90,37064.32,0,At Risk
17676,13,86,2405.32,15.72,1764,66,2010-03-30 10:49:00,2011-12-05 15:16:00,3,13,2405.32,0,At Risk
17677,91,349,34232.18,46.64,20921,190,2009-12-11 13:19:00,2011-12-08 09:56:00,1,91,34232.18,0,At Risk
17678,3,27,579.81,19.99,368,1,2010-04-15 13:54:00,2011-03-21 11:52:00,263,3,579.81,0,At Risk
17679,11,70,3166.56,30.16,1755,341,2009-12-03 17:32:00,2011-10-18 07:43:00,52,11,3166.56,0,At Risk
17680,4,20,462.50,22.02,155,1,2010-07-16 16:07:00,2011-11-16 12:42:00,23,4,462.50,0,At Risk
17681,6,13,529.60,35.31,450,96,2009-12-11 13:11:00,2010-04-21 17:22:00,596,6,529.60,0,At Risk
17682,12,85,4050.28,18.33,2281,2,2010-03-08 09:49:00,2011-11-29 15:59:00,9,12,4050.28,0,At Risk
17683,3,41,819.01,17.80,781,0,2010-06-03 17:15:00,2010-11-19 10:11:00,385,3,819.01,0,At Risk
17684,1,15,239.41,15.96,145,0,2011-10-27 11:10:00,2011-10-27 11:10:00,43,1,239.41,0,At Risk
17685,14,124,5439.95,27.20,3474,12,2010-02-11 13:44:00,2011-11-23 11:36:00,16,14,5439.95,0,At Risk
17686,9,283,8296.81,19.34,3583,0,2010-06-24 09:49:00,2011-12-02 15:39:00,6,9,8296.81,0,At Risk
17687,1,26,432.68,16.64,210,0,2010-10-15 12:30:00,2010-10-15 12:30:00,420,1,432.68,0,At Risk
17688,2,19,286.50,14.33,114,6,2010-11-11 10:41:00,2010-11-30 10:51:00,374,2,286.50,0,At Risk
17689,2,17,317.08,14.41,300,0,2010-08-22 13:54:00,2010-11-16 13:22:00,387,2,317.08,0,At Risk
17690,21,237,6954.30,19.21,2939,6,2010-02-03 14:26:00,2011-11-09 15:17:00,29,21,6954.30,0,At Risk
17691,5,37,627.35,14.26,315,12,2010-06-11 11:50:00,2010-12-16 17:20:00,357,5,627.35,0,At Risk
17692,14,90,2962.40,18.06,2338,8,2010-06-17 11:14:00,2011-08-04 14:01:00,126,14,2962.40,0,At Risk
17693,3,16,187.02,10.39,231,2,2011-07-25 15:48:00,2011-07-26 17:12:00,135,3,187.02,0,At Risk
17694,3,54,1695.97,20.94,1493,0,2010-05-26 08:27:00,2011-07-21 12:00:00,141,3,1695.97,0,At Risk
17695,6,46,1720.54,27.75,1809,6,2010-01-28 09:27:00,2011-07-31 10:40:00,131,6,1720.54,0,At Risk
17696,48,192,7380.89,18.45,5891,142,2009-12-10 17:09:00,2011-11-01 13:43:00,37,48,7380.89,0,At Risk
17697,1,19,338.95,17.84,93,0,2011-04-17 15:40:00,2011-04-17 15:40:00,235,1,338.95,0,At Risk
17698,1,8,154.95,19.37,93,0,2011-03-24 11:34:00,2011-03-24 11:34:00,260,1,154.95,0,At Risk
17699,2,17,442.00,23.26,208,0,2010-05-27 11:53:00,2010-08-20 09:39:00,476,2,442.00,0,At Risk
17700,17,259,6640.72,18.19,3469,7,2009-12-01 11:37:00,2011-11-23 11:51:00,16,17,6640.72,0,At Risk
17701,1,24,417.95,17.41,109,0,2011-04-01 12:25:00,2011-04-01 12:25:00,252,1,417.95,0,At Risk
17702,9,120,2999.94,18.40,2153,38,2010-11-04 12:09:00,2011-11-09 16:03:00,29,9,2999.94,0,At Risk
17703,4,63,1094.84,14.04,897,0,2010-10-17 16:16:00,2011-11-04 15:51:00,34,4,1094.84,0,At Risk
17704,2,27,885.19,28.55,343,0,2011-04-14 09:28:00,2011-06-24 09:40:00,168,2,885.19,0,At Risk
17705,12,74,2041.50,16.33,1301,6,2010-05-12 09:47:00,2011-12-06 13:45:00,2,12,2041.50,0,At Risk
17706,43,413,19066.07,24.63,7824,197,2010-01-19 12:13:00,2011-12-05 13:34:00,3,43,19066.07,0,At Risk
17707,9,10,605.05,24.20,546,1,2009-12-07 12:19:00,2011-06-07 15:03:00,184,9,605.05,0,At Risk
17708,4,57,884.18,12.11,387,0,2010-10-12 12:13:00,2011-06-05 10:12:00,187,4,884.18,0,At Risk
17709,5,37,671.01,16.78,295,0,2010-04-15 14:48:00,2011-06-23 11:55:00,169,5,671.01,0,At Risk
17710,1,20,293.50,14.68,158,0,2010-10-12 07:49:00,2010-10-12 07:49:00,423,1,293.50,0,At Risk
17711,2,22,385.10,16.74,246,0,2011-02-23 11:32:00,2011-11-29 11:40:00,10,2,385.10,0,At Risk
17712,1,29,522.91,18.03,215,0,2011-10-26 12:28:00,2011-10-26 12:28:00,44,1,522.91,0,At Risk
17713,4,55,1198.09,15.76,989,0,2010-06-09 09:33:00,2010-11-22 16:50:00,381,4,1198.09,0,At Risk
17714,9,69,1376.58,16.20,608,18,2010-07-14 10:41:00,2011-01-23 10:32:00,320,9,1376.58,0,At Risk
17715,2,1,489.60,244.80,576,0,2010-04-26 12:17:00,2011-05-23 12:32:00,200,2,489.60,0,At Risk
17716,27,335,15671.32,25.52,8819,115,2009-12-02 17:18:00,2011-11-17 12:00:00,22,27,15671.32,0,At Risk
17717,1,26,376.92,14.50,344,0,2010-10-14 12:54:00,2010-10-14 12:54:00,420,1,376.92,0,At Risk
17718,3,22,386.98,16.12,274,36,2010-03-05 08:01:00,2011-04-21 13:39:00,231,3,386.98,0,At Risk
17719,18,111,5367.80,19.31,2466,11,2011-03-29 11:29:00,2011-11-02 10:36:00,37,18,5367.80,0,At Risk
17720,12,81,2613.06,19.36,1589,5,2010-05-10 09:58:00,2011-11-13 15:04:00,25,12,2613.06,0,At Risk
17721,1,11,307.21,27.93,107,0,2010-02-18 15:18:00,2010-02-18 15:18:00,658,1,307.21,0,At Risk
17722,7,163,3476.82,19.42,2412,23,2010-11-29 09:44:00,2011-09-04 15:22:00,95,7,3476.82,0,At Risk
17723,7,6,3378.40,281.53,912,0,2010-11-29 10:35:00,2011-08-04 18:37:00,126,7,3378.40,0,At Risk
17724,4,38,995.65,22.13,300,11,2011-07-24 13:26:00,2011-10-13 10:53:00,57,4,995.65,0,At Risk
17725,14,115,3371.13,17.03,2162,21,2011-03-17 19:47:00,2011-11-23 16:34:00,15,14,3371.13,0,At Risk
17726,8,52,1089.56,16.76,444,2,2010-01-26 14:58:00,2010-11-09 13:37:00,394,8,1089.56,0,At Risk
17727,2,66,1042.55,15.56,645,6,2011-11-24 17:06:00,2011-11-30 15:21:00,8,2,1042.55,0,At Risk
17728,8,197,3861.13,15.38,2146,9,2010-09-12 14:58:00,2011-12-06 08:52:00,3,8,3861.13,0,At Risk
17729,1,23,438.65,19.07,247,0,2010-04-22 15:03:00,2010-04-22 15:03:00,595,1,438.65,0,At Risk
17730,23,178,7757.35,24.47,5300,17,2010-04-29 11:48:00,2011-12-06 15:43:00,2,23,7757.35,0,At Risk
17731,7,82,1347.08,11.71,707,101,2010-02-09 12:37:00,2011-09-21 15:02:00,78,7,1347.08,0,At Risk
17732,10,90,2144.17,17.15,1058,6,2010-08-09 08:41:00,2010-12-02 09:29:00,372,10,2144.17,0,At Risk
17733,2,33,692.19,19.78,463,0,2011-03-23 09:54:00,2011-11-01 08:16:00,38,2,692.19,0,At Risk
17734,6,76,1442.32,16.77,741,0,2010-03-07 13:55:00,2011-10-17 12:33:00,53,6,1442.32,0,At Risk
17735,29,391,16707.98,19.01,10683,29,2010-07-30 13:25:00,2011-12-07 16:47:00,1,29,16707.98,0,At Risk
17736,4,24,337.49,12.98,238,1,2011-08-18 14:33:00,2011-11-30 15:36:00,8,4,337.49,0,At Risk
17737,2,8,168.24,16.82,108,0,2011-10-12 14:42:00,2011-11-30 15:16:00,8,2,168.24,0,At Risk
17738,15,173,4145.36,17.79,2776,8,2010-03-19 10:07:00,2011-11-20 15:05:00,18,15,4145.36,0,At Risk
17739,20,56,7718.14,50.78,2335,8,2009-12-07 10:48:00,2011-11-28 09:12:00,11,20,7718.14,0,At Risk
17740,6,5,426.90,47.43,222,0,2010-01-11 13:11:00,2010-11-15 16:33:00,388,6,426.90,0,At Risk
17741,2,6,101.10,16.85,114,0,2010-05-28 12:11:00,2010-10-29 11:59:00,406,2,101.10,0,At Risk
17742,11,52,2098.48,24.69,653,0,2009-12-01 13:16:00,2011-08-18 15:28:00,112,11,2098.48,0,At Risk
17743,2,3,208.85,41.77,96,13,2010-09-17 14:54:00,2010-09-23 15:01:00,441,2,208.85,0,At Risk
17744,8,122,2617.82,17.22,3826,36,2010-11-24 09:34:00,2011-12-06 12:11:00,3,8,2617.82,0,At Risk
17745,2,27,600.34,21.44,164,0,2010-06-02 09:03:00,2010-08-19 12:30:00,477,2,600.34,0,At Risk
17746,7,32,873.43,21.84,688,29,2010-04-08 12:54:00,2011-04-19 11:26:00,234,7,873.43,0,At Risk
17747,2,1,64.65,32.33,12,1,2011-08-19 08:13:00,2011-08-31 13:29:00,99,2,64.65,0,At Risk
17748,1,17,358.15,21.07,111,0,2010-06-30 13:49:00,2010-06-30 13:49:00,526,1,358.15,0,At Risk
17749,3,52,1026.18,18.00,446,0,2010-06-11 14:56:00,2011-06-14 15:45:00,177,3,1026.18,0,At Risk
17750,9,101,1710.45,9.30,3747,0,2011-06-28 15:44:00,2011-12-04 14:09:00,4,9,1710.45,0,At Risk
17751,1,31,157.86,4.93,147,0,2010-10-14 13:57:00,2010-10-14 13:57:00,420,1,157.86,0,At Risk
17752,1,1,80.64,80.64,192,0,2010-12-15 16:19:00,2010-12-15 16:19:00,358,1,80.64,0,At Risk
17753,5,63,379.56,5.42,124,2,2010-01-06 14:20:00,2010-09-01 15:49:00,463,5,379.56,0,At Risk
17754,16,185,4383.08,19.31,4366,67,2009-12-11 15:52:00,2011-12-09 11:20:00,0,16,4383.08,0,At Risk
17755,1,10,-72.23,-7.22,0,30,2010-10-11 15:45:00,2010-10-11 15:45:00,423,1,-72.23,0,At Risk
17756,3,54,728.75,8.68,399,0,2010-11-10 12:54:00,2010-11-29 12:20:00,375,3,728.75,0,At Risk
17757,60,362,8994.44,7.13,5011,59,2010-01-13 15:56:00,2011-12-08 15:31:00,0,60,8994.44,0,At Risk
17758,12,403,4964.03,9.40,3199,0,2010-05-20 13:18:00,2011-11-20 14:45:00,18,12,4964.03,0,At Risk
17759,5,114,1261.88,9.49,965,0,2010-05-05 11:40:00,2011-11-22 16:02:00,16,5,1261.88,0,At Risk
17760,7,58,739.14,10.87,531,1,2010-02-28 12:15:00,2011-11-18 10:56:00,21,7,739.14,0,At Risk
17761,1,19,712.78,37.51,398,0,2011-11-07 10:23:00,2011-11-07 10:23:00,32,1,712.78,0,At Risk
17762,1,16,129.75,7.63,129,0,2010-09-09 17:40:00,2010-09-09 17:40:00,455,1,129.75,0,At Risk
17763,5,11,51.15,2.56,41,14,2010-02-18 14:32:00,2011-03-21 14:25:00,262,5,51.15,0,At Risk
17764,5,126,1513.57,10.16,674,0,2009-12-03 14:28:00,2011-10-20 11:03:00,50,5,1513.57,0,At Risk
17765,4,71,524.00,6.47,195,0,2010-09-17 12:45:00,2011-07-04 12:41:00,158,4,524.00,0,At Risk
17766,2,21,299.61,13.62,155,0,2010-11-23 14:17:00,2010-11-23 14:29:00,380,2,299.61,0,At Risk
17767,2,35,413.05,10.59,198,0,2010-10-25 16:22:00,2011-11-24 14:42:00,14,2,413.05,0,At Risk
17768,8,134,3287.78,17.97,2339,1,2009-12-02 12:26:00,2011-12-01 13:22:00,7,8,3287.78,0,At Risk
17769,21,331,6944.96,11.67,3157,49,2010-01-19 11:33:00,2011-11-27 11:18:00,12,21,6944.96,0,At Risk
17770,5,33,1143.27,30.09,365,0,2011-03-02 13:35:00,2011-05-25 12:34:00,198,5,1143.27,0,At Risk
17771,4,63,387.41,5.61,373,0,2010-04-29 13:21:00,2011-10-14 11:43:00,56,4,387.41,0,At Risk
17772,3,94,360.75,3.76,113,0,2010-11-12 11:31:00,2011-11-29 11:05:00,10,3,360.75,0,At Risk
17773,2,48,575.37,10.46,254,0,2010-01-18 14:32:00,2010-07-13 14:07:00,513,2,575.37,0,At Risk
17774,13,286,2891.48,7.21,1585,4,2010-02-08 16:06:00,2011-09-04 12:49:00,96,13,2891.48,0,At Risk
17775,1,3,56.40,18.80,72,0,2011-03-30 10:50:00,2011-03-30 10:50:00,254,1,56.40,0,At Risk
17776,3,74,323.81,4.00,273,1,2009-12-16 14:59:00,2010-11-18 12:14:00,386,3,323.81,0,At Risk
17777,3,141,647.56,3.41,501,0,2011-08-31 14:35:00,2011-11-15 12:02:00,24,3,647.56,0,At Risk
17778,1,10,197.70,19.77,214,0,2010-02-16 12:44:00,2010-02-16 12:44:00,661,1,197.70,0,At Risk
17779,5,73,633.92,7.64,396,3,2011-07-19 12:19:00,2011-11-18 14:15:00,20,5,633.92,0,At Risk
17780,3,76,346.56,4.39,156,0,2010-01-24 11:21:00,2010-02-10 13:43:00,666,3,346.56,0,At Risk
17781,2,12,188.02,15.67,34,0,2011-03-31 19:54:00,2011-07-03 16:00:00,158,2,188.02,0,At Risk
17782,2,29,679.02,23.41,538,0,2010-11-22 10:03:00,2010-11-22 11:15:00,382,2,679.02,0,At Risk
17783,3,91,376.96,4.14,438,0,2010-07-15 12:50:00,2011-09-28 16:07:00,71,3,376.96,0,At Risk
17784,1,19,112.86,4.91,72,0,2010-06-07 16:08:00,2010-06-07 16:08:00,549,1,112.86,0,At Risk
17785,3,48,403.38,7.91,227,0,2010-05-23 13:01:00,2011-10-17 13:43:00,52,3,403.38,0,At Risk
17786,2,57,266.85,3.92,195,0,2011-01-26 14:35:00,2011-09-15 12:51:00,84,2,266.85,0,At Risk
17787,4,94,1817.54,14.20,896,0,2010-12-03 13:43:00,2011-07-10 11:24:00,152,4,1817.54,0,At Risk
17788,2,3,1117.90,223.58,211,0,2011-08-02 10:38:00,2011-09-27 10:09:00,73,2,1117.90,0,At Risk
17789,2,27,397.15,13.69,199,0,2010-02-16 13:16:00,2011-03-03 13:14:00,280,2,397.15,0,At Risk
17790,20,188,2779.41,9.20,1387,0,2010-06-13 13:30:00,2011-11-13 11:30:00,26,20,2779.41,0,At Risk
17791,1,10,106.10,10.61,46,0,2011-11-10 12:09:00,2011-11-10 12:09:00,29,1,106.10,0,At Risk
17792,2,45,368.35,7.08,149,0,2010-08-18 13:08:00,2010-08-29 14:30:00,466,2,368.35,0,At Risk
17793,1,49,300.34,5.78,226,0,2011-11-14 14:24:00,2011-11-14 14:24:00,24,1,300.34,0,At Risk
17794,2,7,147.30,21.04,46,0,2010-01-20 12:17:00,2010-01-22 10:18:00,686,2,147.30,0,At Risk
17795,2,43,342.83,7.62,305,0,2011-03-20 12:02:00,2011-06-13 12:36:00,179,2,342.83,0,At Risk
17796,7,149,1236.39,6.09,347,0,2010-10-14 13:37:00,2011-10-30 15:38:00,39,7,1236.39,0,At Risk
17797,8,222,1971.87,7.28,1086,0,2009-12-15 14:30:00,2011-11-17 13:21:00,21,8,1971.87,0,At Risk
17798,1,43,178.07,3.96,138,0,2010-05-07 11:42:00,2010-05-07 11:42:00,581,1,178.07,0,At Risk
17799,23,478,6121.78,6.72,3674,15,2009-12-13 16:03:00,2011-11-17 15:16:00,21,23,6121.78,0,At Risk
17800,9,51,1187.21,11.53,732,0,2011-01-09 13:50:00,2011-11-02 12:57:00,36,9,1187.21,0,At Risk
17801,4,67,767.48,9.36,820,3,2010-01-17 11:31:00,2010-09-14 14:32:00,450,4,767.48,0,At Risk
17802,16,285,4808.94,8.86,2705,31,2009-12-13 13:39:00,2011-09-18 14:56:00,81,16,4808.94,0,At Risk
17803,1,27,184.66,6.84,98,0,2010-11-12 13:53:00,2010-11-12 13:53:00,391,1,184.66,0,At Risk
17804,4,83,378.68,4.12,194,1,2009-12-01 12:22:00,2010-11-28 14:01:00,375,4,378.68,0,At Risk
17805,2,10,927.03,84.28,1126,0,2010-04-08 14:36:00,2011-09-27 11:49:00,73,2,927.03,0,At Risk
17806,1,43,546.04,12.70,727,0,2011-11-28 14:12:00,2011-11-28 14:12:00,10,1,546.04,0,At Risk
17807,3,88,437.87,4.92,262,0,2010-01-04 14:00:00,2010-11-09 16:21:00,394,3,437.87,0,At Risk
17808,4,29,262.64,7.96,143,0,2010-05-07 16:26:00,2010-06-09 10:44:00,548,4,262.64,0,At Risk
17809,24,60,9247.35,90.66,2995,44,2009-12-02 14:52:00,2011-11-23 13:00:00,15,24,9247.35,0,At Risk
17810,3,51,343.21,6.13,118,1,2010-01-25 10:26:00,2010-02-09 10:51:00,668,3,343.21,0,At Risk
17811,60,538,9358.53,7.97,5278,50,2010-09-20 11:24:00,2011-12-05 13:46:00,3,60,9358.53,0,At Risk
17812,7,162,911.99,4.83,444,0,2010-06-27 13:34:00,2011-11-27 11:47:00,12,7,911.99,0,At Risk
17813,7,297,1641.79,4.62,752,13,2011-09-29 15:57:00,2011-11-25 16:13:00,13,7,1641.79,0,At Risk
17814,2,112,1609.37,11.25,1435,0,2010-10-13 14:03:00,2010-11-29 14:21:00,374,2,1609.37,0,At Risk
17815,1,13,591.96,45.54,612,0,2010-11-11 14:39:00,2010-11-11 14:39:00,392,1,591.96,0,At Risk
17816,6,41,96.11,2.14,80,0,2009-12-15 15:27:00,2011-11-03 11:34:00,36,6,96.11,0,At Risk
17817,7,115,781.45,5.75,353,2,2010-10-13 15:07:00,2011-12-05 14:39:00,3,7,781.45,0,At Risk
17818,1,42,124.78,2.97,86,0,2009-12-02 11:34:00,2009-12-02 11:34:00,737,1,124.78,0,At Risk
17819,13,66,5977.25,66.41,1610,4,2009-12-13 15:24:00,2011-09-29 10:52:00,71,13,5977.25,0,At Risk
17820,3,44,156.56,3.40,111,5,2010-11-30 17:43:00,2011-06-01 15:14:00,190,3,156.56,0,At Risk
17821,1,6,334.62,55.77,162,0,2010-10-29 13:20:00,2010-10-29 13:20:00,405,1,334.62,0,At Risk
17822,5,152,2162.93,12.80,1375,0,2010-05-28 12:15:00,2010-10-15 13:47:00,419,5,2162.93,0,At Risk
17823,2,88,449.25,4.49,252,0,2010-10-14 16:14:00,2010-10-14 16:24:00,420,2,449.25,0,At Risk
17824,1,13,298.40,22.95,408,0,2011-10-19 14:14:00,2011-10-19 14:14:00,50,1,298.40,0,At Risk
17825,4,24,701.96,26.00,516,0,2009-12-14 12:09:00,2010-04-20 12:01:00,598,4,701.96,0,At Risk
17826,1,33,133.34,4.04,84,0,2010-11-30 13:23:00,2010-11-30 13:23:00,373,1,133.34,0,At Risk
17827,7,240,2369.42,8.40,1582,1,2010-03-28 12:20:00,2011-12-04 15:00:00,4,7,2369.42,0,At Risk
17828,9,54,1599.97,19.51,667,26,2011-06-08 08:31:00,2011-12-01 09:34:00,8,9,1599.97,0,At Risk
17829,6,121,4680.42,27.21,3009,72,2010-02-22 15:39:00,2011-02-14 12:46:00,298,6,4680.42,0,At Risk
17830,3,18,398.70,17.33,92,0,2011-02-24 10:15:00,2011-12-08 12:28:00,1,3,398.70,0,At Risk
17831,1,2,35.40,17.70,12,0,2011-11-06 15:09:00,2011-11-06 15:09:00,32,1,35.40,0,At Risk
17832,1,61,155.37,2.55,208,0,2011-10-21 11:43:00,2011-10-21 11:43:00,49,1,155.37,0,At Risk
17833,1,28,338.46,10.92,143,0,2009-12-16 13:40:00,2009-12-16 13:40:00,722,1,338.46,0,At Risk
17834,2,54,689.67,11.89,639,0,2010-09-20 15:32:00,2010-10-21 12:09:00,414,2,689.67,0,At Risk
17835,3,45,342.24,5.80,344,0,2011-11-16 16:30:00,2011-12-07 11:48:00,2,3,342.24,0,At Risk
17836,1,23,110.21,4.59,88,0,2011-10-23 16:13:00,2011-10-23 16:13:00,46,1,110.21,0,At Risk
17837,10,110,1508.38,9.14,510,3,2011-06-29 16:44:00,2011-10-28 16:15:00,41,10,1508.38,0,At Risk
17838,15,141,5134.49,18.95,3491,439,2010-03-19 09:53:00,2011-11-13 11:38:00,26,15,5134.49,0,At Risk
17839,1,50,318.15,6.12,257,0,2011-10-28 17:27:00,2011-10-28 17:27:00,41,1,318.15,0,At Risk
17840,1,44,175.90,3.52,128,0,2010-09-22 12:24:00,2010-09-22 12:24:00,443,1,175.90,0,At Risk
17841,289,2121,67186.87,5.32,36584,433,2009-12-02 15:41:00,2011-12-08 12:07:00,1,289,67186.87,1,Potential Loyal
17842,1,18,430.69,23.93,89,0,2010-04-16 14:23:00,2010-04-16 14:23:00,601,1,430.69,0,At Risk
17843,2,58,320.40,5.17,251,0,2010-10-24 10:56:00,2011-02-09 15:33:00,302,2,320.40,0,At Risk
17844,1,5,51.56,10.31,52,0,2011-08-25 11:27:00,2011-08-25 11:27:00,106,1,51.56,0,At Risk
17845,4,42,596.09,12.68,195,0,2010-05-12 13:04:00,2010-06-02 15:20:00,554,4,596.09,0,At Risk
17846,1,1,2033.10,2033.10,1,0,2011-09-15 15:20:00,2011-09-15 15:20:00,84,1,2033.10,0,At Risk
17847,2,9,129.69,14.41,29,0,2010-03-04 12:57:00,2010-07-12 10:00:00,515,2,129.69,0,At Risk
17848,31,106,3546.36,21.36,1404,1,2009-12-06 13:19:00,2011-09-19 16:49:00,80,31,3546.36,0,At Risk
17849,8,24,1063.76,21.28,224,0,2010-03-14 15:17:00,2011-05-05 13:46:00,217,8,1063.76,0,At Risk
17850,159,104,50407.77,19.96,21052,176,2009-12-05 12:28:00,2011-02-10 14:38:00,301,159,50407.77,1,Potential Loyal
17851,6,185,1552.35,6.69,933,0,2009-12-03 17:46:00,2010-10-13 15:13:00,421,6,1552.35,0,At Risk
17852,5,82,657.81,6.09,372,0,2009-12-08 12:51:00,2011-11-28 12:36:00,11,5,657.81,0,At Risk
17853,3,84,1596.29,15.20,625,0,2009-12-03 15:09:00,2010-10-28 15:29:00,406,3,1596.29,0,At Risk
17854,6,113,1068.50,9.06,607,0,2009-12-08 11:13:00,2011-06-07 16:21:00,184,6,1068.50,0,At Risk
17855,1,17,208.97,12.29,197,0,2010-12-02 09:44:00,2010-12-02 09:44:00,372,1,208.97,0,At Risk
17856,6,12,1393.79,81.99,842,16,2011-03-03 11:40:00,2011-12-08 09:40:00,1,6,1393.79,0,At Risk
17857,26,21,27231.34,469.51,19906,170,2010-03-08 12:09:00,2011-12-06 13:41:00,2,26,27231.34,0,At Risk
17858,32,174,12444.30,33.18,5383,3,2009-12-06 15:41:00,2011-12-04 11:56:00,5,32,12444.30,0,At Risk
17859,1,23,141.92,6.17,102,0,2011-02-08 10:32:00,2011-02-08 10:32:00,304,1,141.92,0,At Risk
17860,4,127,717.39,4.43,696,0,2009-12-11 16:48:00,2010-12-06 12:41:00,368,4,717.39,0,At Risk
17861,22,331,5025.19,8.93,4541,24,2009-12-10 10:33:00,2011-12-06 16:21:00,2,22,5025.19,0,At Risk
17862,4,90,1254.89,12.68,440,0,2010-05-25 17:22:00,2011-01-20 12:23:00,323,4,1254.89,0,At Risk
17863,12,154,5360.48,21.02,4676,0,2010-02-25 12:01:00,2011-10-11 13:45:00,58,12,5360.48,0,At Risk
17864,5,93,876.57,6.64,1015,0,2010-10-08 11:49:00,2011-11-27 11:15:00,12,5,876.57,0,At Risk
17865,62,391,25586.85,24.28,12950,158,2009-12-01 10:49:00,2011-11-09 12:08:00,30,62,25586.85,0,At Risk
17866,4,20,1131.00,41.89,535,1,2009-12-14 16:01:00,2011-07-20 11:09:00,142,4,1131.00,0,At Risk
17867,20,121,856.55,5.64,638,320,2009-12-02 13:02:00,2011-11-09 14:15:00,29,20,856.55,0,At Risk
17868,1,18,227.15,12.62,85,0,2010-11-18 18:55:00,2010-11-18 18:55:00,385,1,227.15,0,At Risk
17869,7,72,813.64,10.17,491,0,2010-06-10 13:47:00,2011-08-24 16:16:00,106,7,813.64,0,At Risk
17870,14,215,2748.34,10.07,1699,1,2010-11-23 11:39:00,2011-12-07 15:07:00,1,14,2748.34,0,At Risk
17871,5,64,1068.95,12.88,665,0,2010-01-15 14:48:00,2011-05-19 11:32:00,204,5,1068.95,0,At Risk
17872,1,15,235.87,15.72,176,0,2010-11-23 12:02:00,2010-11-23 12:02:00,381,1,235.87,0,At Risk
17873,20,65,5979.01,33.78,4159,552,2009-12-16 15:11:00,2011-09-20 16:41:00,79,20,5979.01,0,At Risk
17874,7,37,658.26,14.01,221,12,2011-03-29 11:25:00,2011-06-07 12:54:00,184,7,658.26,0,At Risk
17875,1,25,167.10,6.43,98,0,2010-01-20 15:30:00,2010-01-20 15:30:00,687,1,167.10,0,At Risk
17876,3,3,3424.02,856.01,1958,0,2010-02-02 13:00:00,2010-11-05 10:52:00,399,3,3424.02,0,At Risk
17877,1,12,237.61,19.80,98,0,2011-06-22 13:00:00,2011-06-22 13:00:00,169,1,237.61,0,At Risk
17878,3,82,1378.93,16.82,1014,0,2010-11-09 13:50:00,2011-10-27 11:24:00,43,3,1378.93,0,At Risk
17879,1,6,178.52,29.75,45,0,2011-06-19 12:36:00,2011-06-19 12:36:00,173,1,178.52,0,At Risk
17880,3,43,824.92,18.33,466,0,2009-12-09 16:13:00,2010-12-10 10:21:00,364,3,824.92,0,At Risk
17881,1,8,133.35,16.67,32,0,2011-02-08 17:16:00,2011-02-08 17:16:00,303,1,133.35,0,At Risk
17882,2,47,291.56,5.50,130,0,2010-11-25 14:35:00,2010-11-25 14:40:00,378,2,291.56,0,At Risk
17883,8,155,972.52,5.59,476,2,2010-02-25 20:07:00,2011-12-06 17:49:00,2,8,972.52,0,At Risk
17884,23,305,2654.47,6.43,2749,13,2009-12-04 16:22:00,2011-12-06 11:33:00,3,23,2654.47,0,At Risk
17885,1,50,156.34,2.95,110,0,2011-11-27 14:40:00,2011-11-27 14:40:00,11,1,156.34,0,At Risk
17886,7,139,1562.60,9.36,711,1,2009-12-14 10:51:00,2011-11-08 10:09:00,31,7,1562.60,0,At Risk
17887,1,10,111.35,11.14,30,0,2011-08-02 17:29:00,2011-08-02 17:29:00,128,1,111.35,0,At Risk
17888,31,146,1305.90,6.43,1536,692,2009-12-21 16:34:00,2011-11-21 10:18:00,18,31,1305.90,0,At Risk
17889,7,97,746.42,6.43,403,0,2010-03-31 10:54:00,2011-05-11 16:26:00,211,7,746.42,0,At Risk
17890,2,88,586.89,6.45,402,0,2010-12-13 15:12:00,2011-01-21 11:19:00,322,2,586.89,0,At Risk
17891,1,34,203.86,6.00,393,0,2011-06-30 20:08:00,2011-06-30 20:08:00,161,1,203.86,0,At Risk
17892,3,27,244.10,8.72,109,0,2011-07-07 12:56:00,2011-10-14 16:49:00,55,3,244.10,0,At Risk
17893,1,15,107.21,7.15,149,0,2011-04-28 13:50:00,2011-04-28 13:50:00,224,1,107.21,0,At Risk
17894,20,215,2248.86,5.49,938,44,2010-08-27 14:13:00,2011-09-29 09:23:00,71,20,2248.86,0,At Risk
17895,1,15,95.45,6.36,127,0,2011-10-26 17:00:00,2011-10-26 17:00:00,43,1,95.45,0,At Risk
17896,1,2,256.32,128.16,288,0,2011-11-16 13:59:00,2011-11-16 13:59:00,22,1,256.32,0,At Risk
17897,10,211,2074.39,7.89,864,6,2010-05-12 16:03:00,2011-06-20 11:23:00,172,10,2074.39,0,At Risk
17898,4,48,299.18,5.98,251,0,2010-05-21 17:22:00,2011-09-15 14:56:00,84,4,299.18,0,At Risk
17899,1,29,154.55,4.99,170,0,2011-07-03 14:58:00,2011-07-03 14:58:00,158,1,154.55,0,At Risk
17900,4,4,15.00,1.36,73,72,2011-06-02 14:28:00,2011-06-28 12:09:00,164,4,15.00,0,At Risk
17901,3,22,260.08,11.82,38,0,2010-07-06 10:54:00,2011-11-10 17:29:00,28,3,260.08,0,At Risk
17902,1,24,216.40,9.02,526,0,2010-06-11 12:25:00,2010-06-11 12:25:00,546,1,216.40,0,At Risk
17903,1,44,381.09,8.47,142,0,2010-11-10 15:39:00,2010-11-10 15:39:00,393,1,381.09,0,At Risk
17904,2,33,168.32,4.81,59,1,2011-11-18 12:57:00,2011-11-18 13:57:00,20,2,168.32,0,At Risk
17905,14,129,2169.57,14.76,1299,2,2010-01-28 17:54:00,2011-09-29 17:33:00,70,14,2169.57,0,At Risk
17906,1,12,72.90,6.08,26,0,2011-04-06 17:25:00,2011-04-06 17:25:00,246,1,72.90,0,At Risk
17907,1,13,291.76,22.44,1046,0,2010-03-09 12:33:00,2010-03-09 12:33:00,640,1,291.76,0,At Risk
17908,7,178,1088.82,5.16,670,27,2009-12-14 12:24:00,2010-12-01 11:45:00,373,7,1088.82,0,At Risk
17909,1,8,110.05,13.76,35,0,2009-12-02 13:10:00,2009-12-02 13:10:00,736,1,110.05,0,At Risk
17910,1,25,261.70,10.07,121,0,2009-12-13 16:04:00,2009-12-13 16:04:00,725,1,261.70,0,At Risk
17911,1,39,366.23,9.39,223,0,2011-11-30 14:52:00,2011-11-30 14:52:00,8,1,366.23,0,At Risk
17912,7,48,359.15,6.78,215,2,2010-11-29 13:53:00,2011-02-02 14:25:00,309,7,359.15,0,At Risk
17913,14,224,3429.29,7.36,1725,0,2009-12-03 13:02:00,2011-10-12 10:45:00,58,14,3429.29,0,At Risk
17914,1,72,329.36,4.39,457,0,2011-12-06 11:58:00,2011-12-06 11:58:00,3,1,329.36,0,At Risk
17915,1,27,225.78,7.79,184,0,2010-06-06 13:22:00,2010-06-06 13:22:00,550,1,225.78,0,At Risk
17916,2,15,43.87,2.31,90,0,2009-12-06 14:10:00,2010-03-21 12:26:00,628,2,43.87,0,At Risk
17917,3,77,335.03,3.64,184,0,2010-12-12 12:08:00,2011-10-25 13:20:00,44,3,335.03,0,At Risk
17918,3,34,396.39,9.91,352,0,2010-07-22 14:20:00,2010-07-27 11:51:00,500,3,396.39,0,At Risk
17919,2,37,1840.32,46.01,1452,0,2010-09-27 10:40:00,2011-09-12 13:41:00,87,2,1840.32,0,At Risk
17920,56,715,23575.23,14.35,12265,3,2009-12-06 10:37:00,2011-12-05 14:29:00,3,56,23575.23,0,At Risk
17921,12,230,2354.21,6.50,991,13,2010-07-15 20:05:00,2011-10-06 18:56:00,63,12,2354.21,0,At Risk
17922,1,8,170.40,21.30,49,0,2010-06-14 16:32:00,2010-06-14 16:32:00,542,1,170.40,0,At Risk
17923,3,2,497.00,165.67,140,0,2010-06-13 13:58:00,2011-03-02 15:15:00,281,3,497.00,0,At Risk
17924,14,27,3189.53,79.74,1208,19,2010-10-21 12:17:00,2011-12-08 19:28:00,0,14,3189.53,0,At Risk
17925,1,1,244.08,244.08,72,0,2010-12-02 10:10:00,2010-12-02 10:10:00,372,1,244.08,0,At Risk
17926,5,27,1035.49,23.53,572,0,2010-05-09 14:07:00,2011-07-29 14:39:00,132,5,1035.49,0,At Risk
17927,1,10,294.00,29.40,108,0,2009-12-18 11:03:00,2009-12-18 11:03:00,721,1,294.00,0,At Risk
17928,3,27,341.24,12.64,222,0,2010-05-17 15:30:00,2011-10-25 13:52:00,44,3,341.24,0,At Risk
17929,13,6,3073.60,192.10,434,1,2009-12-09 11:40:00,2011-11-28 16:01:00,10,13,3073.60,0,At Risk
17930,15,39,4242.92,47.14,3795,25,2010-03-04 10:41:00,2011-11-04 10:23:00,35,15,4242.92,0,At Risk
17931,18,275,3270.91,9.16,1919,117,2010-02-16 15:47:00,2011-07-28 18:33:00,133,18,3270.91,0,At Risk
17932,3,84,1331.57,14.80,789,0,2011-05-12 13:58:00,2011-11-10 19:49:00,28,3,1331.57,0,At Risk
17933,1,12,114.69,8.19,63,0,2010-03-17 15:11:00,2010-03-17 15:11:00,631,1,114.69,0,At Risk
17934,3,36,1049.15,25.59,628,0,2010-10-29 12:23:00,2011-10-19 11:16:00,51,3,1049.15,0,At Risk
17935,8,60,655.54,9.93,244,12,2009-12-04 14:33:00,2011-07-24 13:18:00,137,8,655.54,0,At Risk
17936,1,68,380.13,5.28,257,0,2011-12-04 13:32:00,2011-12-04 13:32:00,4,1,380.13,0,At Risk
17937,7,19,4301.22,100.03,1754,0,2010-12-12 14:43:00,2011-12-01 11:45:00,8,7,4301.22,0,At Risk
17938,1,29,144.29,4.98,53,0,2010-10-15 14:27:00,2010-10-15 14:27:00,419,1,144.29,0,At Risk
17939,1,12,99.14,8.26,40,0,2011-07-03 12:27:00,2011-07-03 12:27:00,159,1,99.14,0,At Risk
17940,22,13,26873.62,655.45,85148,6,2009-12-03 12:31:00,2011-10-21 13:27:00,48,22,26873.62,0,At Risk
17941,4,5,1433.28,204.75,1108,0,2010-01-06 15:37:00,2011-08-01 08:30:00,130,4,1433.28,0,At Risk
17942,1,2,77.50,38.75,38,0,2011-12-02 10:45:00,2011-12-02 10:45:00,7,1,77.50,0,At Risk
17943,1,1,-165.03,-165.03,0,3,2010-01-29 11:07:00,2010-01-29 11:07:00,679,1,-165.03,0,At Risk
17944,1,24,74.99,3.00,84,0,2010-10-12 16:25:00,2010-10-12 16:25:00,422,1,74.99,0,At Risk
17945,3,66,360.35,5.00,244,0,2010-01-12 11:33:00,2010-01-12 11:40:00,696,3,360.35,0,At Risk
17946,2,18,149.58,7.48,75,0,2011-03-25 14:34:00,2011-04-20 17:00:00,232,2,149.58,0,At Risk
17947,1,9,176.68,19.63,168,0,2011-11-02 13:05:00,2011-11-02 13:05:00,36,1,176.68,0,At Risk
17948,1,1,358.56,358.56,144,0,2011-07-15 12:58:00,2011-07-15 12:58:00,146,1,358.56,0,At Risk
17949,138,59,97581.59,536.16,60538,6330,2009-12-02 11:07:00,2011-12-08 18:46:00,0,138,97581.59,1,Potential Loyal
17950,8,133,1156.21,6.97,659,24,2010-01-04 17:39:00,2011-09-28 15:18:00,71,8,1156.21,0,At Risk
17951,5,24,1322.88,45.62,780,6,2010-10-31 15:15:00,2011-10-31 12:30:00,39,5,1322.88,0,At Risk
17952,4,85,788.46,8.05,477,0,2010-06-16 11:54:00,2010-11-26 13:54:00,377,4,788.46,0,At Risk
17953,1,20,159.17,7.96,98,0,2010-06-17 15:08:00,2010-06-17 15:08:00,539,1,159.17,0,At Risk
17954,26,483,3699.74,4.90,3180,52,2009-12-09 13:22:00,2011-12-04 14:15:00,4,26,3699.74,0,At Risk
17955,6,16,949.90,43.18,681,0,2010-02-12 16:27:00,2011-05-25 12:00:00,198,6,949.90,0,At Risk
17956,1,1,12.75,12.75,1,0,2011-04-04 13:47:00,2011-04-04 13:47:00,248,1,12.75,0,At Risk
17957,1,31,111.68,3.60,287,0,2011-10-04 14:58:00,2011-10-04 14:58:00,65,1,111.68,0,At Risk
17958,2,35,973.88,27.05,284,0,2009-12-11 15:37:00,2011-08-15 12:19:00,116,2,973.88,0,At Risk
17959,1,2,140.75,70.38,49,0,2010-04-26 14:12:00,2010-04-26 14:12:00,591,1,140.75,0,At Risk
17960,3,37,135.08,3.65,60,0,2010-03-08 12:22:00,2011-06-21 14:15:00,170,3,135.08,0,At Risk
17961,102,486,2850.29,4.51,1491,3,2009-12-01 14:48:00,2011-11-18 16:55:00,20,102,2850.29,0,At Risk
17962,5,146,652.56,3.53,633,2,2010-01-13 15:24:00,2011-07-20 14:16:00,141,5,652.56,0,At Risk
17963,4,98,643.16,5.90,341,0,2010-01-19 17:25:00,2010-08-25 15:58:00,470,4,643.16,0,At Risk
17964,2,84,463.21,4.73,294,0,2010-12-02 13:32:00,2011-11-08 10:44:00,31,2,463.21,0,At Risk
17965,33,590,6883.45,8.33,4383,26,2009-12-14 13:19:00,2011-11-02 09:31:00,37,33,6883.45,0,At Risk
17966,10,82,1963.92,17.38,3918,0,2010-01-18 13:24:00,2011-11-02 10:26:00,37,10,1963.92,0,At Risk
17967,2,59,223.42,3.66,111,0,2010-10-19 13:19:00,2010-12-03 11:19:00,371,2,223.42,0,At Risk
17968,4,106,590.44,4.61,352,0,2010-07-15 15:01:00,2010-12-01 12:23:00,373,4,590.44,0,At Risk
17969,27,113,2235.54,10.21,1014,31,2009-12-06 13:41:00,2011-06-26 13:00:00,165,27,2235.54,0,At Risk
17970,1,27,562.79,19.41,513,0,2011-05-12 20:03:00,2011-05-12 20:03:00,210,1,562.79,0,At Risk
17971,1,21,161.94,7.71,62,0,2010-06-09 14:04:00,2010-06-09 14:04:00,547,1,161.94,0,At Risk
17972,1,30,135.19,4.51,36,0,2011-04-12 12:16:00,2011-04-12 12:16:00,241,1,135.19,0,At Risk
17973,1,15,337.04,22.47,176,0,2011-10-19 10:34:00,2011-10-19 10:34:00,51,1,337.04,0,At Risk
17974,6,279,1739.09,4.82,1189,0,2010-10-28 20:03:00,2011-11-15 11:37:00,24,6,1739.09,0,At Risk
17975,26,243,6595.18,14.09,2179,17,2010-08-06 11:24:00,2011-11-24 13:27:00,14,26,6595.18,0,At Risk
17976,1,56,321.79,5.65,93,0,2010-12-02 13:49:00,2010-12-02 13:49:00,371,1,321.79,0,At Risk
17977,3,94,1453.55,13.71,1948,30,2010-11-04 14:26:00,2011-11-10 13:28:00,28,3,1453.55,0,At Risk
17978,4,62,1159.99,17.31,1297,0,2009-12-08 13:27:00,2010-12-09 14:05:00,364,4,1159.99,0,At Risk
17979,5,116,712.51,5.13,383,2,2011-03-25 11:34:00,2011-11-04 12:05:00,35,5,712.51,0,At Risk
17980,4,41,1012.72,16.60,771,0,2010-11-11 14:42:00,2011-06-27 12:01:00,165,4,1012.72,0,At Risk
17981,1,17,239.12,14.07,260,0,2010-10-25 10:40:00,2010-10-25 10:40:00,410,1,239.12,0,At Risk
17982,1,13,138.18,10.63,117,0,2010-01-28 09:38:00,2010-01-28 09:38:00,680,1,138.18,0,At Risk
17983,1,23,171.71,7.15,108,0,2010-11-09 13:23:00,2010-11-09 13:24:00,394,1,171.71,0,At Risk
17984,5,209,1152.19,4.76,939,0,2009-12-01 11:51:00,2011-07-17 15:59:00,144,5,1152.19,0,At Risk
17985,1,20,631.35,30.06,171,0,2011-11-17 14:24:00,2011-11-17 14:24:00,21,1,631.35,0,At Risk
17986,1,1,20.80,20.80,10,0,2011-10-14 14:22:00,2011-10-14 14:22:00,55,1,20.80,0,At Risk
17987,6,139,889.92,5.33,981,136,2010-06-07 11:23:00,2011-06-07 14:22:00,184,6,889.92,0,At Risk
17988,15,115,479.59,3.87,186,1,2009-12-07 13:35:00,2011-11-28 11:00:00,11,15,479.59,0,At Risk
17989,1,26,207.33,7.15,300,0,2010-11-25 13:49:00,2010-11-25 13:49:00,378,1,207.33,0,At Risk
17990,7,40,1522.57,26.25,777,12,2009-12-07 15:19:00,2011-04-17 11:44:00,236,7,1522.57,0,At Risk
17991,3,37,300.30,7.90,93,0,2010-04-27 12:46:00,2011-04-28 15:58:00,224,3,300.30,0,At Risk
17992,1,49,252.88,4.86,130,0,2010-11-15 13:04:00,2010-11-15 13:04:00,388,1,252.88,0,At Risk
17993,1,60,225.99,3.77,108,0,2010-04-01 14:23:00,2010-04-01 14:23:00,616,1,225.99,0,At Risk
17994,14,227,2219.58,7.16,2181,25,2010-03-29 10:37:00,2011-08-10 11:43:00,121,14,2219.58,0,At Risk
17995,3,28,495.48,17.09,263,0,2010-11-17 17:01:00,2011-03-03 12:30:00,281,3,495.48,0,At Risk
17996,3,63,482.33,7.20,587,0,2010-06-11 11:48:00,2010-11-25 11:00:00,379,3,482.33,0,At Risk
17997,12,134,1503.09,8.44,2273,220,2011-06-28 17:28:00,2011-09-26 16:13:00,73,12,1503.09,0,At Risk
17998,4,57,601.74,10.20,561,30,2009-12-01 13:07:00,2010-11-24 15:35:00,379,4,601.74,0,At Risk
17999,3,125,528.46,3.94,286,0,2010-11-26 13:16:00,2011-11-02 15:56:00,36,3,528.46,0,At Risk
18000,1,6,124.25,20.71,109,0,2010-05-24 17:34:00,2010-05-24 17:34:00,563,1,124.25,0,At Risk
18001,6,120,924.14,7.00,874,0,2009-12-02 15:38:00,2011-11-27 16:02:00,11,6,924.14,0,At Risk
18002,4,52,244.37,4.61,71,0,2009-12-08 11:07:00,2010-11-29 10:57:00,375,4,244.37,0,At Risk
18003,1,23,353.51,15.37,297,0,2010-11-28 15:09:00,2010-11-28 15:09:00,375,1,353.51,0,At Risk
18004,1,32,157.92,4.27,75,0,2010-12-12 13:47:00,2010-12-12 13:47:00,361,1,157.92,0,At Risk
18005,2,52,226.47,4.27,86,0,2011-10-23 14:40:00,2011-12-06 11:51:00,3,2,226.47,0,At Risk
18006,4,57,969.51,15.39,395,0,2009-12-17 12:27:00,2011-11-16 16:52:00,22,4,969.51,0,At Risk
18007,1,46,215.22,4.30,246,0,2010-11-12 11:08:00,2010-11-12 11:08:00,392,1,215.22,0,At Risk
18008,23,77,19759.08,203.70,7825,0,2010-01-06 12:35:00,2011-09-30 15:17:00,69,23,19759.08,0,At Risk
18009,14,146,2065.48,11.10,651,16,2010-02-25 11:49:00,2011-04-18 13:52:00,234,14,2065.48,0,At Risk
18010,1,14,174.80,12.49,60,0,2011-03-28 12:27:00,2011-03-28 12:27:00,256,1,174.80,0,At Risk
18011,2,63,410.79,6.52,125,0,2010-05-21 13:28:00,2010-12-01 17:35:00,372,2,410.79,0,At Risk
18012,1,13,115.30,8.87,63,0,2009-12-16 13:16:00,2009-12-16 13:16:00,722,1,115.30,0,At Risk
18013,2,31,187.29,6.04,285,0,2011-07-07 14:08:00,2011-07-07 14:11:00,154,2,187.29,0,At Risk
18014,1,29,162.22,5.41,66,0,2011-11-11 15:28:00,2011-11-11 15:28:00,27,1,162.22,0,At Risk
18015,1,46,120.03,2.61,157,0,2011-12-05 14:49:00,2011-12-05 14:49:00,3,1,120.03,0,At Risk
18016,7,115,1954.56,11.57,1207,0,2010-01-27 16:00:00,2011-11-07 13:25:00,31,7,1954.56,0,At Risk
18017,4,1,688.00,172.00,400,0,2010-10-04 15:11:00,2011-09-19 16:15:00,80,4,688.00,0,At Risk
18018,5,43,156.69,3.26,186,120,2010-10-15 11:05:00,2011-08-23 17:37:00,107,5,156.69,0,At Risk
18019,1,5,38.45,7.69,7,0,2011-10-19 12:10:00,2011-10-19 12:10:00,51,1,38.45,0,At Risk
18020,2,12,129.28,9.23,67,24,2010-06-14 12:31:00,2010-06-14 12:47:00,543,2,129.28,0,At Risk
18021,2,32,216.41,6.76,168,0,2010-07-15 18:47:00,2010-07-18 10:52:00,509,2,216.41,0,At Risk
18022,5,306,1507.25,3.55,1311,0,2010-06-11 13:59:00,2011-11-04 12:45:00,35,5,1507.25,0,At Risk
18023,1,1,-3248.86,-3248.86,0,1,2010-06-17 15:23:00,2010-06-17 15:23:00,539,1,-3248.86,0,At Risk
18024,3,21,236.78,10.76,184,36,2011-07-10 12:28:00,2011-07-10 12:40:00,152,3,236.78,0,At Risk
18025,6,83,1177.72,10.52,1053,0,2010-03-30 17:33:00,2010-11-25 12:37:00,379,6,1177.72,0,At Risk
18026,2,12,2074.07,122.00,530,0,2010-07-22 16:21:00,2010-07-27 10:37:00,500,2,2074.07,0,At Risk
18027,1,21,115.31,5.49,78,0,2011-09-02 10:38:00,2011-09-02 10:38:00,98,1,115.31,0,At Risk
18028,1,4,192.05,48.01,133,0,2010-05-05 13:28:00,2010-05-05 13:28:00,582,1,192.05,0,At Risk
18029,1,18,433.77,24.10,253,0,2010-03-07 15:30:00,2010-03-07 15:30:00,641,1,433.77,0,At Risk
18030,3,8,220.70,22.07,67,1,2011-10-28 13:55:00,2011-12-05 16:37:00,3,3,220.70,0,At Risk
18031,1,49,451.30,7.16,298,0,2010-11-26 11:00:00,2010-11-26 11:00:00,378,1,451.30,0,At Risk
18032,1,5,73.50,14.70,42,0,2011-01-09 15:32:00,2011-01-09 15:32:00,333,1,73.50,0,At Risk
18033,1,32,93.82,2.84,252,0,2011-10-05 17:28:00,2011-10-05 17:28:00,64,1,93.82,0,At Risk
18034,3,182,754.20,3.52,951,0,2010-11-29 12:36:00,2011-11-18 12:22:00,21,3,754.20,0,At Risk
18035,5,52,1260.23,22.11,1134,0,2010-11-19 13:42:00,2011-11-04 12:39:00,35,5,1260.23,0,At Risk
18036,11,221,1545.49,4.74,741,0,2009-12-18 12:04:00,2011-11-07 14:40:00,31,11,1545.49,0,At Risk
18037,15,31,167.42,5.07,37,0,2009-12-01 13:48:00,2011-07-08 13:39:00,153,15,167.42,0,At Risk
18038,1,25,141.48,5.24,80,0,2010-06-01 15:59:00,2010-06-01 15:59:00,555,1,141.48,0,At Risk
18039,4,137,548.22,3.47,555,0,2010-03-09 11:19:00,2010-11-30 13:07:00,373,4,548.22,0,At Risk
18040,2,18,357.20,18.80,148,0,2011-04-08 08:27:00,2011-11-20 14:20:00,18,2,357.20,0,At Risk
18041,40,465,7936.04,9.50,7316,297,2010-01-14 10:04:00,2011-11-28 11:39:00,11,40,7936.04,0,At Risk
18042,2,13,281.15,17.57,69,0,2010-06-16 10:53:00,2011-10-17 11:49:00,53,2,281.15,0,At Risk
18043,3,106,529.29,4.60,265,0,2010-12-08 12:35:00,2011-11-15 12:48:00,24,3,529.29,0,At Risk
18044,19,128,3502.66,17.43,1598,1,2010-05-28 15:31:00,2011-12-05 14:26:00,3,19,3502.66,0,At Risk
18045,1,43,178.34,4.15,138,0,2011-10-25 13:07:00,2011-10-25 13:07:00,44,1,178.34,0,At Risk
18046,1,26,189.63,7.29,44,0,2010-02-28 11:36:00,2010-02-28 11:36:00,649,1,189.63,0,At Risk
18047,2,74,326.09,3.93,130,0,2010-11-23 12:57:00,2010-11-23 13:11:00,380,2,326.09,0,At Risk
18048,3,56,394.93,6.69,256,0,2010-08-03 13:03:00,2011-05-20 14:58:00,202,3,394.93,0,At Risk
18049,2,82,500.92,5.76,402,0,2010-04-28 13:24:00,2010-09-28 14:26:00,436,2,500.92,0,At Risk
18050,2,22,412.06,17.92,250,0,2010-11-11 15:51:00,2010-12-15 14:25:00,358,2,412.06,0,At Risk
18051,8,41,2275.98,39.24,1661,4,2009-12-09 12:17:00,2010-03-15 13:58:00,633,8,2275.98,0,At Risk
18052,1,16,10877.18,679.82,17766,0,2010-05-24 11:11:00,2010-05-24 11:11:00,564,1,10877.18,0,At Risk
18053,6,30,527.77,15.08,409,7,2010-06-30 12:36:00,2011-10-04 17:31:00,65,6,527.77,0,At Risk
18054,1,11,176.50,16.05,96,0,2010-11-12 08:18:00,2010-11-12 08:18:00,392,1,176.50,0,At Risk
18055,15,320,10110.59,18.86,3534,5,2010-10-22 13:27:00,2011-12-02 14:25:00,6,15,10110.59,0,At Risk
18056,3,28,539.75,17.41,334,3,2010-03-31 12:29:00,2011-02-24 14:27:00,287,3,539.75,0,At Risk
18057,3,121,1188.46,8.87,970,0,2010-01-18 12:42:00,2010-11-11 16:55:00,392,3,1188.46,0,At Risk
18058,3,12,774.06,48.38,394,0,2010-02-10 09:38:00,2011-11-30 08:38:00,9,3,774.06,0,At Risk
18059,4,17,296.71,14.84,258,5,2011-10-03 09:30:00,2011-11-30 17:02:00,8,4,296.71,0,At Risk
18060,2,74,1185.46,15.81,902,0,2010-05-24 08:34:00,2010-10-27 16:41:00,407,2,1185.46,0,At Risk
18061,29,30,6075.31,49.39,3359,1,2009-12-04 11:36:00,2011-11-18 11:20:00,21,29,6075.31,0,At Risk
18062,9,46,1523.37,26.73,831,14,2010-04-21 08:55:00,2011-06-19 14:47:00,172,9,1523.37,0,At Risk
18063,2,2,186.60,62.20,48,0,2010-03-16 13:05:00,2010-11-14 10:46:00,390,2,186.60,0,At Risk
18064,15,53,4427.98,65.12,2685,50,2010-02-01 15:01:00,2011-07-29 16:39:00,132,15,4427.98,0,At Risk
18065,32,193,5836.88,18.59,2265,7,2009-12-09 16:00:00,2011-12-04 10:30:00,5,32,5836.88,0,At Risk
18066,3,37,1440.40,27.18,535,0,2010-10-20 11:42:00,2011-09-25 15:30:00,74,3,1440.40,0,At Risk
18067,1,36,396.33,10.71,189,0,2011-10-30 15:58:00,2011-10-30 15:58:00,39,1,396.33,0,At Risk
18068,1,1,101.70,101.70,6,0,2011-02-23 14:50:00,2011-02-23 14:50:00,288,1,101.70,0,At Risk
18069,13,602,4450.07,4.58,3168,3,2010-02-28 16:14:00,2011-11-13 16:05:00,25,13,4450.07,0,At Risk
18070,2,10,307.75,30.78,86,1,2009-12-08 17:15:00,2010-02-08 13:28:00,668,2,307.75,0,At Risk
18071,6,52,1169.68,16.47,678,0,2009-12-05 10:31:00,2011-03-27 11:59:00,257,6,1169.68,0,At Risk
18072,2,20,0.00,0.00,288,242,2011-06-07 10:44:00,2011-07-07 17:22:00,154,2,0.00,0,At Risk
18073,13,23,3846.74,51.29,3102,10,2011-05-26 19:38:00,2011-08-17 14:02:00,113,13,3846.74,0,At Risk
18074,2,37,1019.44,23.71,361,0,2010-07-22 10:31:00,2010-12-01 09:53:00,373,2,1019.44,0,At Risk
18075,31,180,5579.91,15.94,3281,62,2010-07-29 11:47:00,2011-11-16 15:21:00,22,31,5579.91,0,At Risk
18076,1,8,151.49,18.94,164,0,2010-11-24 14:02:00,2010-11-24 14:02:00,379,1,151.49,0,At Risk
18077,18,141,4078.79,11.55,3020,0,2009-12-07 11:40:00,2011-12-01 13:32:00,7,18,4078.79,0,At Risk
18078,4,65,725.53,9.94,370,0,2010-03-21 15:50:00,2011-05-06 14:32:00,216,4,725.53,0,At Risk
18079,5,107,4203.93,30.91,8730,0,2010-08-05 12:19:00,2011-10-25 15:27:00,44,5,4203.93,0,At Risk
18080,2,2,1231.50,615.75,642,0,2011-04-11 10:10:00,2011-11-21 08:02:00,18,2,1231.50,0,At Risk
18081,3,14,343.45,20.20,195,0,2011-07-29 11:56:00,2011-11-03 16:30:00,35,3,343.45,0,At Risk
18082,1,62,680.84,9.73,608,0,2011-11-14 12:45:00,2011-11-14 12:45:00,25,1,680.84,0,At Risk
18083,1,36,463.53,11.59,268,0,2010-11-07 11:44:00,2010-11-07 11:44:00,397,1,463.53,0,At Risk
18084,5,8,176.03,17.60,755,426,2010-11-16 08:09:00,2011-11-23 13:57:00,15,5,176.03,0,At Risk
18085,4,42,1341.85,21.64,507,0,2010-03-21 11:57:00,2011-01-13 15:17:00,329,4,1341.85,0,At Risk
18086,1,7,101.34,14.48,106,0,2011-03-10 13:34:00,2011-03-10 13:34:00,273,1,101.34,0,At Risk
18087,21,44,14411.62,151.70,7775,347,2009-12-01 09:43:00,2011-09-02 15:12:00,97,21,14411.62,0,At Risk
18088,1,35,166.03,4.49,107,0,2011-10-09 13:41:00,2011-10-09 13:41:00,60,1,166.03,0,At Risk
18089,1,9,428.45,42.85,95,0,2010-09-19 11:57:00,2010-09-19 11:57:00,446,1,428.45,0,At Risk
18090,1,47,321.90,5.96,307,0,2010-10-14 12:32:00,2010-10-14 12:32:00,421,1,321.90,0,At Risk
18091,1,25,360.85,14.43,539,0,2010-04-25 13:18:00,2010-04-25 13:18:00,592,1,360.85,0,At Risk
18092,20,42,14687.47,103.43,8298,3,2009-12-04 12:37:00,2011-12-07 13:14:00,1,20,14687.47,0,At Risk
18093,9,43,4429.61,70.31,3429,11,2010-03-31 10:27:00,2011-09-07 15:43:00,92,9,4429.61,0,At Risk
18094,15,56,6322.62,48.26,4164,36,2009-12-11 13:57:00,2011-09-19 09:28:00,81,15,6322.62,0,At Risk
18095,5,37,2303.09,47.98,1623,0,2010-04-19 14:09:00,2011-01-31 12:50:00,312,5,2303.09,0,At Risk
18096,6,299,1657.87,4.24,1409,0,2010-07-14 14:30:00,2011-11-28 12:44:00,11,6,1657.87,0,At Risk
18097,14,86,4616.77,29.04,2716,5,2009-12-17 11:06:00,2011-12-02 11:16:00,7,14,4616.77,0,At Risk
18098,1,85,527.94,6.14,215,0,2010-11-08 16:31:00,2010-11-08 16:31:00,395,1,527.94,0,At Risk
18099,1,19,168.31,8.86,149,0,2011-08-04 15:52:00,2011-08-04 15:52:00,126,1,168.31,0,At Risk
18100,1,30,451.56,15.05,440,0,2010-06-07 14:19:00,2010-06-07 14:19:00,549,1,451.56,0,At Risk
18101,5,89,622.01,5.71,247,0,2010-02-03 13:52:00,2011-11-28 13:37:00,10,5,622.01,0,At Risk
18102,153,384,570380.61,543.22,181645,1230,2009-12-01 09:24:00,2011-12-09 11:50:00,0,153,570380.61,1,Potential Loyal
18103,1,10,105.80,10.58,23,0,2010-06-08 13:36:00,2010-06-08 13:36:00,548,1,105.80,0,At Risk
18104,1,38,754.64,19.86,362,0,2011-11-02 14:07:00,2011-11-02 14:07:00,36,1,754.64,0,At Risk
18105,1,18,113.48,6.30,46,0,2011-11-02 12:04:00,2011-11-02 12:04:00,37,1,113.48,0,At Risk
18106,6,126,1441.06,7.54,506,0,2010-01-15 11:36:00,2011-01-14 12:23:00,329,6,1441.06,0,At Risk
18107,1,38,165.88,4.37,65,0,2010-09-23 13:03:00,2010-09-23 13:03:00,441,1,165.88,0,At Risk
18108,4,43,842.46,17.19,261,2,2009-12-02 12:47:00,2011-04-05 08:25:00,248,4,842.46,0,At Risk
18109,45,203,9416.41,14.10,4822,23,2010-07-01 12:13:00,2011-12-08 11:36:00,1,45,9416.41,0,At Risk
18110,3,58,362.03,4.83,169,7,2010-10-24 14:21:00,2011-11-20 12:59:00,18,3,362.03,0,At Risk
18111,2,27,398.90,13.30,232,4,2010-04-29 12:58:00,2010-05-05 13:30:00,582,2,398.90,0,At Risk
18112,4,59,773.36,12.47,443,0,2010-06-06 12:40:00,2011-11-27 14:43:00,11,4,773.36,0,At Risk
18113,1,1,76.32,76.32,72,0,2010-12-06 12:31:00,2010-12-06 12:31:00,368,1,76.32,0,At Risk
18114,1,28,220.10,7.86,55,0,2011-02-22 13:20:00,2011-02-22 13:20:00,289,1,220.10,0,At Risk
18115,1,3,9.70,3.23,3,0,2010-01-11 11:57:00,2010-01-11 11:57:00,697,1,9.70,0,At Risk
18116,13,311,2134.49,3.78,1267,0,2010-10-24 15:29:00,2011-10-03 11:00:00,67,13,2134.49,0,At Risk
18117,1,68,315.65,4.38,605,0,2011-11-14 12:47:00,2011-11-14 12:47:00,25,1,315.65,0,At Risk
18118,35,444,6157.87,4.29,3184,7,2010-11-23 13:36:00,2011-11-29 11:32:00,10,35,6157.87,0,At Risk
18119,1,29,180.70,6.23,124,0,2010-12-07 11:59:00,2010-12-07 11:59:00,367,1,180.70,0,At Risk
18120,1,17,111.15,6.54,31,0,2011-05-09 13:45:00,2011-05-09 13:45:00,213,1,111.15,0,At Risk
18121,2,28,653.30,21.07,438,0,2011-07-08 12:14:00,2011-07-13 12:53:00,148,2,653.30,0,At Risk
18122,6,239,1793.06,5.02,1225,0,2011-07-12 11:37:00,2011-12-01 13:08:00,7,6,1793.06,0,At Risk
18123,3,53,666.64,11.90,616,0,2010-07-14 12:47:00,2011-11-15 14:23:00,23,3,666.64,0,At Risk
18124,1,20,102.65,5.13,47,0,2010-08-24 17:21:00,2010-08-24 17:21:00,471,1,102.65,0,At Risk
18125,5,164,1130.10,5.86,800,1,2011-01-27 15:02:00,2011-11-10 12:29:00,29,5,1130.10,0,At Risk
18126,1,52,200.92,3.86,135,0,2011-10-10 12:19:00,2011-10-10 12:19:00,60,1,200.92,0,At Risk
18127,4,56,556.13,8.30,250,0,2010-11-01 13:56:00,2011-11-20 14:05:00,18,4,556.13,0,At Risk
18128,1,42,399.29,9.51,216,0,2010-06-20 13:19:00,2010-06-20 13:19:00,536,1,399.29,0,At Risk
18129,1,13,112.55,8.04,48,0,2011-04-10 14:16:00,2011-04-10 14:16:00,242,1,112.55,0,At Risk
18130,4,58,1045.74,14.73,824,7,2011-10-13 15:58:00,2011-12-01 08:41:00,8,4,1045.74,0,At Risk
18131,1,4,222.96,55.74,552,0,2010-03-18 08:48:00,2010-03-18 08:48:00,631,1,222.96,0,At Risk
18132,1,60,220.13,3.55,212,0,2010-07-23 16:54:00,2010-07-23 16:54:00,503,1,220.13,0,At Risk
18133,2,2,715.50,357.75,1350,1350,2011-05-11 14:14:00,2011-05-12 15:19:00,210,2,715.50,0,At Risk
18134,2,27,445.00,15.89,128,0,2010-01-14 11:59:00,2010-04-20 14:02:00,597,2,445.00,0,At Risk
18135,13,23,1229.22,30.73,753,4,2010-03-15 13:13:00,2011-11-10 19:32:00,28,13,1229.22,0,At Risk
18136,9,77,1531.71,16.29,860,23,2010-09-14 15:50:00,2011-10-07 15:40:00,62,9,1531.71,0,At Risk
18137,2,26,145.99,5.03,59,0,2010-06-06 13:45:00,2010-06-06 14:18:00,550,2,145.99,0,At Risk
18138,1,8,152.65,19.08,38,0,2011-02-17 14:51:00,2011-02-17 14:51:00,294,1,152.65,0,At Risk
18139,8,36,8393.22,51.81,5557,96,2011-11-21 14:06:00,2011-11-22 16:18:00,16,8,8393.22,0,At Risk
18140,1,49,536.41,9.93,395,0,2010-08-23 11:58:00,2010-08-23 11:58:00,473,1,536.41,0,At Risk
18141,4,38,838.57,19.06,433,13,2010-04-29 15:32:00,2010-12-14 11:09:00,360,4,838.57,0,At Risk
18142,4,9,1014.90,56.38,1276,3,2011-05-08 12:31:00,2011-07-11 13:34:00,150,4,1014.90,0,At Risk
18143,2,59,1000.16,16.40,570,0,2011-07-21 10:44:00,2011-08-15 12:07:00,116,2,1000.16,0,At Risk
18144,19,51,4892.95,58.25,2144,0,2009-12-16 15:57:00,2011-12-02 12:46:00,7,19,4892.95,0,At Risk
18145,12,250,5592.04,13.88,5104,6,2009-12-08 12:30:00,2011-11-27 11:22:00,12,12,5592.04,0,At Risk
18146,2,10,160.35,16.04,153,0,2011-05-03 16:35:00,2011-07-22 12:08:00,140,2,160.35,0,At Risk
18147,2,7,179.34,25.62,203,0,2011-08-23 12:22:00,2011-10-25 11:46:00,45,2,179.34,0,At Risk
18148,1,9,112.85,11.29,63,0,2010-03-03 11:40:00,2010-03-03 11:40:00,646,1,112.85,0,At Risk
18149,7,54,1553.96,17.08,869,0,2010-03-14 12:41:00,2011-10-20 12:04:00,50,7,1553.96,0,At Risk
18150,3,29,566.58,15.31,332,0,2011-05-22 10:47:00,2011-11-07 16:49:00,31,3,566.58,0,At Risk
18151,7,99,1853.94,17.33,986,6,2010-03-04 10:47:00,2011-07-28 11:35:00,134,7,1853.94,0,At Risk
18152,1,10,426.69,42.67,75,0,2010-03-03 15:26:00,2010-03-03 15:26:00,645,1,426.69,0,At Risk
18153,1,17,246.22,14.48,200,0,2010-02-18 15:50:00,2010-02-18 15:50:00,658,1,246.22,0,At Risk
18154,5,34,932.60,19.84,626,0,2010-08-06 09:18:00,2011-12-06 16:41:00,2,5,932.60,0,At Risk
18155,4,19,347.82,12.42,266,8,2011-02-21 10:36:00,2011-09-25 13:32:00,74,4,347.82,0,At Risk
18156,2,100,675.64,5.54,283,0,2010-12-05 12:29:00,2011-11-27 12:24:00,12,2,675.64,0,At Risk
18157,1,25,213.90,8.56,145,0,2010-05-17 14:09:00,2010-05-17 14:09:00,570,1,213.90,0,At Risk
18158,3,24,451.75,12.91,354,1,2011-09-12 09:03:00,2011-11-30 16:19:00,8,3,451.75,0,At Risk
18159,1,23,530.15,23.05,139,0,2011-02-11 14:26:00,2011-02-11 14:26:00,300,1,530.15,0,At Risk
18160,3,56,1003.88,15.44,519,0,2010-11-18 16:33:00,2011-10-13 15:50:00,56,3,1003.88,0,At Risk
18161,7,57,1797.20,19.12,965,2,2010-11-25 15:55:00,2011-11-29 15:38:00,9,7,1797.20,0,At Risk
18162,1,45,371.51,8.08,332,0,2009-12-07 13:24:00,2009-12-07 13:24:00,731,1,371.51,0,At Risk
18163,2,33,639.34,16.82,452,22,2010-05-04 14:51:00,2010-05-28 07:56:00,560,2,639.34,0,At Risk
18164,2,24,394.70,15.79,184,1,2011-11-02 12:56:00,2011-11-08 17:49:00,30,2,394.70,0,At Risk
18165,1,10,302.46,30.25,254,0,2011-06-15 13:23:00,2011-06-15 13:23:00,176,1,302.46,0,At Risk
18166,1,10,175.50,17.55,90,0,2010-03-26 12:26:00,2010-03-26 12:26:00,623,1,175.50,0,At Risk
18167,6,25,1355.51,31.52,382,23,2011-08-26 11:40:00,2011-12-06 09:49:00,3,6,1355.51,0,At Risk
18168,22,209,3352.30,8.71,1995,27,2009-12-03 17:29:00,2011-06-16 19:21:00,175,22,3352.30,0,At Risk
18169,1,9,202.65,22.52,61,0,2011-10-10 12:18:00,2011-10-10 12:18:00,60,1,202.65,0,At Risk
18170,9,59,2878.00,22.84,1184,0,2010-01-08 14:10:00,2011-11-06 14:35:00,32,9,2878.00,0,At Risk
18171,11,76,2414.51,25.69,991,4,2010-01-05 10:46:00,2011-10-12 09:13:00,58,11,2414.51,0,At Risk
18172,63,176,17289.23,35.21,7407,30,2009-12-11 09:58:00,2011-11-25 11:12:00,14,63,17289.23,0,At Risk
18173,5,34,2696.36,59.92,1730,0,2010-04-06 10:43:00,2011-09-14 11:26:00,86,5,2696.36,0,At Risk
18174,2,1,162.50,81.25,80,0,2010-04-15 12:17:00,2011-12-02 16:56:00,6,2,162.50,0,At Risk
18175,1,7,176.10,25.16,70,0,2010-02-02 10:25:00,2010-02-02 10:25:00,675,1,176.10,0,At Risk
18176,2,30,448.65,13.60,283,4,2010-12-16 15:45:00,2010-12-21 12:33:00,353,2,448.65,0,At Risk
18177,10,66,2189.07,21.89,1238,5,2009-12-15 18:57:00,2011-11-08 14:44:00,30,10,2189.07,0,At Risk
18178,15,204,6054.49,17.10,3850,9,2010-02-18 14:25:00,2011-08-18 06:34:00,113,15,6054.49,0,At Risk
18179,8,101,2547.55,23.37,1811,0,2010-02-14 15:51:00,2011-11-30 16:23:00,8,8,2547.55,0,At Risk
18180,6,108,1843.75,15.49,1721,0,2011-07-20 08:59:00,2011-12-05 08:39:00,4,6,1843.75,0,At Risk
18181,7,139,1166.61,6.48,510,3,2009-12-04 15:30:00,2011-11-15 15:08:00,23,7,1166.61,0,At Risk
18182,1,10,291.13,29.11,167,0,2010-09-02 14:25:00,2010-09-02 14:25:00,462,1,291.13,0,At Risk
18183,6,36,600.52,13.65,371,9,2011-03-10 10:08:00,2011-05-05 17:47:00,217,6,600.52,0,At Risk
18184,1,1,49.80,49.80,60,0,2011-11-24 15:28:00,2011-11-24 15:28:00,14,1,49.80,0,At Risk
18185,1,17,304.25,17.90,183,0,2011-04-04 13:42:00,2011-04-04 13:42:00,248,1,304.25,0,At Risk
18186,1,11,329.58,29.96,338,0,2009-12-17 10:22:00,2009-12-17 10:22:00,722,1,329.58,0,At Risk
18187,3,48,682.19,12.63,310,6,2010-03-18 09:49:00,2010-03-26 14:25:00,622,3,682.19,0,At Risk
18188,8,95,3263.19,24.17,1888,4,2010-03-26 11:37:00,2011-11-24 16:46:00,14,8,3263.19,0,At Risk
18189,5,79,1396.58,15.87,836,3,2010-03-24 09:57:00,2011-09-23 12:40:00,77,5,1396.58,0,At Risk
18190,6,34,735.67,17.11,490,1,2009-12-22 12:05:00,2011-05-31 14:48:00,191,6,735.67,0,At Risk
18191,2,15,529.40,35.29,332,0,2010-08-19 17:42:00,2011-03-23 12:08:00,261,2,529.40,0,At Risk
18192,1,45,957.97,21.29,339,0,2011-09-29 09:53:00,2011-09-29 09:53:00,71,1,957.97,0,At Risk
18193,5,66,1176.55,16.34,926,4,2010-09-23 13:33:00,2011-07-12 10:56:00,150,5,1176.55,0,At Risk
18194,7,23,4084.20,136.14,1774,184,2010-01-28 15:30:00,2011-10-06 19:54:00,63,7,4084.20,0,At Risk
18195,1,5,101.16,20.23,60,0,2010-11-17 15:03:00,2010-11-17 15:03:00,386,1,101.16,0,At Risk
18196,4,210,1457.19,5.26,1038,0,2010-03-17 14:55:00,2011-09-05 16:22:00,94,4,1457.19,0,At Risk
18197,2,9,221.40,20.13,166,4,2010-05-13 10:46:00,2010-07-14 12:13:00,513,2,221.40,0,At Risk
18198,21,81,5083.06,30.62,4074,235,2011-01-07 13:39:00,2011-12-05 14:49:00,3,21,5083.06,0,At Risk
18199,2,20,342.20,16.30,99,1,2010-01-25 11:32:00,2010-02-02 08:39:00,675,2,342.20,0,At Risk
18200,1,29,150.35,5.01,104,0,2011-08-25 18:45:00,2011-08-25 18:45:00,105,1,150.35,0,At Risk
18201,1,27,447.53,16.58,191,0,2009-12-17 08:55:00,2009-12-17 08:55:00,722,1,447.53,0,At Risk
18202,3,55,1396.99,20.54,581,0,2011-02-01 13:36:00,2011-05-24 12:12:00,199,3,1396.99,0,At Risk
18203,4,40,492.52,8.35,111,0,2009-12-08 13:19:00,2011-07-05 13:07:00,156,4,492.52,0,At Risk
18204,4,159,1960.95,10.11,1190,2,2011-05-31 15:26:00,2011-09-29 16:44:00,70,4,1960.95,0,At Risk
18205,2,30,517.36,16.17,192,0,2011-09-26 12:02:00,2011-11-03 13:22:00,35,2,517.36,0,At Risk
18206,1,19,314.66,16.56,246,0,2010-06-04 13:47:00,2010-06-04 13:47:00,552,1,314.66,0,At Risk
18207,3,31,505.12,14.86,325,25,2010-07-28 14:26:00,2010-08-03 08:58:00,493,3,505.12,0,At Risk
18208,1,17,360.08,21.18,82,0,2010-05-23 11:54:00,2010-05-23 11:54:00,565,1,360.08,0,At Risk
18209,1,8,139.10,17.39,58,0,2011-11-11 12:07:00,2011-11-11 12:07:00,28,1,139.10,0,At Risk
18210,7,116,2768.83,19.23,1499,0,2010-11-22 09:39:00,2011-12-08 11:02:00,1,7,2768.83,0,At Risk
18211,5,37,600.07,14.29,359,0,2011-03-06 12:09:00,2011-11-14 08:10:00,25,5,600.07,0,At Risk
18212,2,40,514.37,11.18,158,0,2010-01-31 14:42:00,2011-01-17 16:14:00,325,2,514.37,0,At Risk
18213,1,15,232.48,15.50,232,0,2011-04-17 10:21:00,2011-04-17 10:21:00,236,1,232.48,0,At Risk
18214,5,38,1480.99,23.89,989,199,2010-06-03 19:47:00,2010-06-27 11:21:00,530,5,1480.99,0,At Risk
18215,6,53,2223.99,24.71,1131,1,2010-03-26 13:03:00,2011-09-11 16:05:00,88,6,2223.99,0,At Risk
18216,1,26,481.75,18.53,200,0,2011-11-08 16:55:00,2011-11-08 16:55:00,30,1,481.75,0,At Risk
18217,6,33,902.80,20.52,740,30,2010-07-01 15:39:00,2011-11-10 13:18:00,28,6,902.80,0,At Risk
18218,6,25,1086.14,26.49,1028,38,2010-02-17 15:11:00,2011-05-17 14:16:00,205,6,1086.14,0,At Risk
18219,19,87,3297.20,17.08,1586,4,2009-12-07 13:17:00,2011-12-07 11:43:00,2,19,3297.20,0,At Risk
18220,11,17,1771.70,55.37,1352,94,2009-12-15 11:42:00,2011-05-04 11:23:00,219,11,1771.70,0,At Risk
18221,8,71,1370.34,15.57,1000,16,2010-11-14 15:46:00,2011-11-17 14:40:00,21,8,1370.34,0,At Risk
18222,1,19,443.00,23.32,335,0,2011-09-08 10:45:00,2011-09-08 10:45:00,92,1,443.00,0,At Risk
18223,52,197,13497.58,20.70,6644,184,2009-12-04 12:20:00,2011-12-08 11:51:00,1,52,13497.58,0,At Risk
18224,1,10,158.95,15.90,69,0,2011-03-21 10:30:00,2011-03-21 10:30:00,263,1,158.95,0,At Risk
18225,34,266,12643.25,21.21,7282,65,2009-12-04 16:51:00,2011-12-06 13:27:00,2,34,12643.25,0,At Risk
18226,38,300,11748.58,21.60,7883,53,2010-03-05 10:05:00,2011-11-01 09:57:00,38,38,11748.58,0,At Risk
18227,3,6,93.75,13.39,22,1,2010-08-12 16:45:00,2011-05-06 12:23:00,217,3,93.75,0,At Risk
18228,3,23,769.20,24.04,238,2,2011-09-21 10:48:00,2011-10-20 19:21:00,49,3,769.20,0,At Risk
18229,28,73,10150.51,50.50,3071,0,2009-12-03 14:42:00,2011-11-28 09:48:00,11,28,10150.51,0,At Risk
18230,12,42,4197.46,29.35,1996,18,2010-07-02 10:01:00,2011-11-30 13:22:00,8,12,4197.46,0,At Risk
18231,30,218,6821.37,17.63,2915,15,2010-01-10 12:13:00,2011-05-31 14:18:00,191,30,6821.37,0,At Risk
18232,5,31,582.47,14.56,302,3,2011-05-26 16:30:00,2011-09-19 11:49:00,81,5,582.47,0,At Risk
18233,1,1,440.00,440.00,4,0,2011-01-18 08:44:00,2011-01-18 08:44:00,325,1,440.00,0,At Risk
18234,1,30,179.60,5.99,80,0,2010-06-06 11:22:00,2010-06-06 11:22:00,551,1,179.60,0,At Risk
18235,3,100,1796.48,17.27,1578,0,2011-05-06 13:35:00,2011-09-29 08:27:00,71,3,1796.48,0,At Risk
18236,12,80,1795.35,18.32,696,0,2010-04-15 13:39:00,2011-11-10 08:06:00,29,12,1795.35,0,At Risk
18237,5,40,987.10,16.18,622,0,2011-07-28 13:05:00,2011-12-07 12:49:00,2,5,987.10,0,At Risk
18238,1,14,270.92,19.35,114,0,2010-07-12 12:51:00,2010-07-12 12:51:00,514,1,270.92,0,At Risk
18239,6,85,1712.26,17.84,844,0,2010-10-13 10:11:00,2011-05-05 12:38:00,218,6,1712.26,0,At Risk
18240,1,6,422.58,70.43,126,0,2011-10-24 13:06:00,2011-10-24 13:06:00,45,1,422.58,0,At Risk
18241,23,101,2954.09,18.35,1471,6,2010-04-01 11:55:00,2011-11-30 12:10:00,9,23,2954.09,0,At Risk
18242,8,113,3605.21,25.75,2021,0,2010-01-11 08:49:00,2011-09-28 13:43:00,71,8,3605.21,0,At Risk
18243,1,26,515.78,19.84,221,0,2010-10-21 14:29:00,2010-10-21 14:29:00,413,1,515.78,0,At Risk
18244,2,19,568.64,29.93,856,0,2010-07-25 10:30:00,2010-10-05 11:15:00,430,2,568.64,0,At Risk
18245,23,336,6236.23,13.47,5098,20,2010-03-08 15:26:00,2011-12-02 14:48:00,6,23,6236.23,0,At Risk
18246,3,3,758.82,151.76,214,0,2010-04-09 10:19:00,2011-11-16 11:49:00,23,3,758.82,0,At Risk
18247,6,28,721.43,15.35,335,30,2010-03-18 15:52:00,2010-10-26 11:04:00,409,6,721.43,0,At Risk
18248,4,39,783.02,15.98,511,10,2011-06-06 13:18:00,2011-08-18 06:14:00,113,4,783.02,0,At Risk
18249,1,8,95.34,11.92,128,0,2011-11-22 15:07:00,2011-11-22 15:07:00,16,1,95.34,0,At Risk
18250,2,21,342.92,15.59,199,1,2011-02-02 13:16:00,2011-02-11 13:59:00,300,2,342.92,0,At Risk
18251,9,87,26278.86,243.32,39639,0,2009-12-22 12:01:00,2011-09-13 15:03:00,86,9,26278.86,0,At Risk
18252,8,125,1457.19,10.79,932,6,2009-12-08 17:16:00,2011-10-20 12:43:00,50,8,1457.19,0,At Risk
18253,1,7,317.88,45.41,128,0,2010-03-07 12:38:00,2010-03-07 12:38:00,642,1,317.88,0,At Risk
18254,1,16,267.90,16.74,188,0,2010-05-07 14:37:00,2010-05-07 14:37:00,580,1,267.90,0,At Risk
18255,2,16,303.15,15.96,201,0,2010-09-09 16:31:00,2011-09-11 13:16:00,88,2,303.15,0,At Risk
18256,2,10,60.60,4.33,180,70,2010-11-17 08:53:00,2010-12-20 08:27:00,354,2,60.60,0,At Risk
18257,18,220,4496.80,15.61,2369,40,2010-02-18 16:20:00,2011-10-31 14:48:00,38,18,4496.80,0,At Risk
18258,8,30,2040.97,38.51,1981,8,2010-05-16 11:35:00,2010-09-01 14:20:00,463,8,2040.97,0,At Risk
18259,7,51,3941.90,46.38,1274,0,2009-12-08 08:38:00,2011-11-15 12:34:00,24,7,3941.90,0,At Risk
18260,32,212,9737.10,22.70,5244,36,2009-12-15 13:50:00,2011-06-20 12:37:00,172,32,9737.10,0,At Risk
18261,2,19,324.24,15.44,146,0,2011-09-05 09:34:00,2011-10-27 15:36:00,42,2,324.24,0,At Risk
18262,3,40,577.54,13.75,552,0,2010-04-16 09:05:00,2011-07-22 16:04:00,139,3,577.54,0,At Risk
18263,4,59,1211.08,19.53,1468,1,2011-04-01 11:48:00,2011-11-16 16:19:00,22,4,1211.08,0,At Risk
18264,1,36,603.25,16.76,241,0,2010-07-29 10:02:00,2010-07-29 10:02:00,498,1,603.25,0,At Risk
18265,2,44,801.51,17.42,311,0,2011-07-04 15:26:00,2011-09-28 14:10:00,71,2,801.51,0,At Risk
18266,1,14,251.10,17.94,138,0,2010-10-01 15:33:00,2010-10-01 15:33:00,433,1,251.10,0,At Risk
18267,2,18,252.87,12.64,135,4,2010-02-05 08:43:00,2010-02-18 09:12:00,659,2,252.87,0,At Risk
18268,8,36,1451.22,20.44,711,9,2009-12-11 10:27:00,2011-07-28 19:13:00,133,8,1451.22,0,At Risk
18269,2,7,138.90,17.36,76,6,2010-12-08 13:53:00,2010-12-16 15:39:00,357,2,138.90,0,At Risk
18270,4,18,400.35,21.07,209,4,2010-10-03 10:49:00,2011-11-01 13:57:00,37,4,400.35,0,At Risk
18271,2,19,680.85,32.42,319,0,2009-12-08 11:27:00,2010-04-09 09:26:00,609,2,680.85,0,At Risk
18272,11,145,4347.33,18.74,2880,9,2010-03-04 12:53:00,2011-12-07 12:43:00,2,11,4347.33,0,At Risk
18273,4,1,357.00,89.25,140,0,2010-04-28 12:24:00,2011-12-07 13:16:00,1,4,357.00,0,At Risk
18274,2,11,0.00,0.00,88,88,2011-11-09 17:03:00,2011-11-22 10:18:00,17,2,0.00,0,At Risk
18275,2,19,741.85,39.04,417,0,2009-12-08 16:23:00,2010-05-10 15:46:00,577,2,741.85,0,At Risk
18276,10,81,1620.67,16.37,1246,7,2009-12-10 17:14:00,2011-11-18 17:01:00,20,10,1620.67,0,At Risk
18277,8,54,1111.38,16.34,449,5,2010-08-02 10:26:00,2011-10-12 15:22:00,57,8,1111.38,0,At Risk
18278,2,22,414.20,17.26,140,0,2010-10-31 12:13:00,2011-09-27 11:58:00,73,2,414.20,0,At Risk
18279,1,13,231.34,17.80,630,0,2010-07-08 14:48:00,2010-07-08 14:48:00,518,1,231.34,0,At Risk
18280,3,28,472.45,14.76,194,2,2010-11-10 15:51:00,2011-03-07 09:52:00,277,3,472.45,0,At Risk
18281,2,17,201.14,11.83,146,0,2010-05-11 10:49:00,2011-06-12 10:53:00,180,2,201.14,0,At Risk
18282,3,12,176.60,13.58,103,5,2011-08-05 13:35:00,2011-12-02 11:43:00,7,3,176.60,0,At Risk
18283,22,352,2664.90,2.84,1679,0,2010-02-19 17:16:00,2011-12-06 12:02:00,3,22,2664.90,0,At Risk
18284,2,28,436.68,15.06,494,1,2010-10-04 11:33:00,2010-10-06 12:31:00,429,2,436.68,0,At Risk
18285,1,12,427.00,35.58,145,0,2010-02-17 10:24:00,2010-02-17 10:24:00,660,1,427.00,0,At Risk
18286,3,67,1188.43,16.98,608,16,2009-12-16 10:45:00,2010-08-20 11:57:00,476,3,1188.43,0,At Risk
18287,8,121,4177.89,26.78,3013,2,2009-12-01 14:19:00,2011-10-28 09:29:00,42,8,4177.89,0,At Risk
