stock_code,description,units_sold,units_returned,net_sales,gross_sales,return_value,total_orders
10002,INFLATABLE POLITICAL GLOBE ,8671,1223,6058.71,6942.26,883.55,369
10002R,ROBOT PENCIL SHARPNER,4,0,20.57,20.57,0.00,3
10080,GROOVY CACTUS INFLATABLE,315,0,129.29,129.29,0.00,27
10109,BENDY COLOUR PENCILS,4,0,1.68,1.68,0.00,1
10120,DOGGY RUBBER,664,30,136.44,142.74,6.30,74
10123C,HEARTS WRAPPING TAPE ,650,150,241.87,254.41,12.54,65
10123G,ARMY CAMO WRAPPING TAPE,2251,1104,99.32,165.56,66.24,17
10124A,SPOTS ON RED BOOKCOVER TAPE,58,0,24.36,24.36,0.00,18
10124G,ARMY CAMO BOOKCOVER TAPE,33,0,14.28,14.28,0.00,10
10125,MINI FUNKY DESIGN TAPES,2103,0,1715.78,1715.78,0.00,167
10133,COLOURING PENCILS BROWN TUBE,3837,20,2360.56,2373.26,12.70,291
10134,COLOURING PENCILS BROWN TUBE,625,10,708.63,721.13,12.50,53
10135,COLOURING PENCILS BROWN TUBE,4226,11,4552.46,4566.21,13.75,326
10138,ASSORTED COLOUR JUMBO PEN,261,194,29.32,111.22,81.90,25
11001,ASSTD DESIGN RACING CAR PEN,4829,811,6315.26,7408.65,1093.39,262
15030,FAN BLACK FRAME ,254,0,73.66,73.66,0.00,26
15034,PAPER POCKET TRAVELING FAN ,10153,1448,1300.20,1416.26,116.06,261
15036,ASSORTED COLOURS SILK FAN,44272,929,32323.00,32967.03,644.03,1005
15039,SANDALWOOD FAN,5101,27,4322.67,4345.62,22.95,310
15044A,PINK PAPER PARASOL ,4964,3,13202.80,13210.85,8.05,252
15044B,BLUE PAPER PARASOL ,1670,1,4641.18,4644.13,2.95,190
15044C,PURPLE PAPER PARASOL,967,5,3013.31,3027.26,13.95,235
15044D,RED PAPER PARASOL,1596,9,4533.50,4559.65,26.15,231
15056bl,EDWARDIAN PARASOL BLACK,116,0,1456.32,1456.32,0.00,87
15056BL,EDWARDIAN PARASOL BLACK,9504,213,46196.10,47267.45,1071.35,869
15056n,EDWARDIAN PARASOL NATURAL,173,0,2170.40,2170.40,0.00,116
15056N,EDWARDIAN PARASOL NATURAL,11286,155,57134.90,57975.45,840.55,1054
15056p,EDWARDIAN PARASOL PINK,46,0,577.84,577.84,0.00,38
15056P,EDWARDIAN PARASOL PINK,2473,313,11137.87,12228.92,1091.05,353
15058A,BLUE POLKADOT GARDEN PARASOL,200,5,1631.14,1668.49,37.35,93
15058A,BLUE WHITE SPOTS GARDEN PARASOL,276,12,1401.84,1485.24,83.40,61
15058B,PINK POLKADOT GARDEN PARASOL,234,5,1895.62,1932.97,37.35,102
15058B,PINK WHITE SPOTS GARDEN PARASOL,204,4,1362.90,1394.70,31.80,59
15058C,ICE CREAM DESIGN GARDEN PARASOL,470,4,2729.92,2753.72,23.80,124
15059A,ENGLISH ROSE EDWARDIAN PARASOL,509,0,1567.00,1567.00,0.00,4
15060b,FAIRY CAKE DESIGN UMBRELLA,5,0,41.81,41.81,0.00,5
15060B,FAIRY CAKE DESIGN UMBRELLA,1414,10,6402.76,6444.98,42.22,456
16008,SMALL FOLDING SCISSOR(POINTED EDGE),3141,0,422.96,422.96,0.00,85
16010,FOLDING CAMPING SCISSOR W/KNIF & S,32,0,3.84,3.84,0.00,4
16011, ANIMAL STICKERS,385,0,80.85,80.85,0.00,12
16011,ANIMAL STICKERS,3427,24,713.43,718.47,5.04,101
16012,FOOD/DRINK SPONGE STICKERS,2142,0,449.82,449.82,0.00,63
16012,FOOD/DRINK SPUNGE STICKERS,759,0,158.19,158.19,0.00,20
16014,SMALL CHINESE STYLE SCISSOR,29355,0,9513.10,9513.10,0.00,93
16015,MEDIUM CHINESE STYLE SCISSOR,1572,0,711.38,711.38,0.00,65
16016,LARGE CHINESE STYLE SCISSOR,2314,0,1870.70,1870.70,0.00,106
16020C,CLEAR STATIONERY BOX SET ,160,0,134.50,134.50,0.00,39
16033,MINI HIGHLIGHTER PENS,15121,480,1486.92,1544.52,57.60,54
16043,POP ART PUSH DOWN RUBBER ,2145,984,112.62,180.30,67.68,15
16044,POP-ART FLUORESCENT PENS,6193,0,389.22,389.22,0.00,3
16045,POPART WOODEN PENCILS ASST,9312,0,429.44,429.44,0.00,74
16046,TEATIME PEN CASE & PENS,10056,4632,834.46,1223.50,389.04,61
16047,POP ART PEN CASE & PENS,10612,5184,639.98,1054.70,414.72,32
16048,TEATIME ROUND PENCIL SHARPENER ,3461,0,537.06,537.06,0.00,105
16049,TEATIME GEL PENS ASST,3169,0,560.48,560.48,0.00,32
16050,TEATIME PENCIL WITH RUBBER,151,0,46.45,46.45,0.00,8
16051,TEATIME PENCIL W STAMP ASST,941,0,84.69,84.69,0.00,4
16052,TEATIME PUSH DOWN RUBBER,848,24,271.24,281.32,10.08,36
16053,POPART COL BALLPOINT PEN ASST,4313,2000,125.73,185.73,60.00,11
16054,POPART RECT PENCIL SHARPENER ASST,1210,108,146.04,159.00,12.96,40
16119,FUNKY GIRL ADDRESS BOOK,273,0,130.71,130.71,0.00,8
16151A,FLOWER DES BLUE HANDBAG/ORANG HANDL,3,0,11.25,11.25,0.00,2
16151A,FLOWERS HANDBAG blue and orange,49,0,61.25,61.25,0.00,3
16156L,WRAP CAROUSEL,375,0,157.50,157.50,0.00,14
16156L,"WRAP, CAROUSEL",575,0,241.50,241.50,0.00,22
16156N,"WRAP, FRIENDSHIP ON GREEN",1475,0,619.50,619.50,0.00,56
16156S,WRAP PINK FAIRY CAKES ,16661,146,6497.30,6558.62,61.32,422
16161C,WRAP SPEED DEMONS ,450,0,45.00,45.00,0.00,2
16161E,WRAP BOUDOIR ,750,0,75.00,75.00,0.00,9
16161G,WRAP BAD HAIR DAY,975,0,97.50,97.50,0.00,33
16161M,WRAP  PINK FLOCK,1050,25,428.50,439.00,10.50,40
16161P,WRAP ENGLISH ROSE ,13198,25,5424.90,5435.40,10.50,441
16161U,WRAP SUKI AND FRIENDS,6676,75,2690.42,2721.92,31.50,211
16161U,"WRAP,SUKI AND FRIENDS",3350,0,1363.00,1363.00,0.00,110
16162L,THE KING GIFT BAG,8101,3744,383.23,570.43,187.20,31
16162M,THE KING GIFT BAG 25x24x12cm,88,0,36.96,36.96,0.00,13
16168M,FUNKY MONKEY GIFT BAG MEDIUM,1686,0,512.38,512.38,0.00,101
16168S,FUNKY MONKEY GIFT BAG SMALL,1283,0,126.83,126.83,0.00,11
16169A,WRAP CHRISTMAS DECOUPAGE,25,0,10.50,10.50,0.00,1
16169C,WRAP BLUE REINDEER,1350,0,567.00,567.00,0.00,43
16169D,WRAP WINTER FOREST,250,0,105.00,105.00,0.00,9
16169E,WRAP 50'S  CHRISTMAS,4563,125,1839.96,1892.46,52.50,151
16169F,WRAP BLIZZARD,975,0,409.50,409.50,0.00,34
16169G,WRAP ROMANTIC DECOUPAGE,25,0,10.50,10.50,0.00,1
16169K,WRAP FOLK ART,2075,0,658.75,658.75,0.00,60
16169M,WRAP DAISY CARPET ,2060,0,640.95,640.95,0.00,59
16169N,WRAP BLUE RUSSIAN FOLKART,2025,0,626.25,626.25,0.00,56
16169P,WRAP GREEN RUSSIAN FOLKART ,1750,25,523.25,533.75,10.50,49
16192,PINK BALLET OPENING CUBE BOX ,3,0,12.90,12.90,0.00,1
16201A,PASTEL PINK PHOTO ALBUM,101,2,209.47,213.37,3.90,10
16201B,PASTEL BLUE PHOTO ALBUM,34,0,81.10,81.10,0.00,5
16202A,PASTEL PINK PHOTO ALBUM ,662,324,192.65,290.45,97.80,24
16202B,PASTEL BLUE PHOTO ALBUM ,1039,472,384.08,528.56,144.48,26
16202C,BEIGE PHOTO ALBUM,97,0,230.59,230.59,0.00,12
16202E,BLACK PHOTO ALBUM ,82,1,157.18,162.73,5.55,15
16206B,RED PURSE WITH PINK HEART,96,0,116.40,116.40,0.00,16
16207A,PINK STRAWBERRY HANDBAG ,143,0,423.53,423.53,0.00,76
16207B,PINK HEART RED HANDBAG,265,0,457.65,457.65,0.00,46
16212,FUNKY GIRLZ ASST MAGNETIC MEMO PAD,366,0,287.01,287.01,0.00,37
16215,FUNKY GIRLZ MAGNETIC TO DO LIST ,8,0,5.20,5.20,0.00,3
16216,LETTER SHAPE PENCIL SHARPENER,4158,110,354.04,371.64,17.60,90
16218,CARTOON  PENCIL SHARPENERS,4629,0,448.13,448.13,0.00,98
16219,HOUSE SHAPE PENCIL SHARPENER,3357,48,496.67,499.55,2.88,129
16225,RATTLE SNAKE EGGS,1520,0,1271.66,1271.66,0.00,165
16235,RECYCLED PENCIL WITH RABBIT ERASER,5827,133,1306.02,1333.95,27.93,314
16236,KITTY PENCIL ERASERS,2652,28,587.41,593.29,5.88,261
16237,SLEEPING CAT ERASERS,10385,91,2214.04,2233.15,19.11,583
16238,PARTY TIME PENCIL ERASERS,2447,0,559.54,559.54,0.00,236
16239,BALLERINA HEART DECORATION.,347,0,492.17,492.17,0.00,21
16243B,BROWN COZY SQUARE PHOTO ALBUM,212,0,441.77,441.77,0.00,8
16244A,MAXWELL 2 TONE PINK 60 PAGE PHOTO A,186,0,479.41,479.41,0.00,28
16244B,MAXWELL 2 TONE BLUE 60 PAGE PHOTO A,345,0,765.02,765.02,0.00,28
16245A,PINK MINI STATIONERY SET W CASE,11,0,13.75,13.75,0.00,7
16248B,BLUE HOLE PUNCH,81,0,101.25,101.25,0.00,12
16254,TRANSPARENT ACRYLIC TAPE DISPENSER,941,0,305.66,305.66,0.00,40
16256B,FLOWER PENCIL/RUBBER+5 MINI PENCILS,524,0,232.35,232.35,0.00,35
16256C,HEARTS PENCIL/RUBBER+5 MINI PENCILS,169,14,65.10,70.98,5.88,11
16258A,SWIRLY CIRCULAR RUBBERS IN BAG,1063,1,375.51,375.93,0.42,102
16258B,DAISY ERASERS IN BAG,1016,0,221.06,221.06,0.00,15
16259,PIECE OF CAMO STATIONERY SET,5473,134,751.99,766.09,14.10,59
17001,HEAVENS SCENT FRAGRANCE OILS ASSTD,1211,6,297.61,299.35,1.74,25
17003,BROCADE RING PURSE ,70369,740,14550.64,14766.42,215.78,462
17007B,S/3 POT POURI CUSHIONS BLUE COLOURS,34,0,71.40,71.40,0.00,6
17011A,ORIGAMI VANILLA INCENSE+FLOWER ,261,0,179.56,179.56,0.00,12
17011B,ORIGAMI JASMINE INCENSE+FLOWER ,19,0,11.10,11.10,0.00,2
17011C,ORIGAMI LAVENDER INCENSE+FLOWER,335,0,221.40,221.40,0.00,2
17011D,ORIGAMI ROSE INCENSE+FLOWER,209,0,135.70,135.70,0.00,4
17011E,ORIGAMI OPIUM SCENT INCENSE+FLOWER,124,0,80.60,80.60,0.00,1
17011F,ORIGAMI SANDLEWOOD INCENSE+FLOWER,385,0,336.20,336.20,0.00,20
17012A,ORIGAMI VANILLA INCENSE/CANDLE SET ,726,0,806.16,806.16,0.00,95
17012B,ORIGAMI JASMINE INCENSE/CANDLE SET,721,0,867.45,867.45,0.00,126
17012C,ORIGAMI LAVENDER INCENSE/CANDL SET ,856,0,950.40,950.40,0.00,113
17012D,ORIGAMI ROSE INCENSE/CANDLE SET ,520,0,658.72,658.72,0.00,116
17012E,ORIGAMI OPIUM INCENSE/CANDLE SET ,263,0,296.79,296.79,0.00,29
17012F,ORIGAMI SANDLEWOOD INCENSE/CAND SET,586,0,680.65,680.65,0.00,107
17013B,ORIGAMI JASMINE INCENSE IN TUBE,256,0,221.03,221.03,0.00,3
17013C,ORIGAMI LAVENDER INCENSE IN TUBE,213,96,49.14,89.46,40.32,3
17013D,ORIGAMI ROSE INCENSE IN TUBE,1068,1,570.83,572.40,1.57,32
17013F,ORIGAMI SANDLEWOOD INCENSE IN TUBE,62,0,26.70,26.70,0.00,5
17014A,ORIGAMI VANILLA INCENSE CONES,276,0,170.13,170.13,0.00,16
17014C,ORIGAMI LAVENDER INCENSE CONES,97,0,43.75,43.75,0.00,2
17014D,ORIGAMI ROSE INCENSE CONES,479,0,204.36,204.36,0.00,8
17014E,ORIGAMI OPIUM INCENSE CONES,95,0,36.60,36.60,0.00,6
17014F,ORIGAMI SANDLEWOOD INCENSE CONES,61,0,23.70,23.70,0.00,4
17021,NAMASTE SWAGAT INCENSE,3720,78,960.84,984.24,23.40,79
17027A,INCENSE BAZAAR CANNABIS,228,0,84.84,84.84,0.00,2
17028J,INCENSE BAZAAR PEACH,6,0,2.52,2.52,0.00,1
17033,"BROCADE PURSE,SMALL ARCH BUTTON",3280,36,857.40,867.84,10.44,70
17038,PORCELAIN BUDAH INCENSE HOLDER,2559,0,254.51,254.51,0.00,55
17039,INLAID WOOD INCENSE HOLDER,3707,0,837.88,837.88,0.00,43
17061,ASSORTED SHAPED STENCIL FOR HENNA,52,0,2.08,2.08,0.00,1
17084A,TRANQUILITY MASALA INCENSE,442,0,92.82,92.82,0.00,18
17084G,MOON INCENSE,50,0,10.50,10.50,0.00,2
17084J,LOVE POTION MASALA INCENSE,456,0,95.76,95.76,0.00,20
17084N,FAIRY DREAMS INCENSE ,2768,0,640.26,640.26,0.00,187
17084P,DRAGONS BLOOD INCENSE,990,0,222.75,222.75,0.00,70
17084R,ASSORTED INCENSE PACK,10625,0,1968.45,1968.45,0.00,66
17090A,LAVENDER INCENSE 40 CONES IN TIN,173,0,182.65,182.65,0.00,26
17090D,VANILLA INCENSE 40 CONES IN TIN,88,0,105.20,105.20,0.00,28
17091A,LAVENDER INCENSE IN TIN,2085,0,1285.89,1285.89,0.00,117
17091B,JASMINE TEA INCENSE IN TIN,276,0,316.98,316.98,0.00,51
17091F,SANDALWOOD INCENSE IN TIN,19,0,27.71,27.71,0.00,8
17091J,VANILLA INCENSE IN TIN,3964,0,2204.35,2204.35,0.00,178
17096,ASSORTED LAQUERED INCENSE HOLDERS,6240,0,1117.09,1117.09,0.00,76
17107D,FLOWER FAIRY 5 DRAWER LINERS,59,0,150.45,150.45,0.00,20
17107D,"FLOWER FAIRY,5 SUMMER B'DRAW LINERS",250,2,632.40,637.50,5.10,66
17107D,FLOWER FAIRY 5 SUMMER DRAW LINERS,6,0,15.30,15.30,0.00,1
17108D,FLOWER FAIRY SUMMER BOUQUET SACHET,355,0,149.10,149.10,0.00,23
17109A,FLOWER FAIRY INCENSE LILY,709,0,333.61,333.61,0.00,13
17109B,FLOWER FAIRY INCENSE LAVENDER,4542,0,896.34,896.34,0.00,17
17109C,FLOWER FAIRY INCENSE ROSE,3124,1,659.54,661.23,1.69,16
17109D,FLOWER FAIRY INCENSE BOUQUET,1257,1,596.62,598.31,1.69,39
17129C,SKY BLUE COLOUR GLASS GEMS IN BAG,86,0,57.98,57.98,0.00,11
17129D,CLEAR COLOUR GLASS GEMS IN BAG,1125,0,1351.18,1351.18,0.00,39
17129F,BLUE GLASS GEMS IN BAG,911,8,878.46,890.12,11.66,83
17129F,DEEP BLUE GLASS GEMS IN BAG,669,0,794.46,794.46,0.00,64
17136A,BLUE STONES ON WIRE FOR CANDLE,743,0,61.78,61.78,0.00,34
17164B,ASS COL SMALL SAND GECKO P'WEIGHT,1620,2,645.72,646.56,0.84,82
17164D,ASS COL SMALL SAND FROG P'WEIGHT,1150,0,447.00,447.00,0.00,28
17165B,ASS COL LARGE SAND GECKO P'WEIGHT,810,4,747.48,751.68,4.20,59
17165D,ASS COL LARGE SAND FROG P'WEIGHT,716,6,676.02,682.32,6.30,92
17174,ASSTD RASTA KEY-CHAINS,36,0,15.12,15.12,0.00,7
17178,FLAT PALM T-LIGHT HOLDER,133,0,156.65,156.65,0.00,24
17181,CIRCLE OF FRIENDS CANDLE HOLDER,353,0,642.66,642.66,0.00,65
17191A,ROSE FLOWER CANDLE+INCENSE 16X16CM,33,0,123.75,123.75,0.00,12
18007,ESSENTIAL BALM 3.5g TIN IN ENVELOPE,11396,2400,923.22,1043.22,120.00,73
18010,ASSORTED FRAGRANCE BATH CONFETTI,64,0,30.16,30.16,0.00,9
18094C,WHITE AND BLUE CERAMIC OIL BURNER,400,1,541.36,542.61,1.25,86
18094C,WHITE/BLUE RECT CERAMIC OIL BURNER,33,0,58.05,58.05,0.00,13
18096c,WHITE ROUND PORCELAIN TLIGHT HOLDER,8,0,41.14,41.14,0.00,6
18096C,WHITE ROUND PORCELAIN TLIGHT HOLDER,117,12,268.10,298.70,30.60,22
18097A,PINK TALL PORCELAIN T-LIGHT HOLDER ,17,0,43.35,43.35,0.00,12
18097B,BLUE TALL PORCELAIN T-LIGHT HOLDER,7,0,17.85,17.85,0.00,3
18097C,WHITE TALL PORCELAIN T-LIGHT HOLDER,1763,292,3353.12,3924.92,571.80,213
18098A,PINK PORCELAIN B'FLY OIL BURNER,2,0,5.90,5.90,0.00,2
18098B,BLUE PORCELAIN B'FLY OIL BURNER,3,0,8.85,8.85,0.00,3
18098c,PORCELAIN BUTTERFLY OIL BURNER,292,0,1479.61,1479.61,0.00,135
18098C,PORCELAIN BUTTERFLY OIL BURNER,1223,24,3160.33,3231.13,70.80,237
20615,BLUE POLKADOT PASSPORT COVER,321,0,506.96,506.96,0.00,107
20615,BLUE SPOTTY PASSPORT COVER,316,0,570.85,570.85,0.00,88
20616,CHERRY BLOSSOM PASSPORT COVER,283,0,449.26,449.26,0.00,121
20617,FIRST CLASS PASSPORT COVER ,498,0,992.99,992.99,0.00,105
20618,QUEEN OF THE SKIES PASSPORT COVER ,297,0,648.54,648.54,0.00,137
20619,TROPICAL PASSPORT COVER ,578,0,1014.42,1014.42,0.00,194
20620,RED SPOTTY PASSPORT COVER,15,0,61.76,61.76,0.00,14
20621,ECONOMY PASSPORT COVER ,207,0,451.67,451.67,0.00,33
20622,VIP PASSPORT COVER ,43,0,94.04,94.04,0.00,17
20622,VIPPASSPORT COVER ,539,0,1033.55,1033.55,0.00,111
20652,BLUE POLKADOT LUGGAGE TAG ,280,0,369.39,369.39,0.00,92
20652,BLUE SPOTTY LUGGAGE TAG ,1236,0,657.90,657.90,0.00,80
20653,CHERRY BLOSSOM LUGGAGE TAG,2004,0,528.77,528.77,0.00,81
20654,FIRST CLASS LUGGAGE TAG ,398,0,505.41,505.41,0.00,120
20655,QUEEN OF SKIES LUGGAGE TAG,414,0,608.48,608.48,0.00,189
20657,TROPICAL LUGGAGE TAG,1877,0,726.47,726.47,0.00,118
20658,RED RETROSPOT LUGGAGE TAG,584,12,851.06,866.06,15.00,159
20658,RED SPOTTY LUGGAGE TAG,1000,24,1355.30,1385.30,30.00,197
20659,ECONOMY LUGGAGE TAG,369,0,533.51,533.51,0.00,138
20660,VIP LUGGAGE TAG ,71,0,88.75,88.75,0.00,26
20661,BLUE POLKADOT PURSE ,415,330,250.66,390.16,139.50,55
20661,BLUE SPOTTY PURSE ,483,24,519.10,589.90,70.80,72
20662,FIRST CLASS HOLIDAY PURSE ,728,300,420.33,471.33,51.00,50
20663,QUEEN OF THE SKIES HOLIDAY PURSE ,1074,503,275.56,369.41,93.85,46
20664,TROPICAL HOLIDAY PURSE ,57,0,155.41,155.41,0.00,31
20665,RED RETROSPOT PURSE ,599,1,1975.22,1978.17,2.95,193
20665,RED SPOTTY PURSE ,736,31,2186.72,2278.17,91.45,160
20666,ECONOMY HOLIDAY PURSE,911,400,344.45,412.45,68.00,47
20667,CHERRY BLOSSOM PURSE,40,0,108.69,108.69,0.00,24
20668,DISCO BALL CHRISTMAS DECORATION,20951,3,2454.52,2454.88,0.36,369
20669,RED HEART LUGGAGE TAG,797,0,1111.89,1111.89,0.00,214
20670,VIP HOLIDAY PURSE,694,312,292.45,378.85,86.40,51
20671,BLUE TEATIME PRINT BOWL ,786,0,1038.72,1038.72,0.00,143
20672,PINK TEATIME PRINT BOWL,138,0,201.00,201.00,0.00,36
20673,STRAWBERRIES PRINT BOWL,5,0,6.25,6.25,0.00,2
20674,GREEN POLKADOT BOWL,1848,7,2376.52,2385.08,8.56,251
20674,GREEN SPOTTY BOWL,1564,8,1953.44,1963.44,10.00,215
20675,BLUE POLKADOT BOWL,3616,21,4585.83,4611.89,26.06,389
20675,BLUE SPOTTY BOWL,2849,19,3432.19,3455.94,23.75,313
20676,RED RETROSPOT BOWL,5846,96,7339.38,7445.51,106.13,550
20676,RED SPOTTY BOWL,4629,41,5609.51,5660.19,50.68,429
20677,PINK POLKADOT BOWL,4208,14,5431.82,5449.13,17.31,415
20677,PINK SPOTTY BOWL,3566,0,4348.93,4348.93,0.00,348
20678,LARGE BLACK DIAMANTE HAIRSLIDE,4,0,6.60,6.60,0.00,1
20679,EDWARDIAN PARASOL RED,6149,18,29913.87,30020.97,107.10,724
20680,PINK FLOWERS CHILDS UMBRELLA,6,0,19.50,19.50,0.00,4
20681,PINK POLKADOT CHILDRENS UMBRELLA,405,4,1451.29,1464.29,13.00,139
20681,PINK SPOTTY CHILDS UMBRELLA,1000,27,3206.11,3292.86,86.75,217
20682,RED RETROSPOT CHILDRENS UMBRELLA,1585,25,5299.52,5380.27,80.75,352
20682,RED SPOTTY CHILDS UMBRELLA,1483,32,4693.04,4791.04,98.00,256
20683,RAIN GIRL CHILDS UMBRELLA,1,0,3.25,3.25,0.00,1
20684,STRAWBERRY DREAM CHILDS UMBRELLA,580,12,1873.56,1910.06,36.50,181
20685,DOORMAT RED RETROSPOT,5038,78,34656.74,35198.96,542.22,908
20685,DOOR MAT RED SPOT,2485,5,15853.44,15889.75,36.31,415
20685,DOORMAT RED SPOT,1086,0,7765.42,7765.42,0.00,205
20685,RED SPOTTY COIR DOORMAT,1174,8,7509.34,7563.34,54.00,209
20686,DOLLY MIXTURE CHILDREN'S UMBRELLA,590,8,1977.84,2002.84,25.00,193
20688,BEAUTY SPEED EXPRESSO CUPS,464,0,332.90,332.90,0.00,11
20689,RETRO SISTERS EXPRESSO CUPS,429,12,590.70,614.10,23.40,42
20692,FLORAL ELEPHANT SOFT TOY,908,2,3674.26,3682.76,8.50,141
20693,FLORAL DINOSAUR GREEN,33,1,157.64,161.89,4.25,19
20694,FLORAL PINK MONSTER,166,4,607.33,622.33,15.00,55
20695,FLORAL BLUE MONSTER,142,4,587.58,604.58,17.00,63
20696,FLORAL SOFT CAR TOY,151,0,617.94,617.94,0.00,60
20697,LITTLE GREEN MONSTER SOFT TOY,40,0,96.60,96.60,0.00,21
20698,LITTLE PINK MONSTER SOFT TOY,47,0,114.45,114.45,0.00,21
20699,MOUSEY LONG LEGS SOFT TOY,294,0,797.96,797.96,0.00,88
20700,GREEN CAT FLORAL CUSHION COVER ,420,2,1117.55,1125.05,7.50,105
20701,PINK CAT FLORAL CUSHION COVER ,353,0,721.49,721.49,0.00,50
20702,PINK PADDED MOBILE,782,11,3249.95,3296.70,46.75,251
20703,BLUE PADDED SOFT MOBILE,471,29,1870.22,1993.47,123.25,184
20704,MR ROBOT SOFT TOY,361,4,1343.62,1371.42,27.80,81
20705,MRS ROBOT SOFT TOY,273,1,994.24,996.19,1.95,54
20707,CRAZY DAISY HEART DECORATION,1613,7,1234.93,1243.68,8.75,202
20711,JUMBO BAG TOYS ,12643,38,25648.82,25719.13,70.31,1064
20712,JUMBO BAG WOODLAND ANIMALS,17710,251,37051.76,37499.37,447.61,1433
20713,JUMBO BAG OWLS,20814,252,40218.07,40667.05,448.98,1326
20714,POSY SHOPPER BAG,1580,0,649.82,649.82,0.00,28
20715,LITTLE FLOWER SHOPPER BAG,400,400,0.00,424.00,424.00,2
20716,PARTY FOOD SHOPPER BAG,1533,11,1911.29,1925.04,13.75,248
20717,STRAWBERRY SHOPPER BAG,6296,125,7630.23,7767.48,137.25,762
20718,RED RETROSPOT SHOPPER BAG,6295,45,8638.77,8694.26,55.49,702
20718,RED SPOTTY SHOPPER BAG,7058,13,8746.84,8763.09,16.25,520
20719,WOODLAND CHARLOTTE BAG,24479,135,27491.60,27598.42,106.82,1590
20721,OWLS CHARLOTTE BAG,1,0,0.85,0.85,0.00,1
20723,STRAWBERRY CHARLOTTE BAG,18296,187,20243.27,20401.05,157.78,1402
20724,RED RETROSPOT CHARLOTTE BAG,20663,226,24786.04,24958.77,172.73,1274
20724,RED SPOTTY CHARLOTTE BAG,11534,95,10151.34,10231.44,80.10,797
20725,LUNCH BAG RED RETROSPOT,22232,596,40152.62,41043.02,890.40,1888
20725,LUNCH BAG RED SPOTTY,18085,335,29569.92,30063.27,493.35,1247
20726,LUNCH BAG WOODLAND,22118,1015,37008.79,38506.74,1497.95,1964
20727,LUNCH BAG  BLACK SKULL.,26678,1211,43876.32,45655.27,1778.95,2396
20728,LUNCH BAG CARS BLUE,24596,1140,40592.30,42270.30,1678.00,2110
20729,RED SPOTTY CANDY BAG,5262,22,1750.62,1778.12,27.50,124
20730,STRAWBERRY CANDY BAG,2218,11,997.95,1011.70,13.75,104
20731,POSY CANDY BAG,4142,55,1194.62,1252.92,58.30,74
20733,GOLD MINI TAPE MEASURE ,1927,300,1236.20,1452.20,216.00,295
20734,SILVER MINI TAPE MEASURE ,1592,1,1469.77,1470.62,0.85,118
20735,BLACK MINI TAPE MEASURE ,1515,0,1540.29,1540.29,0.00,202
20736,PINK MINI TAPE MEASURE ,290,0,233.50,233.50,0.00,19
20737,RED MINI TAPE MEASURE ,1,0,1.70,1.70,0.00,1
20738,GREEN MINI TAPE MEASURE ,1610,0,1301.72,1301.72,0.00,74
20739,*USB Office Glitter Lamp,1,0,8.65,8.65,0.00,1
20747,PICCADILLY TEA SET,683,4,9169.52,9224.92,55.40,111
20748,KENSINGTON COFFEE SET,1600,0,14266.98,14266.98,0.00,183
20749,ASSORTED COLOUR MINI CASES,3062,13,21995.86,22097.61,101.75,776
20750,RED RETROSPOT MINI CASES,2066,17,14996.12,15118.47,122.35,515
20750, RED/WHITE DOT MINI CASES,491,0,3696.59,3696.59,0.00,145
20750,RED/WHITE DOT MINI CASES,1131,3,8029.32,8051.57,22.25,258
20751,FUNKY WASHING UP GLOVES ASSORTED,2839,3,6016.96,6023.26,6.30,474
20752,BLUE POLKADOT WASHING UP GLOVES,535,2,1208.26,1212.46,4.20,204
20752,RETRO BLUE SPOTTY WASHING UP GLOVES,965,1,1653.64,1655.74,2.10,157
20753,RETRO PINK SPOT WASHING UP GLOVES,218,2,504.80,509.00,4.20,57
20754,RETRO RED SPOTTY WASHING UP GLOVES,3139,32,6193.19,6257.39,64.20,425
20754,RETROSPOT RED WASHING UP GLOVES,1955,1,4185.33,4187.43,2.10,433
20755,BLUE PAISLEY POCKET BOOK,5145,0,1089.73,1089.73,0.00,122
20756,GREEN FERN POCKET BOOK,5728,0,851.56,851.56,0.00,64
20757,RED DAISY POCKET BOOK ,5347,0,890.70,890.70,0.00,78
20758,ABSTRACT CIRCLES POCKET BOOK,5425,1,952.57,953.42,0.85,96
20759,CHRYSANTHEMUM POCKET BOOK ,5777,0,891.13,891.13,0.00,63
20760,GARDEN PATH POCKET BOOK,5550,0,1313.66,1313.66,0.00,81
20761,BLUE PAISLEY SKETCHBOOK,458,4,1407.46,1422.46,15.00,147
20762,GREEN FERN SKETCHBOOK ,458,4,1328.79,1343.79,15.00,137
20763,DAISY SKETCHBOOK ,267,4,687.86,702.86,15.00,75
20764,ABSTRACT CIRCLES SKETCHBOOK ,685,4,2119.76,2134.76,15.00,194
20765,CHRYSANTHEMUM SKETCHBOOK ,442,5,1246.31,1265.06,18.75,148
20766,GARDEN PATH SKETCHBOOK,518,4,1533.47,1548.47,15.00,156
20767,BLUE PAISLEY JOURNAL ,812,7,1723.76,1741.61,17.85,181
20768,GREEN FERN JOURNAL ,767,0,1534.19,1534.19,0.00,149
20769,DAISY JOURNAL ,438,0,808.81,808.81,0.00,79
20770,ABSTRACT CIRCLE JOURNAL ,1045,10,2170.49,2190.59,20.10,203
20771,CHRYSANTHEMUM  JOURNAL,606,6,1186.38,1201.68,15.30,141
20772,GARDEN PATH JOURNAL,970,151,1528.48,1848.73,320.25,164
20773,BLUE PAISLEY NOTEBOOK,3339,1,962.33,963.98,1.65,118
20774,GREEN FERN NOTEBOOK,3484,1,960.83,962.48,1.65,120
20775,DAISY NOTEBOOK ,3604,0,926.54,926.54,0.00,112
20776,ABSTRACT CIRCLES NOTEBOOK,3258,0,832.66,832.66,0.00,84
20777,CHRYSANTHEMUM NOTEBOOK,3660,3,1257.75,1262.70,4.95,171
20778,GARDEN PATH NOTEBOOK ,3611,3,939.41,944.36,4.95,92
20779,PINK EAR MUFF HEADPHONES,0,3,-14.79,0.00,14.79,2
20780,BLACK EAR MUFF HEADPHONES,231,1,1328.47,1333.96,5.49,99
20781,GOLD EAR MUFF HEADPHONES,103,6,546.99,579.93,32.94,64
20782,CAMOUFLAGE EAR MUFF HEADPHONES,155,7,957.05,995.48,38.43,89
20783,HEART EAR MUFF HEADPHONES,165,4,1030.28,1051.40,21.12,59
20784,RED RETRO BAR STOOL,101,1,3530.92,3570.87,39.95,38
20785,FUSCHIA RETRO BAR STOOL,102,1,3632.40,3672.35,39.95,37
20786,BLACK RETRO BAR STOOL,99,2,3454.00,3533.90,79.90,33
20787,BLUE RETRO BAR STOOL,69,0,2535.10,2535.10,0.00,30
20791,BLUE TILED SET OF 3 DRAWERS,5,5,0.00,63.75,63.75,2
20793,BLUE TILED TRAY,281,5,484.75,518.50,33.75,23
20794,BLUE  TILE HOOK,212,18,545.12,591.02,45.90,52
20795,LARGE BLUE PROVENCAL CERAMIC BALL,135,7,294.00,308.70,14.70,32
20796,SMALL BLUE PROVENCAL CERAMIC BALL,99,0,182.16,182.16,0.00,22
20798,CLEAR MILKSHAKE GLASS,551,76,1167.90,1308.15,140.25,98
20799,PINK MILKSHAKE GLASS,200,8,325.87,355.33,29.46,28
20800,LARGE GLASS SUNDAE DISH CLEAR,1005,0,303.96,303.96,0.00,5
20801,LARGE PINK GLASS SUNDAE DISH,1092,32,1398.00,1422.00,24.00,113
20802,SMALL GLASS SUNDAE DISH CLEAR,1051,48,1561.89,1596.81,34.92,120
20803,SMALL PINK GLASS SUNDAE DISH,1149,74,836.00,874.46,38.46,87
20804,GLASS CHICKEN BUTTER DISH,325,48,509.71,579.31,69.60,62
20812,EMBOSSED FLOWER TRELLIS PHOTO FRAME,5,0,12.75,12.75,0.00,3
20814,SILVER FINCH DECORATION,189,13,192.64,208.89,16.25,14
20816,GOLD FLOWER CUSHION COVER ,24,5,89.85,123.60,33.75,8
20818,GOLD TEDDY BEAR,87,0,268.50,268.50,0.00,30
20819,SILVER TEDDY BEAR,228,0,631.49,631.49,0.00,65
20820,SILVER LOOKING MIRROR,11,0,54.45,54.45,0.00,8
20821,GOLDIE LOOKING MIRROR,42,14,217.12,286.42,69.30,28
20822,SILVER WINE GOBLET,2,2,0.00,9.30,9.30,2
20823,GOLD WINE GOBLET,253,4,515.11,533.71,18.60,20
20825,GOLD WINE GLASS,361,6,1232.58,1255.08,22.50,8
20826,SILVER APERITIF GLASS,355,0,290.72,290.72,0.00,14
20827,GOLD APERITIF GLASS,173,0,209.36,209.36,0.00,8
20828,GLITTER BUTTERFLY CLIPS,4423,30,10863.98,10940.48,76.50,612
20829,GLITTER HANGING BUTTERFLY STRING,4820,1094,8023.06,9825.02,1801.96,495
20830,SILVER PHOTO FRAME,407,11,937.29,964.61,27.32,86
20831,GOLD PHOTO FRAME,474,6,915.36,927.96,12.60,80
20832,RED FLOCK LOVE HEART PHOTO FRAME,1681,8,1115.85,1122.65,6.80,161
20833,SHAKER THROW  QUILTED,52,1,761.85,811.80,49.95,6
20835,FRENCH LATTICE CUSHION COVER ,80,0,87.02,87.02,0.00,10
20836,FRENCH PAISLEY CUSHION COVER,224,24,204.64,250.00,45.36,24
20837,FRENCH FLORAL CUSHION COVER ,165,0,188.07,188.07,0.00,18
20838,FRENCH LATTICE CUSHION COVER ,446,12,555.60,565.80,10.20,64
20839,FRENCH PAISLEY CUSHION COVER ,633,0,1018.11,1018.11,0.00,118
20840,FRENCH FLORAL CUSHION COVER ,885,219,1053.24,1419.09,365.85,96
20845,ZINC HEART LATTICE 2 WALL PLANTER,76,0,502.27,502.27,0.00,24
20846,ZINC HEART LATTICE T-LIGHT HOLDER,1453,0,1956.81,1956.81,0.00,169
20847,ZINC HEART LATTICE CHARGER LARGE,80,1,326.73,334.35,7.62,28
20848,ZINC HEART LATTICE CHARGER SMALL,39,0,115.05,115.05,0.00,12
20849,ZINC HEART LATTICE DOUBLE PLANTER,674,0,593.03,593.03,0.00,24
20850,ZINC HEART LATTICE PLANTER BOWL,820,0,713.80,713.80,0.00,23
20851,ZINC HEART LATTICE TRAY OVAL ,335,2,417.67,429.57,11.90,29
20854,BLUE PATCH PURSE PINK HEART,441,15,686.62,711.37,24.75,109
20855,PINK PATCH PURSE BLUE HEART,142,1,232.65,234.30,1.65,48
20856,DENIM PATCH PURSE PINK BUTTERFLY,408,11,655.94,674.09,18.15,124
20857,BLUE ROSE PATCH PURSE PINK BUTTERFL,249,16,384.45,410.85,26.40,75
20858,SILVER PURSE GOLD PINK BUTTERFLY,4,0,6.60,6.60,0.00,1
20860,GOLD COSMETICS BAG WITH BUTTERFLY,20,0,42.00,42.00,0.00,11
20861,GOLD COSMETIC BAG PINK STAR,46,0,96.60,96.60,0.00,16
20862,PINK PATCH PENCIL CASE BLUE HEART,325,1,689.04,691.14,2.10,38
20863,BLUE PATCH PENCIL CASE PINK HEART,293,1,599.43,601.53,2.10,51
20864,DENIM PATCH PENCIL CASE BUTTERFLY,252,1,496.04,498.14,2.10,30
20865,PATCHWORK PENCIL CASE BUTTERFLY ,251,82,355.02,500.49,145.47,35
20866,BLUE ROSE FABRIC MIRROR,1280,120,1241.71,1368.91,127.20,192
20867,PINK ROSE FABRIC MIRROR,1098,0,1093.14,1093.14,0.00,153
20868,SILVER FABRIC MIRROR,882,0,518.07,518.07,0.00,71
20869,GOLD FABRIC MIRROR,529,0,295.12,295.12,0.00,53
20870,OPULENT VELVET CANDLE IN BOX,29,1,50.10,52.20,2.10,8
20871,OPULENT VELVET SET/3 CANDLES,1273,2,1973.85,1978.05,4.20,129
20877,MODERN CHRISTMAS BAUBLE CANDLE ,12,0,5.04,5.04,0.00,5
20878,SET/9 CHRISTMAS T-LIGHTS SCENTED ,737,0,952.51,952.51,0.00,85
20879,TREE OF NOAH FESTIVE SCENTED CANDLE,57,96,-133.80,67.80,201.60,12
20881,MODERN CHRISTMAS TREE CANDLE,3,0,2.55,2.55,0.00,2
20882,MODERN CHRISTMAS TREE CANDLE,3,0,8.85,8.85,0.00,2
20884,MODERN CHRISTMAS TREE CANDLE ,3,0,6.30,6.30,0.00,3
20885,BOX OF 3 PEBBLE CANDLES,1,1,0.00,2.95,2.95,2
20886,BOX OF 9 PEBBLE CANDLES,1777,6,3528.52,3540.22,11.70,309
20887,BOX OF 6 PEBBLE CANDLES,18,0,118.39,118.39,0.00,8
20888,SET 3 JARDIN DE FEMME SCENT CANDLES,367,0,547.74,547.74,0.00,19
20889,JARDIN DE FEMME SCENTED CANDLE,657,0,398.04,398.04,0.00,13
20890,SMALL GLASS ROSE SCENTED CANDLE,605,0,202.62,202.62,0.00,4
20891,LARGE GLASS ROSE SCENTED CANDLE ,684,0,236.33,236.33,0.00,3
20892,SET/3 TALL GLASS CANDLE HOLDER PINK,102,21,889.20,1095.35,206.15,45
20893,HANGING BAUBLE T-LIGHT HOLDER SMALL,559,111,1074.14,1308.59,234.45,80
20894,HANGING BAUBLE T-LIGHT HOLDER LARGE,267,6,810.40,827.30,16.90,82
20895,VINTAGE NOTEBOOK FRENCH LETTER ,16,0,47.20,47.20,0.00,4
20896,VINTAGE NOTEBOOK PINK FLOWER,39,0,115.05,115.05,0.00,14
20897,VINTAGE NOTEBOOK PARIS DAYS,351,12,813.30,848.70,35.40,77
20898,VINTAGE NOTEBOOK TRAVELOGUE,327,6,676.22,693.92,17.70,54
20899,VINTAGE NOTEBOOK RED ROSE,44,0,129.80,129.80,0.00,12
20901,VINTAGE KEEPSAKE BOX PINK FLOWER,91,2,793.88,806.58,12.70,68
20902,VINTAGE KEEPSAKE BOX PARIS DAYS,206,0,1525.22,1525.22,0.00,116
20903,VINTAGE KEEPSAKE BOX TRAVELOGUE,187,1,913.45,919.80,6.35,87
20905,VINTAGE KEEPSAKE BOX BEAUTY GIRL,10,0,63.50,63.50,0.00,4
20906,VINTAGE NOTEBOOK BEAUTY GIRL,101,0,368.24,368.24,0.00,47
20910,VINTAGE PHOTO ALBUM PARIS DAYS,106,0,769.12,769.12,0.00,47
20913,SET/5 BLUE SPOTTY LID GLASS BOWLS,314,0,898.72,898.72,0.00,43
20914,SET/5 RED RETROSPOT LID GLASS BOWLS,7964,116,22713.04,23040.04,327.00,1188
20914,SET/5 RED SPOTTY LID GLASS BOWLS,10706,284,28726.72,29468.52,741.80,926
20931,BLUE POT PLANT CANDLE ,673,27,2150.52,2238.07,87.55,166
20932,PINK POT PLANT CANDLE,333,17,1088.22,1143.97,55.75,87
20933,YELLOW POT PLANT CANDLE,505,0,1329.49,1329.49,0.00,52
20934,SET/3 POT PLANT CANDLES,197,20,1077.57,1185.07,107.50,82
20935,ROUND CACTUS CANDLE,300,6,556.78,574.48,17.70,47
20936,FORKED CACTUS CANDLE,333,9,817.64,843.39,25.75,79
20939,ORANGE CANDLE,12,0,10.20,10.20,0.00,1
20940,SET/6 GARDEN GNOME T-LIGHT CANDLES,118,36,236.55,342.75,106.20,24
20941,FROG CANDLE,998,47,854.93,896.28,41.35,129
20942,SET/6 GINGERBREAD TREE T-LIGHTS,6,1,6.25,7.50,1.25,5
20943,SET/6 GINGERBREAD STAR T-LIGHTS,381,1,538.96,540.21,1.25,72
20950,SET/6  ANGEL T-LIGHTS WHITE/GOLD,687,0,353.39,353.39,0.00,83
20952,PORCELAIN CHERUB BELL SMALL,329,260,31.56,150.72,119.16,26
20953,PORCELAIN CHERUB BELL LARGE,33,0,54.45,54.45,0.00,9
20954,*USB Office Mirror Ball,3,0,25.59,25.59,0.00,3
20956,PORCELAIN T-LIGHT HOLDERS ASSORTED,2338,30,3046.32,3083.82,37.50,240
20957,PORCELAIN HANGING BELL SMALL,126,1,183.16,184.61,1.45,16
20958,PORCELAIN HANGING BELL LARGE,38,0,70.50,70.50,0.00,10
20960,WATERMELON BATH SPONGE,1900,0,2550.84,2550.84,0.00,215
20961,STRAWBERRY BATH SPONGE ,3530,71,4598.90,4687.65,88.75,516
20963,APPLE BATH SPONGE,3459,10,4663.65,4676.15,12.50,510
20964,POLYESTER FILLER PAD 60x40cm,20,0,51.00,51.00,0.00,6
20966,SANDWICH BATH SPONGE,3007,1,4263.99,4265.24,1.25,421
20967,GREY FLORAL FELTCRAFT SHOULDER BAG,1055,20,3922.34,3997.34,75.00,299
20968,GREEN FLORAL FELTCRAFT SHOULDER BAG,43,0,185.11,185.11,0.00,19
20969,RED FLORAL FELTCRAFT SHOULDER BAG,3237,145,11574.61,12066.52,491.91,615
20970,PINK FLORAL FELTCRAFT SHOULDER BAG,2490,3,9376.04,9387.29,11.25,576
20971,PINK BLUE FELT CRAFT TRINKET BOX,22260,2571,25841.65,28580.97,2739.32,1160
20972,PINK CREAM FELT CRAFT TRINKET BOX ,20496,1497,23231.92,24785.31,1553.39,1407
20973,12 PENCIL SMALL TUBE WOODLAND,9863,7,6769.40,6773.95,4.55,662
20974,12 PENCILS SMALL TUBE SKULL,13219,612,8288.74,8686.54,397.80,828
20975,12 PENCILS SMALL TUBE RED RETROSPOT,9880,176,6461.88,6570.68,108.80,540
20975,12 PENCILS SMALL TUBE RED SPOTTY,8219,1307,4528.48,5278.03,749.55,374
20976,12 PENCILS SMALL TUBE POSY,549,0,376.34,376.34,0.00,76
20977,36 PENCILS TUBE WOODLAND,3792,76,4974.99,5069.99,95.00,490
20978,36 PENCILS TUBE SKULLS,4117,18,5416.07,5438.57,22.50,559
20979,36 PENCILS TUBE RED RETROSPOT,4761,210,5757.20,6019.70,262.50,454
20979,36 PENCILS TUBE RED SPOTTY,3395,180,4051.43,4252.11,200.68,282
20980,36 PENCILS TUBE POSY,233,9,271.06,282.31,11.25,59
20981,12 PENCILS TALL TUBE WOODLAND,4718,79,4002.01,4069.16,67.15,520
20982,12 PENCILS TALL TUBE SKULLS,4851,29,4219.15,4243.80,24.65,582
20983,12 PENCILS TALL TUBE RED RETROSPOT,3922,19,3378.87,3395.02,16.15,387
20983,12 PENCILS TALL TUBE RED SPOTTY,2358,12,2063.86,2074.06,10.20,259
20984,12 PENCILS TALL TUBE POSY,5867,216,1896.20,1940.96,44.76,248
20985,HEART CALCULATOR,2370,44,2993.56,3047.99,54.43,297
20986,BLUE CALCULATOR RULER,1217,0,1530.95,1530.95,0.00,204
20987,GEISHA GIRL CHOPSTICKS SET/5,131,0,288.35,288.35,0.00,22
20988,TRELLIS FLOWER CHOPSTICKS SET/5,24,0,46.80,46.80,0.00,9
20989,URBAN CHIC CHOPSTICKS SET/5,407,2,778.28,782.18,3.90,58
20990,SPRING FLOWER CHOPSTICKS SET/5,895,1,1704.19,1706.14,1.95,104
20991,JAZZ HEARTS MAGNETIC MEMO PAD,7084,0,884.56,884.56,0.00,32
20992,JAZZ HEARTS PURSE NOTEBOOK,6151,0,3220.40,3220.40,0.00,433
20993,JAZZ HEARTS MEMO PAD,10967,0,1334.11,1334.11,0.00,32
20994,JAZZ HEARTS SPIRAL NOTEPAD,47,0,39.95,39.95,0.00,12
20996,JAZZ HEARTS ADDRESS BOOK,6311,14,1680.91,1686.79,5.88,336
20997,ROSE DU SUD CUSHION COVER ,170,0,796.74,796.74,0.00,83
20998,ROSE DU SUD OVEN GLOVE,324,0,942.26,942.26,0.00,127
21000,ROSE DU SUD COSMETICS BAG,690,0,1744.98,1744.98,0.00,94
21001,ROSE DU SUD WASHBAG ,141,0,717.80,717.80,0.00,90
21002,ROSE DU SUD DRAWSTRING BAG,417,0,1507.22,1507.22,0.00,184
21003,ROSE DU SUD CUSHION COVER,109,0,647.75,647.75,0.00,64
21004,ROSE DU SUD CHILDRENS APRON,31,0,135.93,135.93,0.00,18
21004,ROSE DU SUD CHILDS APRON,106,0,489.14,489.14,0.00,52
21007,ETCHED GLASS DROPLET DECORATION,1927,0,914.67,914.67,0.00,48
21008,ETCHED GLASS HEART TREE DECORATION,1,0,2.51,2.51,0.00,1
21009,ETCHED GLASS STAR TREE DECORATION,1047,15,1476.24,1494.99,18.75,105
21010,ETCHED GLASS BIRD TREE DECORATION,850,12,1099.76,1114.76,15.00,84
21011,GLITTER SNOW PEAR TREE DECORATION,1840,3,1369.45,1373.80,4.35,119
21012,ANTIQUE ALL GLASS CANDLESTICK,2297,5,4283.20,4293.70,10.50,301
21014,SWISS CHALET TREE DECORATION ,1850,1,927.37,928.09,0.72,190
21015,DARK BIRD HOUSE TREE DECORATION,1700,4,770.57,771.73,1.16,187
21016,LIGHT BIRD HOUSE TREE DECORATION,834,4,581.17,582.85,1.68,83
21017,RED BIRD HOUSE TREE DECORATION,659,0,535.89,535.89,0.00,87
21018,BIRD BOX CHRISTMAS TREE DECORATION,213,0,182.71,182.71,0.00,42
21025,SPACE FROG,300,0,396.12,396.12,0.00,81
21026,SPACE OWL,549,0,716.73,716.73,0.00,124
21027,NINJA RABBIT PINK,355,0,433.61,433.61,0.00,77
21028,NINJA RABBIT BLACK,323,0,423.90,423.90,0.00,92
21030,SPACE CADET RED,239,0,290.90,290.90,0.00,51
21031,SPACE CADET BLACK,144,1,175.45,176.70,1.25,40
21032,SPACE CADET WHITE,203,3,248.41,252.16,3.75,51
21033,JUMBO BAG CHARLIE AND LOLA TOYS,4590,11,10100.82,10132.11,31.29,575
21034,REX CASH+CARRY JUMBO SHOPPER,4002,28,3775.30,3801.90,26.60,1911
21035,SET/2 RED RETROSPOT TEA TOWELS ,3335,205,10119.46,10684.21,564.75,506
21035,SET/2 RED SPOTTY TEA TOWELS ,2659,2,7954.67,7960.57,5.90,428
21036,SET/2 TEA TOWELS MODERN VINTAGE,1,0,2.55,2.55,0.00,1
21038,SET/4 MODERN VINTAGE COTTON NAPKINS,166,2,349.58,355.48,5.90,53
21039,RED RETROSPOT SHOPPING BAG,627,12,1595.01,1625.61,30.60,114
21039,RED SPOTTY SHOPPING BAG,686,4,1787.84,1798.04,10.20,118
21040,MODERN VINTAGE COTTON SHOPPING BAG,894,0,1125.85,1125.85,0.00,68
21041,RED RETROSPOT OVEN GLOVE DOUBLE,1382,9,5307.51,5334.06,26.55,356
21041,RED SPOTTY OVEN GLOVE DOUBLE,1284,4,3703.43,3715.23,11.80,175
21042,RED RETROSPOT APRON ,679,6,4044.80,4079.20,34.40,200
21042,RED SPOTTY APRON ,794,12,4566.71,4638.11,71.40,209
21043,APRON MODERN VINTAGE COTTON,677,3,1903.18,1921.03,17.85,142
21051,RIBBONS PURSE ,754,6,1473.56,1486.16,12.60,128
21053,ZINC HEART HANGER WITH HOOKS,0,1,-4.25,0.00,4.25,1
21054,NURSE'S BAG SOFT TOY,382,2,3520.10,3538.00,17.90,183
21055,TOOL BOX SOFT TOY ,386,7,3776.44,3839.09,62.65,224
21056,DOCTOR'S BAG SOFT TOY,545,82,4267.43,4961.33,693.90,199
21058,PARTY INVITES WOODLAND,2396,12,2045.39,2055.59,10.20,276
21059,PARTY INVITES DINOSAURS,1596,24,1328.16,1348.56,20.40,224
21060,PARTY INVITES BALLOON GIRL,1276,0,952.55,952.55,0.00,151
21061,PARTY INVITES FOOTBALL,1396,12,1036.36,1046.56,10.20,164
21062,PARTY INVITES SPACEMAN,1053,0,875.87,875.87,0.00,136
21063,PARTY INVITES JAZZ HEARTS,1456,4,1252.87,1256.27,3.40,239
21064,BOOM BOX SPEAKER BOYS,884,9,4379.37,4432.92,53.55,174
21065,BOOM BOX SPEAKER GIRLS,608,7,1415.45,1455.36,39.91,120
21066,VINTAGE RED MUG,2284,12,1479.67,1494.67,15.00,132
21067,VINTAGE RED TEATIME MUG,4763,36,3790.91,3830.67,39.76,271
21068,VINTAGE BILLBOARD LOVE/HATE MUG,4066,89,4126.30,4224.63,98.33,381
21069,VINTAGE BILLBOARD TEA MUG,5099,726,4633.47,5404.36,770.89,283
21070,VINTAGE BILLBOARD MUG ,2034,30,2050.14,2083.46,33.32,231
21071,VINTAGE BILLBOARD DRINK ME MUG,4269,12,4984.65,4998.32,13.67,476
21076,SET/20 COLLAGE PAPER NAPKIN ,843,1,713.70,714.55,0.85,93
21077,SET/20 WOODLAND PAPER NAPKINS ,2790,0,2058.10,2058.10,0.00,192
21078,SET/20 STRAWBERRY PAPER NAPKINS ,7211,2,6179.55,6181.25,1.70,742
21080,SET/20 RED RETROSPOT PAPER NAPKINS ,15388,22,13212.84,13231.54,18.70,1184
21080,SET/20 RED SPOTTY PAPER NAPKINS ,15688,631,11770.42,12185.39,414.97,950
21081,SET/20 POSIES PAPER NAPKINS,4,0,3.40,3.40,0.00,4
21082,SET/20 FRUIT SALAD PAPER NAPKINS ,7183,3074,1436.51,1960.45,523.94,165
21084,SET/6 COLLAGE PAPER CUPS,2929,24,1004.25,1008.81,4.56,224
21085,SET/6 WOODLAND PAPER CUPS,13731,0,1872.68,1872.68,0.00,66
21086,SET/6 RED SPOTTY PAPER CUPS,16658,792,10359.17,10781.81,422.64,847
21087,SET/6 POSIES PAPER CUPS,260,0,168.08,168.08,0.00,32
21088,SET/6 FRUIT SALAD PAPER CUPS,16615,7140,1244.21,1816.73,572.52,138
21089,SET/6 GREEN SPRING PAPER CUPS,323,0,112.54,112.54,0.00,40
21090,SET/6 COLLAGE PAPER PLATES,3107,36,1715.05,1729.09,14.04,281
21091,SET/6 WOODLAND PAPER PLATES,13700,0,1868.70,1868.70,0.00,47
21092,SET/6 STRAWBERRY PAPER PLATES,12846,24,1551.10,1571.50,20.40,30
21094,SET/6 RED SPOTTY PAPER PLATES,19633,762,14838.79,15334.03,495.24,989
21095,SET/6 POSIES PAPER PLATES,295,0,274.57,274.57,0.00,40
21096,SET/6 FRUIT SALAD  PAPER PLATES,15919,7008,1800.67,2711.71,911.04,144
21097,SET/6 GREEN SPRING  PAPER PLATE,32,0,27.20,27.20,0.00,7
21098,CHRISTMAS TOILET ROLL,8537,219,13017.54,13263.93,246.39,602
21099,SET/6 STRAWBERRY PAPER CUPS,13290,120,1438.64,1516.64,78.00,36
21100,CHARLIE AND LOLA CHARLOTTE BAG,2540,4,3788.40,3795.00,6.60,273
21102,"CANDLE IN JAR COLLAGE , VANILLA",82,31,142.03,221.08,79.05,21
21106,CREAM SLICE FLANNEL CHOCOLATE SPOT ,790,0,2419.68,2419.68,0.00,169
21107,CREAM SLICE FLANNEL PINK SPOT ,2302,0,6624.77,6624.77,0.00,313
21108,FAIRY CAKE FLANNEL ASSORTED COLOUR,12962,3159,18792.90,25407.27,6614.37,617
21109,LARGE CAKE TOWEL CHOCOLATE SPOTS,925,0,2661.67,2661.67,0.00,104
21109,"LARGE CAKE TOWEL, CHOCOLATE SPOTS",248,2,1801.32,1814.82,13.50,120
21110,LARGE CAKE TOWEL PINK SPOTS,1640,6,7690.47,7729.37,38.90,332
21111,"SWISS ROLL TOWEL, CHOCOLATE  SPOTS",1379,7,3166.51,3187.16,20.65,216
21112,SWISS ROLL TOWEL PINK  SPOTS,706,0,1913.69,1913.69,0.00,39
21112,"SWISS ROLL TOWEL, PINK  SPOTS",1516,198,3063.27,3570.57,507.30,153
21114,LAVENDER SCENTED FABRIC HEART,5666,60,7231.14,7306.14,75.00,499
21115,ROSE CARAVAN DOORSTOP,1247,1,7949.09,7955.84,6.75,432
21116,OWL DOORSTOP,1355,1,7895.06,7900.01,4.95,535
21117,BLOND DOLL DOORSTOP,328,0,502.08,502.08,0.00,26
21118,SHOPPING BAG DOORSTOP,69,0,104.25,104.25,0.00,7
21119,Glow In The Dark Shot Glasses ,3,0,41.01,41.01,0.00,3
21120,*Boombox Ipod Classic,1,0,16.98,16.98,0.00,1
21121,SET/10 RED POLKADOT PARTY CANDLES,8654,96,10331.93,10451.93,120.00,489
21121,SET/10 RED SPOTTY PARTY CANDLES,6561,74,7898.27,7990.77,92.50,393
21122,SET/10 PINK POLKADOT PARTY CANDLES,6543,73,7871.37,7962.62,91.25,424
21122,SET/10 PINK SPOTTY PARTY CANDLES,5666,0,6882.16,6882.16,0.00,387
21123,SET/10 IVORY POLKADOT PARTY CANDLES,1490,48,1754.59,1814.59,60.00,174
21123,SET/10 IVORY SPOTTY PARTY CANDLES,1261,0,1578.47,1578.47,0.00,80
21124,SET/10 BLUE POLKADOT PARTY CANDLES,5128,49,6144.59,6205.84,61.25,311
21124,SET/10 BLUE SPOTTY PARTY CANDLES,4901,0,5966.95,5966.95,0.00,321
21125,SET 6 FOOTBALL CELEBRATION CANDLES,2123,15,2192.63,2211.38,18.75,250
21126,SET OF 6 GIRLS CELEBRATION CANDLES,2325,14,2331.72,2349.22,17.50,287
21127,COLOURFUL FISHING GNOME,297,1,992.08,998.03,5.95,49
21128,GOLD FISHING GNOME,126,0,841.63,841.63,0.00,57
21129,SILVER FISHING GNOME ,124,3,928.59,949.44,20.85,62
21130,COLOURFUL STANDING GNOME,721,1,1197.48,1200.93,3.45,50
21131,GOLD STANDING GNOME,276,0,1098.86,1098.86,0.00,49
21132,SILVER STANDING GNOME   ,93,0,476.61,476.61,0.00,47
21133,PAINTED BIRD ASSORTED CHRISTMAS,410,0,712.91,712.91,0.00,42
21134,VICTORIAN METAL POSTCARD CHRISTMAS,377,0,646.44,646.44,0.00,46
21135,VICTORIAN  METAL POSTCARD SPRING,5985,328,8384.44,8567.24,182.80,411
21136,PAINTED METAL PEARS ASSORTED,10496,225,17122.08,17451.45,329.37,743
21137,BLACK RECORD COVER FRAME,18739,23,65107.00,65189.29,82.29,641
21143,ANTIQUE GLASS HEART DECORATION ,2088,19,4112.10,4149.15,37.05,187
21144,PINK POODLE HANGING DECORATION ,543,12,282.91,287.47,4.56,61
21145,ANTIQUE GLASS PLACE SETTING,869,13,1239.96,1256.21,16.25,51
21146,ANTIQUE GLASS RIDGED HANGING BALL,789,2,1509.77,1513.67,3.90,59
21147,JINGLE BELLS TREE DECORATION,477,2,866.28,870.48,4.20,119
21153,RED SPOTTY TABLECLOTH ,393,2,4273.39,4294.69,21.30,141
21154,RED RETROSPOT OVEN GLOVE ,5279,213,7688.33,7916.58,228.25,569
21154,RED SPOTTY OVEN GLOVE ,2816,10,3765.87,3778.37,12.50,340
21155,RED RETROSPOT PEG BAG,4003,239,10547.50,11060.20,512.70,619
21155,RED SPOTTY PEG BAG,2662,24,5232.90,5282.89,49.99,375
21156,RED SPOTTY CHILDS APRON,2506,2,4674.33,4678.23,3.90,298
21156,RETROSPOT CHILDRENS APRON,6631,71,12185.60,12324.05,138.45,648
21157,RED RETROSPOT WASHBAG,103,0,296.99,296.99,0.00,44
21157,RED SPOTTY WASHBAG,586,6,1307.36,1319.96,12.60,133
21158,MOODY GIRL DOOR HANGER ,2587,97,1754.49,1792.66,38.17,313
21159,MOODY BOY  DOOR HANGER ,2105,77,1410.76,1445.37,34.61,253
21160,KEEP OUT GIRLS DOOR HANGER ,794,74,527.23,557.49,30.26,61
21161,KEEP OUT BOYS DOOR HANGER ,2360,86,1758.39,1806.05,47.66,209
21162,TOXIC AREA  DOOR HANGER ,2402,84,1611.12,1655.88,44.76,287
21163,DO NOT TOUCH MY STUFF DOOR HANGER ,2800,85,1711.91,1757.92,46.01,256
21164,HOME SWEET HOME METAL SIGN ,5981,22,16561.51,16626.41,64.90,726
21165,BEWARE OF THE CAT METAL SIGN ,9360,51,15084.79,15167.38,82.59,972
21166,COOK WITH WINE METAL SIGN ,19932,558,37171.63,38138.86,967.23,1442
21167,WHITE SAGE INCENSE,2440,50,577.02,587.52,10.50,115
21169,YOU'RE CONFUSING ME METAL SIGN ,8856,33,14208.04,14262.61,54.57,781
21171,BATHROOM METAL SIGN ,1845,0,2578.27,2578.27,0.00,260
21172,PARTY METAL SIGN ,7685,77,11271.31,11382.16,110.85,978
21173,LOO ROLL  METAL SIGN ,340,12,588.16,607.96,19.80,78
21174,POTTERING IN THE SHED METAL SIGN,9696,4,19586.01,19593.81,7.80,1138
21175,GIN AND TONIC DIET METAL SIGN,498,0,1237.50,1237.50,0.00,50
21175,GIN + TONIC DIET METAL SIGN,20178,2035,38828.40,42613.98,3785.58,1621
21179,NO JUNK MAIL METAL SIGN,4284,12,3513.22,3517.90,4.68,506
21181,PLEASE ONE PERSON  METAL SIGN,1867,1,3865.97,3868.07,2.10,179
21181,PLEASE ONE PERSON METAL SIGN,22865,113,46025.27,46249.07,223.80,1647
21185, HOME SWEET HOME  BLACKBOARD,129,6,819.14,857.24,38.10,43
21185,HOME SWEET HOME  BLACKBOARD,3,1,12.70,19.05,6.35,4
21186,WHITE DOVE HONEYCOMB PAPER GARLAND,5272,10,8517.67,8532.17,14.50,370
21187,WHITE BELL HONEYCOMB PAPER GARLAND ,1344,0,2243.78,2243.78,0.00,144
21188,3D HEARTS  HONEYCOMB PAPER GARLAND,912,35,2681.69,2771.34,89.65,130
21189,WHITE HONEYCOMB PAPER GARLAND ,797,0,1698.88,1698.88,0.00,123
21190,PINK HEARTS PAPER GARLAND,806,77,1225.94,1337.59,111.65,113
21191,LARGE WHITE HONEYCOMB PAPER BELL  ,1479,0,3408.61,3408.61,0.00,201
21192,WHITE BELL HONEYCOMB PAPER ,2167,48,3816.04,3885.64,69.60,217
21193,WHITE HONEYCOMB PAPER FAN ,111,0,274.37,274.37,0.00,22
21194,PINK  HONEYCOMB PAPER FAN,578,10,745.00,751.50,6.50,98
21195,PINK  HONEYCOMB PAPER BALL ,997,0,2122.66,2122.66,0.00,150
21196,ROUND WHITE CONFETTI IN TUBE,178,0,306.89,306.89,0.00,22
21197,MULTICOLOUR  CONFETTI IN TUBE,453,21,627.16,661.81,34.65,46
21198,WHITE HEART CONFETTI IN TUBE,1282,75,1407.59,1472.30,64.71,121
21199,PINK  HEART CONFETTI IN TUBE,1305,48,1475.54,1495.70,20.16,150
21200,MULTICOLOUR HONEYCOMB PAPER GARLAND,1421,28,2024.56,2065.16,40.60,127
21201,TROPICAL  HONEYCOMB PAPER GARLAND ,2741,13,6484.01,6517.16,33.15,237
21202,DOLLY HONEYCOMB GARLAND,854,51,1028.93,1103.48,74.55,69
21203,BUTTERFLIES  HONEYCOMB GARLAND,1539,49,2455.75,2527.00,71.25,147
21204,DAISIES  HONEYCOMB GARLAND ,1608,49,2611.74,2682.99,71.25,207
21205,MULTICOLOUR 3D BALLS GARLAND,669,21,1693.42,1746.97,53.55,148
21206,STRAWBERRY HONEYCOMB  GARLAND ,2155,11,3049.75,3067.90,18.15,242
21207,SKULL AND CROSSBONES  GARLAND ,3601,489,4888.17,5597.42,709.25,286
21208,PASTEL COLOUR HONEYCOMB FAN,1078,42,959.27,976.91,17.64,125
21209,MULTICOLOUR HONEYCOMB FAN,1476,37,1330.01,1368.04,38.03,144
21210,SET OF 72 RETRO SPOT PAPER  DOILIES,7671,7,10939.25,10949.40,10.15,558
21210,SET OF 72 RETROSPOT PAPER  DOILIES,7447,144,10590.39,10777.79,187.40,613
21211,SET OF 72 SKULL PAPER  DOILIES,2405,12,3348.24,3365.64,17.40,238
21212,PACK OF 72 RETRO SPOT CAKE CASES,46728,649,23744.41,24054.43,310.02,1419
21212,PACK OF 72 RETROSPOT CAKE CASES,48156,461,27531.08,27770.72,239.64,1725
21213,PACK OF 72 SKULL CAKE CASES,40263,89,21341.81,21390.76,48.95,1484
21214,SET OF 72 IVORY PAPER DOILIES,2006,1,2919.37,2920.82,1.45,200
21215, IVORY PAPER CUP CAKE CASES ,1153,0,530.16,530.16,0.00,28
21215,IVORY PAPER CUP CAKE CASES ,3196,42,1986.08,2003.72,17.64,264
21216,"SET 3 RED SPOT TIN TEA,COFFEE,SUGAR",1500,5,7380.04,7404.09,24.05,309
21216,"SET 3 RETROSPOT TEA,COFFEE,SUGAR",2384,18,12677.21,12764.91,87.70,510
21217,RED RETROSPOT ROUND CAKE TINS,1420,20,14924.20,15123.20,199.00,479
21217,RED SPOTTY ROUND CAKE TINS,1484,30,14360.54,14646.04,285.50,478
21218,RED SPOTTY BISCUIT TIN,5256,79,20523.06,20800.31,277.25,924
21219,SET/4 BADGES BALLOON GIRL,1013,10,1290.77,1303.27,12.50,177
21220,SET/4 BADGES DOGS,659,0,888.68,888.68,0.00,159
21221,SET/4 BADGES CUTE CREATURES,535,0,709.66,709.66,0.00,107
21222,SET/4 BADGES BEETLES,621,0,804.65,804.65,0.00,133
21223,SET/4 BADGES WOODLAND ANIMAL,492,0,587.08,587.08,0.00,43
21224,SET/4 SKULL BADGES,2171,22,2664.41,2691.91,27.50,315
21225,POCKET MIRROR BUTTERFLY ,2,0,2.50,2.50,0.00,2
21226,POCKET MIRROR WOODLAND,213,0,230.55,230.55,0.00,37
21228,"POCKET MIRROR ""GLAMOROUS""",97,0,122.57,122.57,0.00,31
21231,SWEETHEART CERAMIC TRINKET BOX,19428,323,23739.93,24128.86,388.93,1553
21232,STRAWBERRY CERAMIC TRINKET BOX,36628,782,46246.76,47169.35,922.59,2488
21232,STRAWBERRY CERAMIC TRINKET POT,1369,22,2103.72,2131.22,27.50,130
21238,RED RETROSPOT CUP,4731,65,4109.56,4164.55,54.99,482
21238,RED SPOTTY CUP,4746,84,3928.05,3999.45,71.40,443
21239,PINK  POLKADOT CUP,3685,33,3264.85,3292.90,28.05,386
21239,PINK  SPOTTY CUP,3684,19,3129.47,3145.49,16.02,374
21240,BLUE POLKADOT CUP,4191,44,3621.13,3658.27,37.14,405
21240,BLUE  SPOTTY CUP,3390,1,2876.62,2877.47,0.85,371
21241,GREEN POLKADOT CUP,111,0,94.35,94.35,0.00,10
21241,GREEN SPOTTY CUP,2102,1,1773.87,1774.72,0.85,251
21242,RED RETROSPOT PLATE ,3735,36,6333.69,6394.53,60.84,373
21242,RED SPOTTY PLATE ,3350,6,5513.06,5523.20,10.14,290
21243,PINK  POLKADOT PLATE ,2552,8,4251.53,4265.05,13.52,240
21243,PINK POLKADOT PLATE ,220,0,377.56,377.56,0.00,25
21243,PINK  SPOTTY PLATE ,2864,8,4631.57,4645.09,13.52,240
21244,BLUE POLKADOT PLATE ,2641,17,4390.71,4419.44,28.73,246
21244,BLUE  SPOTTY PLATE ,2404,6,3849.49,3859.63,10.14,207
21245,GREEN POLKADOT PLATE ,1259,4,2106.43,2113.19,6.76,159
21245,GREEN  SPOTTY PLATE ,1308,0,2155.17,2155.17,0.00,146
21246,RED RETROSPOT BIG BOWL,326,2,1524.88,1534.78,9.90,110
21246,RED SPOTTY BIG BOWL,423,6,2121.15,2150.85,29.70,103
21247,SET OF RED SALAD SERVERS ,422,0,664.73,664.73,0.00,81
21248,DOOR HANGER  MUM + DADS ROOM,1043,76,1266.39,1299.55,33.16,161
21249,WOOD ANIMALS HEIGHT CHART STICKERS ,6,0,17.70,17.70,0.00,1
21249,WOODLAND  HEIGHT CHART STICKERS ,1655,16,4706.43,4752.83,46.40,261
21250,SET OF SKULL WALL STICKERS,402,0,997.55,997.55,0.00,60
21251,DINOSAUR HEIGHT CHART STICKER SET,595,0,1683.93,1683.93,0.00,132
21252,SET OF MEADOW  FLOWER STICKERS,168,0,408.66,408.66,0.00,22
21253,SET OF PICTURE FRAME  STICKERS,332,0,1225.17,1225.17,0.00,122
21254,SET OF KITCHEN WALL  STICKERS,0,4,-11.80,0.00,11.80,1
21255,"FRENCH BOTTLE , LAVENDER",476,13,838.63,860.08,21.45,98
21256,"FRENCH BOTTLE, BRASSERIE DES ARTIST",326,0,588.64,588.64,0.00,65
21257,VICTORIAN SEWING BOX MEDIUM,1549,27,13763.18,13968.48,205.30,547
21258,VICTORIAN SEWING BOX LARGE,1505,121,20026.41,21386.56,1360.15,568
21259,VICTORIAN SEWING BOX SMALL ,2293,27,13688.27,13843.92,155.65,672
21260,FIRST AID TIN,3512,61,11367.18,11564.43,197.25,541
21261,GREEN GOOSE FEATHER CHRISTMAS TREE ,283,0,1146.12,1146.12,0.00,77
21262,WHITE GOOSE FEATHER CHRISTMAS TREE ,606,11,2277.57,2366.02,88.45,137
21263,GREEN GOOSE FEATHER TREE 60CM,299,2,654.39,658.29,3.90,57
21264,WHITE GOOSE FEATHER TREE 60CM ,391,8,902.25,917.85,15.60,70
21265,PINK GOOSE FEATHER TREE 60CM,321,20,650.59,705.59,55.00,37
21266,VINTAGE SILVER TINSEL REEL,23,0,98.90,98.90,0.00,9
21267,VINTAGE PINK TINSEL REEL ,24,0,74.60,74.60,0.00,10
21268,VINTAGE BLUE TINSEL REEL,397,0,261.66,261.66,0.00,49
21269,ANTIQUE CREAM CUTLERY SHELF ,114,0,1036.84,1036.84,0.00,65
21270,ANTIQUE CREAM CUTLERY CUPBOARD,76,0,874.43,874.43,0.00,51
21272,SALLE DE BAIN HOOK,2348,13,3093.58,3109.83,16.25,343
21274,EMBOSSED HEART 3 DRAWER SHELF,175,1,2407.94,2420.69,12.75,106
21275,ZINC TOP  2 DOOR WOODEN SHELF ,249,11,1576.03,1714.48,138.45,63
21276,TWO EMBOSSED HEART MINI DRAWERS,677,16,1482.74,1558.94,76.20,32
21277,FRENCH STYLE EMBOSSED HEART CABINET,54,4,1221.59,1309.39,87.80,52
21278,VINTAGE KITCHEN PRINT PUDDINGS,2758,1208,1334.05,1654.45,320.40,121
21279,VINTAGE KITCHEN PRINT FRUITS,3527,1639,1195.98,1621.83,425.85,107
21280,VINTAGE KITCHEN PRINT VEGETABLES,3333,1248,1488.44,1800.44,312.00,71
21281,VINTAGE KITCHEN PRINT SEAFOOD,3680,1536,1332.80,1716.80,384.00,68
21282,NATURAL BARK CANDLE LARGE,356,12,1471.28,1522.28,51.00,70
21283,NATURAL BARK CANDLE SMALL,512,12,1590.20,1629.20,39.00,82
21284,RETRO SPOT CANDLE  SMALL,408,12,724.47,744.75,20.28,61
21284,RETROSPOT CANDLE  SMALL,1139,36,893.61,923.97,30.36,82
21285,RETRO SPOT CANDLE  MEDIUM,263,0,566.22,566.22,0.00,36
21285,RETROSPOT CANDLE  MEDIUM,744,48,730.40,796.40,66.00,66
21286,RETRO SPOT CANDLE  LARGE,295,12,758.66,789.26,30.60,50
21286,RETROSPOT CANDLE  LARGE,711,0,833.75,833.75,0.00,52
21287,SCENTED VELVET LOUNGE CANDLE ,4107,0,1860.00,1860.00,0.00,93
21288,STRIPEY CHOCOLATE NESTING BOXES,982,25,2493.32,2557.47,64.15,226
21289,LARGE STRIPES CHOCOLATE GIFT BAG,1413,20,1524.31,1549.31,25.00,104
21290,LARGE SPOTTY CHOCOLATE GIFT BAG,2,0,2.50,2.50,0.00,1
21291,SMALL POLKADOT CHOCOLATE GIFT BAG ,1338,34,1130.54,1159.44,28.90,78
21291,SMALL SPOTTY CHOCOLATE GIFT BAG ,1073,33,890.44,918.49,28.05,80
21292,SMALL STRIPES CHOCOLATE GIFT BAG ,2449,16,1413.51,1427.11,13.60,92
21293,MIRRORED DOVE WALL DECORATION,343,2,868.14,872.34,4.20,86
21294,ETCHED GLASS COASTER,2246,0,1653.75,1653.75,0.00,139
21298,EDWARDIAN 2 DRAWER WALL CABINET ,52,6,656.10,755.80,99.70,19
21299,EDWARDIAN TOILET ROLL UNIT ,166,4,932.95,966.35,33.40,37
21300,ANTIQUE EDWARDIAN DRESSER,53,10,714.20,841.70,127.50,14
21303,FILIGREE WALL MIRROR  ANTIQUE WHITE,96,11,909.09,985.54,76.45,34
21304,ARCHED GREY MIRROR,86,0,591.58,591.58,0.00,18
21306,SET/4 DAISY MIRROR MAGNETS,681,19,335.48,342.80,7.32,70
21307,SET/4 BUTTERFLY MIRROR MAGNETS,749,1,647.97,650.07,2.10,73
21308,LOUVRE VANITY MIRROR,132,2,690.00,705.90,15.90,7
21309,LOUVRE CHALKBOARD,49,1,315.65,325.60,9.95,6
21310,CAPIZ CHANDELIER,6,1,149.75,179.70,29.95,5
21311,SET/4 BIRD MIRROR MAGNETS ,701,27,531.84,539.67,7.83,96
21312,LARGE CHUNKY GLASS ROMAN BOWL,299,13,1153.82,1179.17,25.35,29
21313,GLASS HEART T-LIGHT HOLDER ,6711,158,5660.96,5771.11,110.15,430
21314,SMALL GLASS HEART TRINKET POT,11426,1228,22344.59,24641.39,2296.80,1132
21315,LARGE GLASS HEART TRINKET POT,0,4,-17.00,0.00,17.00,1
21316,SMALL CHUNKY GLASS ROMAN  BOWL,693,2,1140.21,1146.11,5.90,49
21317,GLASS SPHERE CANDLE STAND MEDIUM,357,3,1437.55,1453.40,15.85,77
21318,GLASS CHALICE BLUE SMALL ,972,32,860.36,900.42,40.06,105
21319,GLASS CHALICE GREEN  SMALL ,508,39,686.66,743.61,56.95,69
21320,GLASS CHALICE GREEN  LARGE ,398,22,860.84,913.34,52.50,64
21321,GLASS CHALICE BLUE  LARGE ,122,15,267.60,301.80,34.20,21
21322,GLASS SPHERE CANDLE STAND LARGE ,301,0,590.45,590.45,0.00,14
21323,HANGING MEDINA LANTERN LARGE,740,3,2494.14,2506.89,12.75,81
21324,HANGING MEDINA LANTERN SMALL,1014,54,2705.61,2845.71,140.10,178
21326,AGED GLASS SILVER T-LIGHT HOLDER,17770,102,11527.56,11593.86,66.30,654
21327,SKULLS WRITING SET ,1926,0,3378.51,3378.51,0.00,495
21328,BALLOONS  WRITING SET ,2441,0,4612.63,4612.63,0.00,643
21329,DINOSAURS  WRITING SET ,2082,20,3727.66,3760.66,33.00,557
21330,WOODLAND ANIMAL  WRITING SET ,1452,9,2439.22,2454.07,14.85,202
21331,MOROCCAN BEATEN METAL DISH LARGE,110,3,908.43,946.68,38.25,32
21332,MOROCCAN BEATEN METAL MIRROR,270,21,1534.42,1644.17,109.75,55
21333,CLASSIC WHITE FRAME,1057,18,3133.07,3192.09,59.02,232
21335,LIBRARY LAMP,42,4,904.82,989.62,84.80,32
21336,GOLD WASHBAG,1823,865,412.29,527.56,115.27,45
21337,SILVER WASHBAG,33,0,103.53,103.53,0.00,12
21338,MARAKESH LANTERN SMALL ,199,0,873.25,873.25,0.00,13
21339,MARAKESH LANTERN LARGE,30,0,544.50,544.50,0.00,12
21340,CLASSIC METAL BIRDCAGE PLANT HOLDER,1758,62,18524.03,19194.13,670.10,433
21341,KASBAH LANTERN WITH GLASS ,72,0,410.64,410.64,0.00,29
21343,GOLD JEWELERY BOX,20,2,58.10,92.00,33.90,4
21344,MOROCCAN BEATEN METAL DISH,166,5,712.07,749.82,37.75,28
21346,LARGE SILVER BALUSTRADE CANDLESTICK,0,1,-5.95,0.00,5.95,1
21347,GOTHIC CARRIAGE LANTERN,8,0,47.60,47.60,0.00,4
21348,PINK SPOTS CHOCOLATE NESTING BOXES ,842,31,1976.59,2030.84,54.25,138
21349,IVY HEART WREATH,553,8,3956.73,4010.73,54.00,173
21350,GINGHAM HEART WREATH,225,2,641.85,647.75,5.90,43
21351,CINAMMON & ORANGE WREATH,1099,25,3610.80,3702.75,91.95,182
21352,EUCALYPTUS & PINECONE  WREATH,880,11,3036.03,3110.28,74.25,162
21353,SILVER SLEIGHBELL  WREATH,19,0,160.45,160.45,0.00,9
21354,TOAST ITS - BEST MUM,2476,0,2979.46,2979.46,0.00,217
21355,TOAST ITS - I LOVE YOU ,3452,48,4158.05,4218.05,60.00,344
21356,TOAST ITS - FAIRY FLOWER,1592,1,2012.91,2014.16,1.25,350
21357,TOAST ITS - DINOSAUR,1388,48,1767.76,1827.76,60.00,212
21358,TOAST ITS - HAPPY BIRTHDAY,1129,1,1397.46,1398.71,1.25,223
21359,RELAX LARGE WOOD LETTERS,208,4,2076.68,2116.48,39.80,77
21360,JOY LARGE WOOD LETTERS,441,2,2770.51,2790.41,19.90,101
21361,LOVE LARGE WOOD LETTERS ,556,16,7159.54,7361.74,202.20,299
21363,HOME SMALL WOOD LETTERS,984,19,5203.83,5296.48,92.65,410
21364,PEACE SMALL WOOD LETTERS,468,2,3394.22,3407.72,13.50,169
21365,MIRRORED WALL ART STARS,469,0,707.92,707.92,0.00,77
21366,MIRRORED WALL ART PHOTO FRAMES,238,0,1140.00,1140.00,0.00,77
21367,MIRRORED WALL ART GENTS,211,0,278.48,278.48,0.00,60
21368,MIRRORED WALL ART LADIES,201,0,212.04,212.04,0.00,47
21369,MIRRORED WALL ART SPLODGES,133,0,225.36,225.36,0.00,22
21370,MIRRORED WALL ART FOXY,54,0,251.97,251.97,0.00,22
21371,MIRRORED WALL ART POPPIES,404,0,556.01,556.01,0.00,64
21372,MIRRORED WALL ART TABLE LAMP,156,0,267.01,267.01,0.00,50
21373,MIRRORED WALL ART SNOWFLAKES,636,12,539.89,548.89,9.00,62
21374,MIRRORED WALL ART SKULLS,470,0,809.67,809.67,0.00,71
21375,LARGE CAMPHOR WOOD FIELD MUSHROOM ,134,0,817.60,817.60,0.00,61
21376,LARGE  TALL CAMPHOR WOOD TOADSTOOL ,183,0,849.91,849.91,0.00,46
21377,SMALL CAMPHOR WOOD FIELD  MUSHROOM,518,24,723.36,742.56,19.20,99
21378,SMALL TALL CAMPHOR WOOD TOADSTOOL,560,0,728.97,728.97,0.00,88
21379, CAMPHOR WOOD PORTOBELLO MUSHROOM,70,0,122.36,122.36,0.00,26
21379,CAMPHOR WOOD PORTOBELLO MUSHROOM,571,0,583.10,583.10,0.00,99
21380,WOODEN HAPPY BIRTHDAY GARLAND,5031,582,12991.62,14593.32,1601.70,657
21381,MINI WOODEN HAPPY BIRTHDAY GARLAND,5104,603,7618.29,8568.00,949.71,538
21382,SET/4 SPRING FLOWER DECORATION,1238,8,1659.66,1665.66,6.00,153
21383,PACK OF 12 STICKY BUNNIES,2204,62,1550.13,1590.43,40.30,328
21384,IVORY HANGING DECORATION  BUTTERFLY,1917,0,1810.19,1810.19,0.00,150
21385,IVORY HANGING DECORATION  HEART,10832,6,9353.84,9358.94,5.10,693
21386,IVORY HANGING DECORATION  EGG,1148,0,680.78,680.78,0.00,105
21387,IVORY HANGING DECORATION  RABBIT,25,0,21.25,21.25,0.00,4
21388,IVORY HANGING DECORATION  CHICKEN,311,0,290.17,290.17,0.00,29
21389,IVORY HANGING DECORATION  BIRD,2299,30,1982.59,2008.09,25.50,267
21390,FILIGRIS HEART WITH BUTTERFLY,10937,75,13459.22,13552.97,93.75,592
21391,FRENCH EMROIDR LAVENDER SCENT HEART,341,0,741.60,741.60,0.00,67
21391,FRENCH LAVENDER SCENT HEART,1076,3,1063.99,1070.29,6.30,109
21392,RED POLKADOT PUDDING BOWL,3717,3648,134.66,608.90,474.24,18
21392,RED SPOTTY PUDDING BOWL,3828,2,865.03,869.23,4.20,32
21393,BLUE POLKADOT PUDDING BOWL,2565,2496,124.78,449.26,324.48,16
21393,BLUE  SPOTTY PUDDING BOWL,2679,3,717.25,723.55,6.30,29
21394,RED POLKADOT BEAKER ,3920,22,1690.30,1698.88,8.58,138
21394,RED SPOTTY BEAKER ,85,0,165.75,165.75,0.00,16
21395,BLUE POLKADOT BEAKER ,2856,10,1170.26,1174.16,3.90,95
21395,BLUE SPOTTY BEAKER ,112,10,207.94,227.44,19.50,24
21396,RED SPOTTY EGG CUP ,948,5,1199.00,1205.25,6.25,78
21397,BLUE POLKADOT EGG CUP ,1163,0,679.38,679.38,0.00,81
21397,BLUE  SPOTTY EGG CUP ,994,12,1323.36,1338.36,15.00,100
21398,RED POLKADOT COFFEE  MUG,1585,0,864.11,864.11,0.00,73
21398,RED  SPOTTY COFFEE  MUG,710,2,1363.59,1367.79,4.20,54
21399,BLUE POLKADOT COFFEE MUG,2137,111,1011.17,1054.46,43.29,86
21399,BLUE  SPOTTY  COFFEE MUG,241,1,493.88,495.98,2.10,36
21400,RED PUDDING SPOON,1078,12,208.03,213.07,5.04,92
21401,BLUE PUDDING SPOON,1437,0,315.70,315.70,0.00,121
21402,RED  EGG  SPOON,1698,1,333.00,333.42,0.42,152
21403,BLUE EGG  SPOON,2319,0,523.07,523.07,0.00,157
21406,SPOTTY CAT DOORSTOP ,1,0,8.65,8.65,0.00,1
21407,BROWN CHECK CAT DOORSTOP ,1294,2,5874.83,5883.33,8.50,455
21408,SPOTTY PINK DUCK DOORSTOP,703,5,3024.06,3045.31,21.25,243
21409,SPOTTY COCKEREL DOORSTOP,1,0,4.25,4.25,0.00,1
21410,COUNTRY COTTAGE  DOORSTOP GREEN,312,1,1454.03,1458.28,4.25,151
21411,GINGHAM HEART  DOORSTOP RED,2090,8,8318.94,8352.94,34.00,627
21412,VINTAGE GOLD TINSEL REEL,275,9,275.22,279.00,3.78,69
21413,PERIWINKLE T-LIGHT HOLDER,3162,0,1131.14,1131.14,0.00,52
21414,SCALLOP SHELL SOAP DISH,1637,1,868.79,870.89,2.10,37
21415,CLAM SHELL SMALL ,348,0,726.16,726.16,0.00,82
21416,CLAM SHELL LARGE,751,0,603.06,603.06,0.00,22
21417,COCKLE SHELL DISH,502,25,971.40,1023.90,52.50,120
21418,STARFISH SOAP DISH,194,3,526.19,533.84,7.65,67
21419,CONCH SHELL,1259,0,577.69,577.69,0.00,19
21420,OYSTER TRINKET BOX,120,0,332.16,332.16,0.00,31
21421,PORCELAIN ROSE LARGE ,1792,6,2136.98,2144.48,7.50,106
21422,PORCELAIN ROSE SMALL,3160,4,2615.77,2619.17,3.40,149
21424,WOODLAND STORAGE BOX LARGE ,955,58,2709.74,2861.64,151.90,151
21425,SKULLS STORAGE BOX LARGE,505,31,1183.48,1274.93,91.45,103
21426,WOODLAND STORAGE BOX SMALL,1028,104,1485.67,1647.07,161.40,109
21427,SKULLS STORAGE BOX SMALL,507,16,965.46,999.06,33.60,127
21428,SET3 BOOK BOX GREEN GINGHAM FLOWER ,2883,42,11596.93,11762.93,166.00,474
21429,RED GINGHAM ROSE JEWELLERY BOX,6359,70,11221.95,11342.25,120.30,1016
21430,SET/3 RED GINGHAM ROSE STORAGE BOX,4621,62,17822.19,18044.97,222.78,836
21431,GREEN GINGHAM FLOWER JEWELLERY BOX,1483,2,2508.06,2511.36,3.30,280
21432,SET OF 3 CASES WOODLAND DESIGN,942,23,5306.56,5435.91,129.35,246
21437,24 HANGING EASTER EGGS FLORAL TUB,677,5,2332.17,2350.92,18.75,111
21438,TUB 24 HANGING EASTER EGGS SPOTTY,373,4,1214.82,1229.82,15.00,37
21439,BASKET OF TOADSTOOLS,2259,408,2405.06,2837.54,432.48,241
21440,12 MINI TOADSTOOL PEGS,472,2,595.06,597.56,2.50,96
21441,BLUE BIRDHOUSE DECORATION,928,0,655.46,655.46,0.00,133
21442,GREEN BIRDHOUSE DECORATION,973,0,704.97,704.97,0.00,136
21443,OLIVE CHALET BIRDFEEDER,257,6,705.43,727.93,22.50,27
21444,BLUE CHALET BIRDFEEDER,291,1,898.28,902.03,3.75,37
21445,12 PINK ROSE PEG PLACE SETTINGS,1519,12,1872.23,1887.23,15.00,148
21446,12 RED ROSE PEG PLACE SETTINGS,1258,0,1669.83,1669.83,0.00,232
21447,12 IVORY ROSE PEG PLACE SETTINGS,2776,1,3841.38,3842.63,1.25,337
21448,12 DAISY PEGS IN WOOD BOX,955,0,1640.17,1640.17,0.00,211
21450,DISTRESSED CANDLE STICK WHITE,13,10,17.85,77.35,59.50,4
21452,TOADSTOOL MONEY BOX,1875,43,5607.28,5731.33,124.05,427
21454,PAINTED PINK RABBIT ,937,12,797.40,807.60,10.20,195
21455,PAINTED YELLOW WOODEN DAISY,901,17,782.82,797.27,14.45,169
21456,2 PICTURE BOOK EGGS EASTER CHICKS,738,1,774.80,776.05,1.25,66
21457,2 PICTURE BOOK EGGS EASTER DUCKS,685,0,716.00,716.00,0.00,65
21458,2 PICTURE BOOK EGGS EASTER BUNNY,768,0,849.24,849.24,0.00,88
21459,YELLOW EASTER EGG HUNT START POST,263,18,485.45,520.55,35.10,49
21460,GREEN EASTER EGG HUNT START POST,113,8,234.05,249.65,15.60,29
21461,BLUE EASTER EGG HUNT START POST,82,5,161.29,171.04,9.75,26
21462,"NURSERY A,B,C PAINTED LETTERS",413,6,2384.91,2425.41,40.50,177
21463,MIRRORED DISCO BALL ,1349,73,7087.46,7484.81,397.35,328
21464,DISCO BALL ROTATOR BATTERY OPERATED,539,21,2197.50,2286.75,89.25,227
21465,PINK FLOWER CROCHET FOOD COVER,793,2,2868.14,2875.64,7.50,188
21466,RED FLOWER CROCHET FOOD COVER,927,0,3479.79,3479.79,0.00,275
21467,CHERRY CROCHET FOOD COVER,1025,5,3245.00,3263.75,18.75,259
21468,BUTTERFLY CROCHET FOOD COVER,669,2,2353.89,2361.39,7.50,144
21469,POLKA DOT RAFFIA FOOD COVER,1165,50,3414.51,3482.01,67.50,213
21470,FLOWER VINE RAFFIA FOOD COVER,1102,9,4157.18,4190.93,33.75,323
21471,STRAWBERRY RAFFIA FOOD COVER,1406,4,5080.63,5095.63,15.00,322
21472,LADYBIRD + BEE RAFFIA FOOD COVER,1056,0,4077.82,4077.82,0.00,285
21473,SWEETHEART CREAM STEEL TABLE RECT,157,4,3132.36,3212.16,79.80,93
21474,SWEETHEART CREAM STEEL FOLDIN BENCH,210,7,4049.85,4189.50,139.65,99
21475,SWEETHEART CREAM STEEL FOLDIN CHAIR,1,1,0.00,14.95,14.95,2
21476,STEEL SWEETHEART ROUND TABLE CREAM,142,2,2189.61,2219.51,29.90,87
21477,STRING OF 20 ROSE LIGHTS,273,23,2991.69,3248.94,257.25,53
21478,SILVER SKULL HOT WATER BOTTLE ,204,1,850.48,854.23,3.75,93
21479,WHITE SKULL HOT WATER BOTTLE ,6219,196,30402.62,31079.80,677.18,938
21480,PINK STRIPE HOT WATER BOTTLE,285,6,881.82,899.52,17.70,58
21481,FAWN BLUE HOT WATER BOTTLE,8174,802,23547.55,25613.45,2065.90,1065
21482,MUSHROOM BLUE HOT WATER BOTTLE,740,6,2279.06,2296.76,17.70,185
21484,CHICK GREY HOT WATER BOTTLE,4584,51,18013.19,18171.14,157.95,868
21485,RED SPOT HEART HOT WATER BOTTLE,2425,14,11601.36,11670.66,69.30,458
21485,RETROSPOT HEART HOT WATER BOTTLE,5168,22,25299.11,25408.01,108.90,939
21486,PINK HEART DOTS HOT WATER BOTTLE,1116,1,3634.92,3638.67,3.75,295
21488,RED WHITE SCARF  HOT WATER BOTTLE,2384,0,9784.58,9784.58,0.00,359
21489,BLUE WHITE SCARF HOT WATER BOTTLE,28,0,157.60,157.60,0.00,14
21490,SET OF THREE 50'S GIFT WRAPS ,637,28,1156.00,1210.60,54.60,58
21491,SET OF THREE VINTAGE GIFT WRAPS,2878,51,5267.56,5367.01,99.45,253
21493, VINTAGE DESIGN GIFT TAGS,269,0,249.90,249.90,0.00,27
21493,VINTAGE DESIGN GIFT TAGS,3,0,2.55,2.55,0.00,2
21494,ROTATING LEAVES T-LIGHT HOLDER,3833,4,6444.00,6449.00,5.00,503
21495,SKULLS AND CROSSBONES WRAP,9065,25,3684.80,3695.30,10.50,268
21495,SKULLS WRAP,3400,0,1424.00,1424.00,0.00,109
21496,WOODLAND CREATURES  WRAP,25,25,0.00,10.50,10.50,2
21497,FANCY FONTS BIRTHDAY WRAP,17500,0,6978.00,6978.00,0.00,485
21498,RED RETROSPOT WRAP ,14051,50,5715.42,5736.42,21.00,442
21498,RED SPOTS  WRAP ,12675,50,5094.50,5115.50,21.00,363
21499,BLUE POLKADOT WRAP,8702,225,3422.34,3504.84,82.50,266
21499,BLUE SPOTS  WRAP,6350,0,2555.00,2555.00,0.00,196
21500,PINK POLKADOT WRAP ,8125,0,3298.50,3298.50,0.00,260
21500,PINK SPOTS  WRAP ,7825,0,3144.50,3144.50,0.00,232
21503,TOYBOX  WRAP ,1801,1,740.00,740.42,0.42,65
21504,SKULLS GREETING CARD,4913,12,1999.98,2005.02,5.04,330
21506,"FANCY FONT BIRTHDAY CARD, ",10878,60,4509.29,4534.49,25.20,669
21507,ELEPHANT BIRTHDAY CARD ,1110,12,469.74,474.78,5.04,96
21507,"ELEPHANT, BIRTHDAY CARD, ",7113,12,2975.59,2980.63,5.04,490
21508,VINTAGE KID DOLLY CARD ,6716,12,2803.58,2808.62,5.04,542
21509,COWBOYS AND INDIANS BIRTHDAY CARD ,8696,24,3577.14,3587.22,10.08,630
21511,VINTAGE COLLAGE  GREETING  CARD ,40,0,16.80,16.80,0.00,2
21518,BANK ACCOUNT  GREETING  CARD ,1107,0,469.28,469.28,0.00,109
21519,GIN & TONIC DIET GREETING CARD ,7356,36,3134.81,3149.93,15.12,556
21520,BOOZE & WOMEN GREETING CARD ,957,2,410.79,411.63,0.84,109
21523,DOOR MAT FANCY FONT HOME SWEET HOME,1178,1,8231.31,8238.80,7.49,246
21523,DOORMAT FANCY FONT HOME SWEET HOME,5075,5,33426.21,33466.26,40.05,716
21523,FANCY FONT HOME SWEET HOME DOORMAT,663,0,4378.65,4378.65,0.00,164
21524,DOOR MAT SPOTTY HOME SWEET HOME,1772,0,10563.06,10563.06,0.00,286
21524,DOORMAT SPOTTY HOME SWEET HOME,2817,7,21357.65,21414.04,56.39,748
21524,SPOTTY  HOME SWEET HOME DOORMAT,666,0,3978.34,3978.34,0.00,120
21525,BEWARE OF THE CAT DOORMAT,2,2,0.00,13.50,13.50,3
21527,RED RETROSPOT TRADITIONAL TEAPOT ,2337,102,16242.66,17030.56,787.90,639
21527,RETRO SPOT TRADITIONAL TEAPOT ,1008,69,7392.33,7937.91,545.58,306
21528,DAIRY MAID TRADITIONAL TEAPOT ,899,32,5466.75,5680.15,213.40,280
21529,RED RETROSPOT TOASTRACK,120,3,434.01,444.36,10.35,51
21529,RETRO SPOT CERAMIC TOASTRACK,383,5,1328.83,1346.08,17.25,106
21530,DAIRY MAID CERAMIC TOASTRACK,59,1,180.11,183.06,2.95,20
21530,DAIRY MAID TOASTRACK,900,63,1124.41,1178.50,54.09,152
21531,RED RETROSPOT SUGAR JAM BOWL,3152,28,7722.28,7791.88,69.60,598
21531,RETRO SPOT SUGAR JAM BOWL,921,9,2359.29,2382.24,22.95,199
21532,DAIRY MAID SUGAR JAM BOWL,1387,16,1386.11,1419.71,33.60,98
21533,RETRO SPOT LARGE MILK JUG,1687,45,8207.33,8420.28,212.95,534
21533,RETROSPOT LARGE MILK JUG,1656,35,8032.54,8194.59,162.05,452
21534,DAIRY MAID LARGE MILK JUG,938,29,4625.09,4768.64,143.55,363
21535,RED RETROSPOT SMALL MILK JUG,5057,55,12317.04,12456.39,139.35,844
21535,RETRO SPOT SMALL MILK JUG,1719,33,4296.91,4380.61,83.70,315
21536,DAIRY MAID  SMALL  MILK JUG,221,7,460.04,474.74,14.70,68
21537,RED RETROSPOT PUDDING BOWL,711,56,2852.45,3065.45,213.00,190
21537,RETRO SPOTS PUDDING BOWL,294,8,1239.26,1273.26,34.00,79
21538,DAIRY MAID  PUDDING BOWL,1308,2,1917.01,1924.51,7.50,53
21539,RED RETROSPOT BUTTER DISH,1856,47,9185.51,9408.77,223.26,569
21539,RETRO SPOTS BUTTER DISH,867,23,4031.82,4142.87,111.05,189
21540,DAIRY MAID BUTTER DISH,1209,8,1854.83,1885.33,30.50,41
21540,DAIRY MAID CERAMIC BUTTER DISH,114,12,458.62,509.62,51.00,56
21541,DINOSAURS WATER TRANSFER TATTOOS ,1907,19,1620.09,1636.24,16.15,204
21542,WOODLAND WATER TRANSFER TATTOOS ,1877,70,1541.25,1600.75,59.50,196
21543,BUTTERFLY WATER TRANSFER TATTOOS ,284,0,215.00,215.00,0.00,24
21544,SKULLS  WATER TRANSFER TATTOOS ,6064,24,5031.81,5052.21,20.40,506
21545,CERAMIC BIRDHOUSE BUTTERFLY SMALL,697,2,1634.22,1640.12,5.90,84
21547,CERAMIC BIRDHOUSE CRESTED TIT SMALL,719,2,1842.57,1848.47,5.90,120
21548,CERAMIC BIRDHOUSE FINCH BLUE ROOF,682,15,1731.87,1776.12,44.25,111
21549,CERAMIC BIRDHOUSE RED ROOF SMALL,547,7,1249.74,1270.39,20.65,54
21550,CERAMIC BIRDHOUSE CRESTED TIT LARGE,295,1,1559.56,1565.51,5.95,65
21551,CERAMIC BIRDHOUSE BUTTERFLY LARGE,169,0,824.95,824.95,0.00,22
21552,CERAMIC BIRDHOUSE BLACK ROSE  LARGE,165,3,819.75,837.60,17.85,37
21553,CERAMIC BIRDHOUSE FINCH BLUE  LARGE,90,1,575.32,581.27,5.95,40
21554,CERAMIC BIRDHOUSE RED ROOF LARGE,167,3,749.90,767.75,17.85,24
21555,CERAMIC STRAWBERRY TRINKET TRAY,425,1,1128.82,1131.37,2.55,135
21556,CERAMIC STRAWBERRY MONEY BOX,1607,4,4234.21,4244.41,10.20,297
21557,SET OF 6 FUNKY BEAKERS,932,1,3166.44,3169.39,2.95,303
21558,SKULL LUNCH BOX WITH CUTLERY ,3909,9,9991.59,10014.54,22.95,711
21558,SKULL LUNCHBOX WITH CUTLERY ,298,100,586.12,796.12,210.00,66
21559,STRAWBERRY LUNCH BOX WITH CUTLERY,6779,30,16815.39,16891.44,76.05,1053
21559,STRAWBERRY LUNCHBOX WITH CUTLERY,1448,4,3443.89,3454.09,10.20,187
21560,TOADSTOOL  LUNCHBOX WITH CUTLERY,4,0,15.44,15.44,0.00,4
21561,DINOSAUR LUNCH BOX WITH CUTLERY,2399,3,5866.36,5874.01,7.65,412
21561,DINOSAUR LUNCHBOX WITH CUTLERY,570,0,1429.90,1429.90,0.00,113
21562,HAWAIIAN GRASS SKIRT ,678,0,970.28,970.28,0.00,73
21563,RED HEART SHAPE LOVE BUCKET ,2786,19,6823.66,6875.71,52.05,371
21564,PINK  HEART SHAPE LOVE BUCKET ,1951,11,4492.85,4524.50,31.65,301
21576,LETS GO SHOPPING COTTON TOTE BAG,732,9,1665.94,1686.19,20.25,208
21577,SAVE THE PLANET COTTON TOTE BAG,2556,16,5680.52,5716.52,36.00,469
21578,WOODLAND DESIGN  COTTON TOTE BAG,2205,10,5040.36,5062.86,22.50,383
21579,LOLITA  DESIGN  COTTON TOTE BAG,1029,17,1522.60,1560.85,38.25,141
21580,RABBIT  DESIGN  COTTON TOTE BAG,542,6,1316.13,1329.63,13.50,173
21581,SKULLS  DESIGN  COTTON TOTE BAG,1172,20,1845.74,1890.74,45.00,205
21582,KINGS CHOICE SMALL TUBE MATCHES,117,0,193.05,193.05,0.00,16
21584,RETRO SPOT SMALL TUBE MATCHES,2005,20,3150.45,3183.45,33.00,132
21584,RETROSPOT SMALL TUBE MATCHES,1764,7,2875.05,2886.60,11.55,223
21585,SWALLOW SMALL TUBE MATCHES,1,0,1.65,1.65,0.00,1
21586,KINGS CHOICE GIANT TUBE MATCHES,2583,37,5924.40,6018.75,94.35,242
21587,COSY HOUR GIANT TUBE MATCHES,2071,6,5157.75,5173.05,15.30,261
21588,RETRO SPOT GIANT  TUBE MATCHES,1295,24,2973.75,3034.95,61.20,104
21588,RETROSPOT GIANT TUBE MATCHES,2056,1,4711.05,4713.60,2.55,183
21589,SWALLOW GIANT TUBE MATCHES,1119,12,2552.85,2583.45,30.60,89
21590,KINGS CHOICE CIGAR BOX MATCHES ,3448,26,4108.78,4141.28,32.50,288
21591,COSY HOUR CIGAR BOX MATCHES ,3978,54,5935.58,6003.08,67.50,367
21592,RETRO SPOT  CIGAR BOX MATCHES ,3104,24,3622.00,3652.00,30.00,191
21592,RETROSPOT CIGAR BOX MATCHES ,2772,0,2900.46,2900.46,0.00,286
21593,SWALLOW CIGAR BOX MATCHES ,1391,24,1599.31,1629.31,30.00,95
21594,Dr. Jam's Arouzer Stress Ball,5,0,21.06,21.06,0.00,5
21595,Dad's Cab Electronic Meter,9,0,76.95,76.95,0.00,9
21596,Hypochondriac Pill Stress Ball,10,0,42.64,42.64,0.00,9
21609,SET 12 LAVENDER  BOTANICAL T-LIGHTS,1499,0,4186.29,4186.29,0.00,218
21610,SET 12 PEAR BOTANICAL T-LIGHTS,542,0,1543.67,1543.67,0.00,97
21611,SET OF 12 LILY BOTANICAL T-LIGHTS,750,6,2164.49,2182.19,17.70,150
21612,SET 12 WILDFLOWER BOTANICAL T-LIGHT,698,6,2008.07,2025.77,17.70,114
21613,S/12 VANILLA  BOTANICAL T-LIGHTS,632,0,1861.45,1861.45,0.00,145
21614,SET OF 12 ROSE BOTANICAL T-LIGHTS,1627,131,4202.12,4538.17,336.05,197
21615,4 LAVENDER BOTANICAL DINNER CANDLES,1168,0,2308.67,2308.67,0.00,169
21616,4 PEAR BOTANICAL DINNER CANDLES,1152,0,2458.58,2458.58,0.00,191
21617,4 LILY  BOTANICAL DINNER CANDLES,834,0,2135.01,2135.01,0.00,169
21618,4 WILDFLOWER BOTANICAL CANDLES,698,0,1823.74,1823.74,0.00,139
21619,4 VANILLA BOTANICAL CANDLES,1131,0,2069.02,2069.02,0.00,212
21620,S/4 ROSE    BOTANICAL  CANDLE,127,0,477.12,477.12,0.00,38
21620,SET OF 4 ROSE BOTANICAL CANDLES,960,6,1707.11,1729.61,22.50,185
21621,VINTAGE UNION JACK BUNTING,6900,64,59742.04,60286.04,544.00,1302
21622,VINTAGE UNION JACK CUSHION COVER,3699,43,19724.09,19936.94,212.85,643
21623,VINTAGE UNION JACK MEMOBOARD,6165,56,44902.98,45402.18,499.20,543
21624,VINTAGE UNION JACK DOORSTOP,1771,25,10512.40,10641.15,128.75,406
21625,VINTAGE UNION JACK APRON,984,0,7037.62,7037.62,0.00,334
21626,VINTAGE UNION JACK PENNANT,1496,60,2900.07,3017.07,117.00,216
21627,ELEPHANT CARNIVAL POUFFE,195,6,3687.65,3766.35,78.70,117
21628,TRIANGULAR POUFFE VINTAGE ,164,4,3125.48,3185.28,59.80,90
21629,SQUARE FLOOR CUSHION VINTAGE PINK ,19,0,270.47,270.47,0.00,14
21629,SQUARE FLOOR CUSHION VINTAGE RED,158,1,1682.95,1690.90,7.95,92
21630,FLOOR CUSHION ELEPHANT CARNIVAL,162,4,1937.59,1973.39,35.80,99
21631,HIPPY CHIC DECORATIVE PARASOL,221,0,1571.75,1571.75,0.00,54
21632,VINTAGE PINK DECORATIVE PARASOL,132,1,1063.47,1076.22,12.75,54
21633,SUNFLOWER DECORATIVE PARASOL,175,2,1637.61,1663.11,25.50,74
21634,ASSORTED MINI MADRAS NOTEBOOK,1771,121,1356.49,1507.74,151.25,74
21635,MADRAS NOTEBOOK LARGE ,398,12,810.24,855.24,45.00,43
21636,MADRAS NOTEBOOK MEDIUM,1014,12,955.14,985.74,30.60,99
21637,ASSORTED SANSKRIT MINI NOTEBOOK,1358,18,1719.22,1741.72,22.50,94
21638,ASSORTED TUTTI FRUTTI NOTEBOOK,1020,8,2204.14,2220.94,16.80,143
21639,ASSORTED TUTTI FRUTTI KEYRING,259,8,221.85,228.65,6.80,17
21640,ASSORTED TUTTI FRUTTI  FOB NOTEBOOK,2225,0,2049.40,2049.40,0.00,205
21641,ASSORTED TUTTI FRUTTI KEYRING BALL,1666,0,946.31,946.31,0.00,111
21642,ASSORTED TUTTI FRUTTI PEN,4413,266,2402.84,2575.18,172.34,266
21643,ASSORTED TUTTI FRUTTI MIRROR,1521,14,2110.44,2127.94,17.50,207
21644,ASSORTED TUTTI FRUTTI HEART BOX,1087,28,1426.47,1461.47,35.00,140
21645,ASSORTED TUTTI FRUTTI ROUND BOX,969,30,1593.15,1642.65,49.50,136
21647,ASSORTED TUTTI FRUTTI LARGE PURSE,848,4,1890.88,1899.28,8.40,147
21648,ASSORTED TUTTI FRUTTI SMALL PURSE,2940,256,3682.08,3956.48,274.40,239
21649,ASSORTED TUTTI FRUTTI PHOTO FRAME,421,4,1151.09,1162.89,11.80,31
21650,ASSORTED TUTTI FRUTTI BRACELET,3204,28,1156.64,1163.80,7.16,199
21651,HANGING GLASS ETCHED TEALIGHT,1361,0,2200.36,2200.36,0.00,124
21652,GLASS ETCHED T-LIGHT HOLDER MEDIUM,896,21,1706.99,1747.94,40.95,81
21653,GLASS ETCHED T-LIGHT HOLDER LARGE,1246,7,2550.97,2565.67,14.70,113
21654,RIDGED GLASS FINGER BOWL,1183,0,820.21,820.21,0.00,82
21655,HANGING RIDGE GLASS T-LIGHT HOLDER,1396,128,2075.58,2277.50,201.92,95
21656,RIDGED GLASS POSY VASE ,985,2,1611.64,1614.54,2.90,141
21657,MILK BOTTLE WITH GLASS STOPPER ,257,5,1932.63,1967.38,34.75,121
21658,GLASS  BEURRE DISH,2225,90,8920.45,9271.89,351.44,572
21659,GLASS CAKE STAND,120,4,1831.90,1891.70,59.80,70
21661,VINTAGE GLASS TEA CADDY,239,6,1476.11,1511.31,35.20,102
21662,VINTAGE GLASS COFFEE CADDY,269,4,1711.25,1735.05,23.80,110
21663,VINTAGE GLASS SUGAR CADDY,76,7,446.51,488.16,41.65,39
21664,RIDGED GLASS STORAGE JAR CREAM LID,258,7,1004.82,1031.07,26.25,70
21665,TRIANGULAR RIDGED GLASS POSY HOLDER,879,0,638.80,638.80,0.00,75
21666, RIDGED GLASS T-LIGHT HOLDER,952,2,550.82,552.12,1.30,15
21666,RIDGED GLASS T-LIGHT HOLDER,808,1,552.38,553.03,0.65,72
21667,GLASS CAKE COVER AND PLATE,354,25,5732.50,6126.25,393.75,175
21668,RED STRIPE CERAMIC DRAWER KNOB,10357,87,13805.75,13912.17,106.42,837
21669,BLUE STRIPE CERAMIC DRAWER KNOB,10578,106,13691.86,13839.18,147.32,818
21670,BLUE SPOT CERAMIC DRAWER KNOB,8845,72,11974.40,12074.40,100.00,775
21671,RED SPOT CERAMIC DRAWER KNOB,9488,170,12102.01,12339.32,237.31,747
21672,WHITE SPOT RED CERAMIC DRAWER KNOB,11120,62,14329.83,14411.13,81.30,823
21673,WHITE SPOT BLUE CERAMIC DRAWER KNOB,10050,103,13128.44,13272.39,143.95,771
21674,RIDGED GLASS PENDANT LAMPSHADE,43,0,680.85,680.85,0.00,9
21675,BUTTERFLIES STICKERS,1782,12,1566.64,1576.84,10.20,269
21676,FLOWERS  STICKERS,1193,0,893.72,893.72,0.00,159
21677,HEARTS  STICKERS,2125,36,1828.78,1859.38,30.60,282
21678,PAISLEY PATTERN  STICKERS,572,0,423.00,423.00,0.00,80
21679,SKULLS  STICKERS,4871,900,3381.83,4034.51,652.68,375
21680,WOODLAND  STICKERS,2858,30,2458.18,2483.68,25.50,269
21681,GIANT MEDINA STAMPED METAL BOWL ,233,3,2204.96,2234.81,29.85,81
21682,LARGE MEDINA STAMPED METAL BOWL ,559,4,2747.79,2767.59,19.80,154
21683,MEDIUM MEDINA STAMPED METAL BOWL ,936,1,2754.52,2757.47,2.95,153
21684,SMALL MEDINA STAMPED METAL BOWL ,1696,13,1346.56,1357.61,11.05,106
21685,MEDINA STAMPED METAL TRAY ,3,1,29.90,44.85,14.95,3
21686,MEDINA STAMPED METAL STOOL,65,7,2210.49,2460.14,249.65,35
21687,SILVER PLATE CANDLE BOWL LARGE,477,1,1867.48,1871.23,3.75,102
21688,SILVER PLATE CANDLE BOWL SMALL,912,6,2827.95,2845.65,17.70,143
21689,SILVER VANILLA  FLOWER CANDLE POT,342,0,1268.12,1268.12,0.00,60
21690,SILVER  CANDLEPOT JARDIN ,258,0,990.84,990.84,0.00,82
21691,SILVER VANILLA FLOWER CANDLE POT,249,0,960.99,960.99,0.00,72
21692,SILVER LATTICE VANILLA CANDLE POT,502,4,1891.62,1906.62,15.00,112
21693,SMALL HAMMERED SILVER CANDLEPOT ,871,0,2648.62,2648.62,0.00,120
21694,SMALL REGAL  SILVER CANDLEPOT ,556,0,1593.16,1593.16,0.00,70
21695,SMALL SILVER FLOWER CANDLE POT,630,1,1949.23,1952.18,2.95,103
21696,SMALL SILVER TRELLIS CANDLEPOT,749,30,2162.64,2251.14,88.50,110
21697,SET 5 MINI DOUGHNUT FRIDGE MAGNET ,372,0,295.08,295.08,0.00,7
21698,MOCK LOBSTER FRIDGE MAGNET,530,0,399.01,399.01,0.00,112
21699,SET 5 MINI CHOCOLATE FRIDGE MAGNETS,108,0,82.44,82.44,0.00,3
21700,BIG DOUGHNUT FRIDGE MAGNETS,6335,121,6925.66,7028.51,102.85,531
21701,SET 6 MINI SUSHI SET FRIDGE MAGNETS,0,12,-20.28,0.00,20.28,1
21702,SET 5 MINI GATEAUX  FRIDGE MAGNETS,2636,0,918.68,918.68,0.00,8
21703,BAG 125g SWIRLY MARBLES,14577,171,5574.65,5646.47,71.82,570
21704,BAG 250g SWIRLY MARBLES,17175,702,12723.09,13235.16,512.07,575
21705,BAG 500g SWIRLY MARBLES,2534,26,3104.21,3145.71,41.50,230
21706,FOLDING UMBRELLA RED/WHITE POLKADOT,432,1,2058.44,2063.39,4.95,151
21706,"FOLDING UMBRELLA , RED/WHITE SPOT",916,29,2819.27,2962.82,143.55,108
21707,FOLDING UMBRELLA BLACKBLUE POLKADOT,230,0,1107.94,1107.94,0.00,103
21707,"FOLDING UMBRELLA , BLACK/BLUE  SPOT",775,0,3077.01,3077.01,0.00,69
21708,FOLDING UMBRELLA  CREAM/MULTI  SPOT,379,3,1245.40,1260.25,14.85,54
21708,FOLDING UMBRELLA CREAM POLKADOT,232,1,1071.28,1076.23,4.95,77
21709,FOLDING UMBRELLA CHOCOLATE POLKADOT,163,0,760.95,760.95,0.00,68
21709,FOLDING UMBRELLA  CHOC/WHITE  SPOT,533,0,2115.77,2115.77,0.00,49
21710,FOLDING UMBRELLA PINKWHITE POLKADOT,142,0,685.67,685.67,0.00,61
21710,FOLDING UMBRELLA  PINK/WHITE  SPOT,584,7,1514.69,1549.34,34.65,51
21711,FOLDING UMBRELLA WHITE/RED POLKADOT,120,0,602.66,602.66,0.00,43
21711,FOLDING UMBRELLA  WHITE/RED  SPOT,262,0,953.00,953.00,0.00,28
21713,CITRONELLA CANDLE FLOWERPOT,2733,128,4912.44,5145.44,233.00,410
21714,CITRONELLA CANDLE GARDEN POT,4283,70,6112.29,6182.39,70.10,533
21715,GIRLS VINTAGE TIN SEASIDE BUCKET,3553,33,8917.49,8987.24,69.75,489
21716,BOYS VINTAGE TIN SEASIDE BUCKET,3709,10,9371.57,9397.07,25.50,498
21717,EASTER TIN BUCKET,1554,9,4016.68,4039.63,22.95,178
21718,RED METAL BEACH SPADE ,4030,52,5185.30,5250.30,65.00,472
21719,LOVELY BONBON STICKER SHEET,906,0,813.14,813.14,0.00,141
21720,CAKE SHOP  STICKER SHEET,1068,12,919.61,929.81,10.20,113
21721,CANDY SHOP  STICKER SHEET,1090,2,988.80,990.50,1.70,145
21722,SWEET PUDDING STICKER SHEET,347,3,325.20,327.75,2.55,81
21723,ALPHABET HEARTS STICKER SHEET,866,0,769.13,769.13,0.00,135
21724,PANDA AND BUNNIES STICKER SHEET,996,2,886.64,888.34,1.70,179
21725,SWEETIES  STICKERS,1135,2,1034.73,1036.43,1.70,174
21726,MULTI HEARTS  STICKERS,1077,2,929.29,930.99,1.70,156
21728,METAL MEDINA LANTERN ,298,2,2747.61,2773.11,25.50,42
21729,SMALL MARAKESH METAL  LANTERN ,124,0,422.90,422.90,0.00,30
21730,GLASS STAR FROSTED T-LIGHT HOLDER,1115,35,5361.62,5534.17,172.55,313
21731,RED TOADSTOOL LED NIGHT LIGHT,28910,990,46857.94,48315.84,1457.90,1561
21732,RED HANGING METAL STAR TLIGHT HLDR,925,3,3204.04,3214.57,10.53,60
21733,RED HANGING HEART T-LIGHT HOLDER,17575,423,49244.24,50346.49,1102.25,1795
21734,SMALL MARAKESH LANTERN ON STICK,97,6,506.99,529.49,22.50,32
21735,TWO DOOR CURIO CABINET,853,224,8577.25,11112.85,2535.60,299
21736,GOLD SCROLL GLASS T-LIGHT HOLDER,193,3,392.52,393.69,1.17,28
21737,SET 3 WICKER LOG BASKETS,398,0,7362.66,7362.66,0.00,164
21738,COSY SLIPPER SHOES SMALL  RED ,422,5,1307.88,1322.63,14.75,132
21739,COSY SLIPPER SHOES SMALL GREEN,494,1,1448.90,1451.85,2.95,178
21740,COSY SLIPPER SHOES LARGE RED,201,0,698.01,698.01,0.00,66
21741,COSY SLIPPER SHOES LARGE GREEN,701,1,2291.20,2293.75,2.55,191
21742,LARGE ROUND WICKER PLATTER ,437,0,2647.28,2647.28,0.00,193
21743,STAR PORTABLE TABLE LIGHT ,1288,59,3593.03,3767.08,174.05,187
21744,SNOWFLAKE PORTABLE TABLE LIGHT ,898,6,2679.46,2697.16,17.70,218
21745,GAOLERS KEYS DECORATIVE GARDEN ,2699,19,9130.24,9201.49,71.25,489
21746,SMALL RED RETROSPOT WINDMILL,5113,34,6309.40,6351.90,42.50,420
21746,SMALL RED SPOT  WINDMILL,852,24,1086.44,1116.44,30.00,77
21747,SMALL SKULL WINDMILL,2049,126,2315.37,2452.35,136.98,156
21749,LARGE RED RETROSPOT WINDMILL,2712,732,4069.36,5426.06,1356.70,241
21749,LARGE RED SPOT WINDMILL,2945,12,5529.72,5554.92,25.20,53
21750, LARGE SKULL WINDMILL,8,0,16.80,16.80,0.00,2
21750,LARGE SKULL WINDMILL,301,1,644.95,647.05,2.10,61
21752,GLASS CAKE STAND MIRRORED BASE,77,7,1140.16,1244.81,104.65,43
21754,HOME BUILDING BLOCK WORD,7595,39,46285.34,46516.99,231.65,2086
21755,LOVE BUILDING BLOCK WORD,5643,48,34550.42,34836.02,285.60,1709
21756,BATH BUILDING BLOCK WORD,1612,6,9908.95,9944.65,35.70,584
21757,LIGHTHOUSE PRINTED METAL SIGN,80,0,454.30,454.30,0.00,42
21758,VINTAGE SHELLS PRINT,135,0,1069.76,1069.76,0.00,79
21759,METAL WALL SHELF UNIT WITH HOOKS,30,0,1274.47,1274.47,0.00,13
21760,FRENCH STYLE WALL DRESSER,15,2,1490.00,1740.00,250.00,14
21761,WOOD AND GLASS MEDICINE CABINET,65,1,1784.80,1814.75,29.95,25
21763,VINTAGE WOODEN BAR STOOL,43,3,1076.05,1157.90,81.85,19
21764,VINTAGE WOODEN PLATE RACK,17,1,619.20,659.15,39.95,12
21765,HANGING METAL BIRD BATH,371,9,3009.64,3076.39,66.75,145
21766,VINTAGE WOOD ORGANISER,0,2,-33.90,0.00,33.90,1
21767,FRENCH STYLE WIRE DOOR CABINET ,1,0,29.95,29.95,0.00,1
21768,WALL MOUNTED VINTAGE ORGANISER,497,2,6728.39,6756.09,27.70,165
21769,VINTAGE POST OFFICE CABINET,123,4,7635.07,7954.87,319.80,52
21770,OPEN CLOSED METAL SIGN,2991,48,14594.90,14807.30,212.40,655
21772,VINTAGE METAL CAKE STAND CREAM ,1,0,12.75,12.75,0.00,1
21773,DECORATIVE ROSE BATHROOM BOTTLE,1642,25,1868.15,1899.40,31.25,311
21774,DECORATIVE CATS BATHROOM BOTTLE,1711,1,2128.56,2129.81,1.25,369
21775,DECORATIVE FLORE BATHROOM BOTTLE,874,4,1321.29,1326.29,5.00,279
21777,RECIPE BOX WITH METAL HEART,1126,15,8956.26,9075.51,119.25,376
21779,MA CAMPAGNE MINI WOODEN CHEST,301,10,1062.75,1097.80,35.05,25
21780,MA CAMPAGNE 4 DRAWER WALL SHELF,203,0,1745.85,1745.85,0.00,32
21781,MA CAMPAGNE CUTLERY BOX,655,44,9525.12,10125.72,600.60,382
21784,SHOE SHINE BOX ,290,7,3468.63,3538.28,69.65,183
21785,RAIN PONCHO ,2005,0,1514.63,1514.63,0.00,100
21786,POLKADOT RAIN HAT ,3014,22,1351.59,1360.83,9.24,294
21786,RAIN HAT WITH RED SPOTS,4457,48,1668.04,1688.20,20.16,158
21787,RAIN PONCHO RETROSPOT,10408,528,7913.11,8333.11,420.00,311
21787,RAIN PONCHO WITH RED SPOTS,4727,0,3592.97,3592.97,0.00,161
21788,KIDS RAIN MAC BLUE,3375,73,2663.24,2725.09,61.85,212
21789,KIDS RAIN MAC PINK,2920,92,2358.87,2437.07,78.20,223
21790,VINTAGE SNAP CARDS,27244,203,23343.50,23506.17,162.67,1900
21791,VINTAGE HEADS AND TAILS CARD GAME ,17604,1077,21702.35,22858.60,1156.25,1323
21792,CLASSIC FRENCH STYLE BASKET GREEN ,494,13,2432.93,2517.88,84.95,147
21793,CLASSIC FRENCH STYLE BASKET BROWN,353,0,1627.36,1627.36,0.00,102
21794,CLASSIC FRENCH STYLE BASKET NATURAL,713,13,3472.74,3552.09,79.35,183
21795,SET OF 3 BLUE STRIPE BASKET,441,1,3722.19,3734.94,12.75,81
21796,SET OF 3 RED STRIPE BASKETS,324,0,2782.19,2782.19,0.00,67
21801,CHRISTMAS TREE DECORATION WITH BELL,3398,36,1452.54,1467.66,15.12,259
21802,CHRISTMAS TREE HEART DECORATION,4377,1,1916.78,1917.20,0.42,324
21803,CHRISTMAS TREE STAR DECORATION,4463,0,1938.96,1938.96,0.00,322
21804,WHITE CHRISTMAS GARLAND STARS TREES,597,2,2233.49,2240.99,7.50,138
21805,WHITE CHRISTMAS TREE DECORATION ,2221,0,957.63,957.63,0.00,103
21806,WHITE CHRISTMAS HEART DECORATION,2707,0,1179.43,1179.43,0.00,128
21807,WHITE CHRISTMAS STAR DECORATION,3225,2,1421.61,1422.45,0.84,174
21808,"CHRISTMAS GARLAND STARS,TREES",1001,46,2560.53,2715.53,155.00,148
21809,CHRISTMAS HANGING TREE WITH BELL,3015,0,2427.89,2427.89,0.00,207
21810,CHRISTMAS HANGING STAR WITH BELL,6959,59,4300.66,4374.41,73.75,346
21811,CHRISTMAS HANGING HEART WITH BELL,1721,0,2202.38,2202.38,0.00,163
21811,HANGING HEART WITH BELL,4619,48,2356.08,2374.80,18.72,220
21812,GARLAND WITH HEARTS AND BELLS,805,26,3788.79,3917.49,128.70,209
21813,GARLAND WITH STARS AND BELLS,815,21,3657.46,3761.41,103.95,188
21814,HEART T-LIGHT HOLDER ,670,0,1016.53,1016.53,0.00,95
21815, STAR  T-LIGHT HOLDER ,25,1,41.16,42.61,1.45,9
21815,STAR  T-LIGHT HOLDER ,654,1,1016.18,1017.63,1.45,85
21816,CHRISTMAS TREE T-LIGHT HOLDER,422,1,635.89,637.34,1.45,51
21817,GLITTER CHRISTMAS TREE,1687,0,1077.19,1077.19,0.00,130
21818,GLITTER CHRISTMAS HEART ,1727,0,1460.86,1460.86,0.00,143
21818,GLITTER HEART DECORATION,2469,0,1088.59,1088.59,0.00,142
21819,GLITTER CHRISTMAS STAR ,3847,0,2247.14,2247.14,0.00,248
21820,GLITTER HEART GARLAND WITH BELLS ,795,30,3019.89,3132.39,112.50,183
21821,GLITTER STAR GARLAND WITH BELLS ,713,13,2817.85,2866.60,48.75,155
21822,GLITTER CHRISTMAS TREE WITH BELLS,1010,9,1327.31,1343.70,16.39,145
21823,PAINTED METAL HEART WITH HOLLY BELL,2468,24,2412.92,2447.72,34.80,213
21824,PAINTED METAL STAR WITH HOLLY BELLS,2782,24,2316.66,2351.46,34.80,212
21825,PAINTED METAL TREE WITH HOLLY BELLS,733,3,1048.84,1053.19,4.35,76
21826,EIGHT PIECE DINOSAUR SET,1800,57,2255.62,2326.87,71.25,247
21827,EIGHT PIECE CREEPY CRAWLIE SET,835,13,1052.64,1068.89,16.25,135
21828,EIGHT PIECE SNAKE  SET,1105,0,1396.62,1396.62,0.00,180
21829,DINOSAUR KEYRINGS ASSORTED,15035,289,3181.49,3242.18,60.69,414
21830,ASSORTED CREEPY CRAWLIES,7658,672,2937.92,3185.60,247.68,260
21832,CHOCOLATE CALCULATOR,3338,42,5767.46,5836.76,69.30,464
21833,CAMOUFLAGE LED TORCH,6239,190,10384.17,10681.67,297.50,454
21836,GINGHAM OVEN GLOVE RED HEART ,249,4,988.89,1003.89,15.00,101
21837,CROSS STITCH ALPHABET CUSHION COVER,244,2,1610.74,1622.64,11.90,92
21838,DADDY MOUSE RED GINGHAM BOW TIE,1,0,5.45,5.45,0.00,1
21839,MUMMY MOUSE RED GINGHAM RIBBON,201,2,1074.69,1085.59,10.90,84
21841,BABY MOUSE RED GINGHAM DRESS,437,3,1844.72,1857.47,12.75,133
21842,PINK HEART CANDY BUTTON CALCULATOR,551,0,1308.74,1308.74,0.00,47
21843,RED RETROSPOT CAKE STAND,4635,494,44290.39,48564.29,4273.90,1293
21843,RETRO SPOT CAKE STAND,1493,93,15357.66,16354.01,996.35,388
21844,RED RETROSPOT MUG,3893,34,10886.53,10986.43,99.90,358
21844,RETRO SPOT MUG,1481,14,4301.71,4343.01,41.30,161
21845,DAIRY MAID STRIPE MUG,2521,64,3647.37,3758.41,111.04,169
21846,PINK DIAMANTE PEN IN GIFT BOX,1601,27,3721.55,3803.40,81.85,267
21847,GREEN  DIAMANTE PEN IN GIFT BOX,347,0,675.37,675.37,0.00,71
21849,SILVER DIAMANTE PEN IN GIFT BOX,633,96,1363.51,1483.51,120.00,135
21850,BLUE  DIAMANTE PEN IN GIFT BOX,447,36,919.98,1072.98,153.00,107
21851,LILAC DIAMANTE PEN IN GIFT BOX,628,0,1473.56,1473.56,0.00,149
21852,EMPIRE TEDDY,2,0,13.90,13.90,0.00,2
21853,GUMBALL CUSTOM CARS TOP TRUMPS GAME,3,0,15.40,15.40,0.00,3
21854,EURO FOOTBALL STARS TOP TRUMPS GAME,1,0,5.17,5.17,0.00,1
21857,STAR WARS TOP TRUMPS GAME,2,0,10.23,10.23,0.00,2
21858,HIGH SCHOOL MUSICAL 3 TOP TRUMPS ,2,0,10.23,10.23,0.00,2
21860,DR WHO TOP TRUMPS GAME,1,0,5.17,5.17,0.00,1
21864,UNION JACK FLAG PASSPORT COVER ,1853,20,4389.54,4431.54,42.00,412
21865,PINK UNION JACK  PASSPORT COVER ,896,6,2073.04,2085.64,12.60,298
21866,UNION JACK FLAG LUGGAGE TAG,2168,25,3560.25,3591.50,31.25,456
21867,PINK UNION JACK  LUGGAGE TAG,1144,0,1562.87,1562.87,0.00,288
21868,POTTING SHED TEA MUG,9075,207,10913.25,11163.64,250.39,910
21869,POTTING SHED COFFEE MUG,1264,17,1448.33,1469.58,21.25,115
21870,I CAN ONLY PLEASE ONE PERSON MUG,6083,97,7506.24,7627.49,121.25,648
21871,SAVE THE PLANET MUG,11492,806,12762.70,13654.89,892.19,804
21872,GLAMOROUS  MUG,5092,35,5122.33,5163.80,41.47,335
21873,IF YOU CAN'T STAND THE HEAT MUG,2010,91,2259.94,2360.01,100.07,203
21874,GIN AND TONIC MUG,6332,29,8172.71,8209.17,36.46,629
21875,KINGS CHOICE MUG,6818,71,7800.55,7882.08,81.53,424
21876,POTTERING MUG,5663,85,7238.85,7351.25,112.40,638
21877,HOME SWEET HOME MUG,14054,1086,14777.93,15954.75,1176.82,778
21878,PACK OF 6 SANDCASTLE FLAGS ASSORTED,5586,421,4281.67,4586.48,304.81,406
21879,HEARTS GIFT TAPE,1567,0,664.84,664.84,0.00,152
21880,RED AND WHITE SPOT TAPE,483,12,353.13,360.93,7.80,72
21880,RED RETROSPOT TAPE,2000,12,921.10,928.90,7.80,259
21881,CUTE CATS TAPE,1332,0,554.95,554.95,0.00,118
21882,SKULLS TAPE,1052,0,499.44,499.44,0.00,119
21883,STARS GIFT TAPE ,2348,1,1199.29,1199.48,0.19,227
21884,CAKES AND BOWS GIFT  TAPE,1448,0,663.61,663.61,0.00,161
21888,BINGO SET,3520,97,13498.42,13862.17,363.75,835
21889,WOODEN BOX OF DOMINOES,12805,155,16901.91,17095.66,193.75,1136
21890,S/6 WOODEN SKITTLES IN COTTON BAG,3489,10,10421.40,10451.60,30.20,553
21891,TRADITIONAL WOODEN SKIPPING ROPE,12142,93,15429.68,15547.75,118.07,848
21892,TRADITIONAL WOODEN CATCH CUP GAME ,7826,54,10083.78,10151.28,67.50,829
21893,POTTING SHED SEED TIN,172,0,587.80,587.80,0.00,20
21894,POTTING SHED SEED ENVELOPES,1320,0,1836.14,1836.14,0.00,247
21895,POTTING SHED SOW 'N' GROW SET,555,4,1701.63,1718.63,17.00,86
21896,POTTING SHED TWINE,2387,14,4915.39,4944.04,28.65,295
21897,POTTING SHED CANDLE CITRONELLA,866,5,2626.61,2641.36,14.75,108
21898,POTTING SHED ROSE CANDLE,827,0,2538.81,2538.81,0.00,113
21899,GARAGE KEY FOB,777,0,565.81,565.81,0.00,147
21899,"KEY FOB , GARAGE DESIGN",5899,67,3713.11,3756.66,43.55,480
21900,"KEY FOB , SHED",8323,5,5525.89,5529.14,3.25,837
21901,"KEY FOB , BACK DOOR ",6158,153,3962.06,4061.51,99.45,693
21902,"KEY FOB , FRONT  DOOR ",5359,57,3370.98,3408.03,37.05,478
21903,MAN FLU METAL SIGN,3436,16,6875.77,6908.87,33.10,411
21904,HOUSE WRECKING METAL SIGN ,757,97,1021.82,1201.52,179.70,147
21905,MORE BUTTER METAL SIGN ,1615,2,2136.87,2141.07,4.20,265
21906,PHARMACIE FIRST AID TIN,1786,39,12616.21,12879.46,263.25,433
21907,I'M ON HOLIDAY METAL SIGN,5163,21,10822.12,10866.22,44.10,775
21908,CHOCOLATE THIS WAY METAL SIGN,9678,32,19058.78,19125.98,67.20,978
21910,WAY OUT METAL SIGN ,1066,0,1398.18,1398.18,0.00,111
21911,GARDEN METAL SIGN ,2546,12,4061.05,4080.85,19.80,345
21912,VINTAGE SNAKES & LADDERS,3734,76,14366.33,14651.33,285.00,831
21913,VINTAGE SEASIDE JIGSAW PUZZLES,1129,4,4287.48,4302.48,15.00,301
21914,BLUE HARMONICA IN BOX ,12957,120,17575.36,17725.36,150.00,968
21915,RED  HARMONICA IN BOX ,36289,884,41673.54,42664.54,991.00,1040
21916,SET 12 RETRO WHITE CHALK STICKS,11011,225,4656.56,4751.06,94.50,718
21917,SET 12 KIDS  WHITE CHALK STICKS,8010,21,3315.40,3324.22,8.82,473
21918,SET 12 KIDS COLOUR  CHALK STICKS,14598,43,5995.08,6013.14,18.06,797
21919,Electronic Talking Breath-A-Loser,6,0,30.47,30.47,0.00,5
21922,UNION STRIPE WITH FRINGE  HAMMOCK,1443,27,11008.53,11199.18,190.65,393
21923,RED/CREAM STRIPE FRINGE HAMMOCK,337,2,2646.74,2662.64,15.90,121
21924,BLUE/CREAM STRIPE FRINGE HAMMOCK,315,10,2407.16,2486.66,79.50,126
21925,UNION STRIPE CUSHION COVER ,1201,18,1539.83,1562.33,22.50,172
21926,RED/CREAM STRIPE CUSHION COVER ,1009,26,1292.77,1325.27,32.50,150
21927,BLUE/CREAM STRIPE CUSHION COVER ,1260,65,1646.99,1728.24,81.25,204
21928,JUMBO BAG SCANDINAVIAN BLUE PAISLEY,8411,265,16760.11,17239.69,479.58,670
21928,JUMBO BAG SCANDINAVIAN PAISLEY,15857,30,28905.83,28962.83,57.00,896
21929,JUMBO BAG PINK VINTAGE PAISLEY,25608,272,49168.02,49651.99,483.97,1640
21930,JUMBO STORAGE BAG SKULLS,13390,6,27356.59,27368.08,11.49,1327
21931,JUMBO STORAGE BAG SUKI,29182,390,60826.92,61537.55,710.63,2363
21932,SCANDINAVIAN PAISLEY PICNIC BAG,3871,34,8440.31,8498.61,58.30,653
21933,PINK VINTAGE PAISLEY PICNIC BAG,4116,21,9029.58,9087.63,58.05,632
21934,SKULL SHOULDER BAG,4597,61,8174.57,8275.22,100.65,727
21935,SUKI  SHOULDER BAG,7127,131,12907.06,13103.21,196.15,925
21936,RED RETROSPOT PICNIC BAG,6680,129,19226.27,19576.72,350.45,956
21936,RED/WHITE SPOT PICNIC BAG,1125,14,3123.29,3164.59,41.30,114
21937,STRAWBERRY   PICNIC BAG,4100,58,11869.72,12038.82,169.10,671
21942,SKULLS DESIGN FLANNEL,1672,24,1115.88,1136.28,20.40,223
21943,CAKES AND RABBITS DESIGN FLANNEL ,591,0,529.16,529.16,0.00,149
21944,KITTENS DESIGN FLANNEL,1789,2,1104.31,1106.01,1.70,205
21945,STRAWBERRIES  DESIGN FLANNEL ,1862,1,1306.25,1307.10,0.85,241
21946,PARTY TIME DESIGN FLANNEL,625,0,358.97,358.97,0.00,67
21947,SET OF 6 HEART CHOPSTICKS,1675,0,2302.81,2302.81,0.00,298
21948,SET OF 6 CAKE CHOPSTICKS,2293,0,2921.36,2921.36,0.00,267
21949,SET OF 6 STRAWBERRY CHOPSTICKS,2598,6,3156.68,3164.18,7.50,270
21950,SET OF 6 DOTS CHOPSTICKS,211,181,71.58,263.63,192.05,20
21955,  DOORMAT UNION JACK GUNS AND ROSES,177,0,1193.31,1193.31,0.00,60
21955,DOOR MAT UNION JACK GUNS AND ROSES,797,14,5424.01,5510.39,86.38,228
21955,DOORMAT UNION JACK GUNS AND ROSES,2172,12,12960.19,13043.59,83.40,343
21955,UNION JACK GUNS & ROSES  DOORMAT,765,2,3973.61,3987.11,13.50,103
21967,PACK OF 12 SKULL TISSUES,15652,0,4401.44,4401.44,0.00,479
21972,SET OF 36 DINOSAUR PAPER DOILIES,1055,2,1557.92,1560.82,2.90,173
21973,SET OF 36 MUSHROOM PAPER DOILIES,1670,13,2401.18,2420.03,18.85,212
21974,SET OF 36 PAISLEY FLOWER DOILIES,7046,140,10420.70,10622.15,201.45,819
21975,PACK OF 60 DINOSAUR CAKE CASES,31332,95,15187.36,15236.62,49.26,1307
21976,PACK OF 60 MUSHROOM CAKE CASES,14570,55,7762.12,7792.37,30.25,954
21977,PACK OF 60 PINK PAISLEY CAKE CASES,56061,219,27964.43,28081.73,117.30,2004
21980,PACK OF 12 RED RETROSPOT TISSUES ,8616,168,2619.61,2668.33,48.72,410
21980,PACK OF 12 RED SPOTTY TISSUES ,22721,24,5974.85,5981.81,6.96,272
21981,PACK OF 12 WOODLAND TISSUES ,26204,31,7119.77,7129.46,9.69,555
21982,PACK OF 12 SUKI TISSUES ,32086,37,10385.05,10395.88,10.83,720
21983,PACK OF 12 BLUE PAISLEY TISSUES ,6118,48,1861.10,1875.02,13.92,327
21984,PACK OF 12 PINK PAISLEY TISSUES ,25351,144,6982.67,7023.95,41.28,437
21985,PACK OF 12 HEARTS DESIGN TISSUES ,25523,108,8940.79,8972.11,31.32,922
21986,PACK OF 12 PINK POLKADOT TISSUES,5159,0,1591.94,1591.94,0.00,272
21986,PACK OF 12 PINK SPOT TISSUES ,8317,24,3187.23,3194.19,6.96,198
21987,PACK OF 6 SKULL PAPER CUPS,6417,301,3850.01,3988.06,138.05,389
21988,PACK OF 6 SKULL PAPER PLATES,7829,576,5451.46,5820.10,368.64,417
21989,PACK OF 20 SKULL PAPER NAPKINS,8552,624,6381.26,6790.70,409.44,657
21990,MODERN FLORAL STATIONERY SET,2453,12,4515.54,4530.54,15.00,498
21991,BOHEMIAN COLLAGE STATIONERY SET,1103,12,1912.54,1927.54,15.00,290
21992,VINTAGE PAISLEY STATIONERY SET,3320,6,6727.10,6744.80,17.70,657
21993,FLORAL FOLK STATIONERY SET,2849,12,5201.88,5216.88,15.00,578
22003,VINTAGE BLUE VACUUM FLASK 0.5L ,0,10,-67.50,0.00,67.50,1
22016,Dotcomgiftshop Gift Voucher £100.00,1,0,83.33,83.33,0.00,1
22021,BLUE FELT EASTER EGG BASKET,1413,12,2410.51,2430.31,19.80,234
22023,EMPIRE BIRTHDAY CARD,4975,12,2071.73,2076.77,5.04,431
22024,RAINY LADIES BIRTHDAY CARD,5391,36,2241.88,2257.00,15.12,442
22025,RING OF ROSES BIRTHDAY CARD,3970,12,1636.60,1641.64,5.04,289
22026,BANQUET BIRTHDAY  CARD  ,4029,12,1712.43,1717.47,5.04,367
22027,TEA PARTY BIRTHDAY CARD,11297,228,4719.37,4806.49,87.12,852
22028,PENNY FARTHING BIRTHDAY CARD,6344,24,2655.05,2665.13,10.08,509
22029,SPACE BOY BIRTHDAY CARD,823,0,349.12,349.12,0.00,67
22029,SPACEBOY BIRTHDAY CARD,16779,60,6906.44,6931.64,25.20,1036
22030,SWALLOWS GREETING CARD,12735,120,5147.44,5197.84,50.40,688
22031,BOTANICAL LAVENDER BIRTHDAY CARD,1125,12,488.95,493.99,5.04,143
22032,BOTANICAL LILY GREETING CARD,980,0,418.12,418.12,0.00,111
22033,BOTANICAL ROSE GREETING CARD,1603,0,681.93,681.93,0.00,128
22034,ROBIN CHRISTMAS CARD,1617,24,663.41,673.49,10.08,96
22035,VINTAGE CARAVAN GREETING CARD ,4083,49,1710.66,1731.24,20.58,362
22036,DINOSAUR BIRTHDAY CARD,1649,65,667.81,695.11,27.30,137
22037,ROBOT BIRTHDAY CARD,7054,12,3030.66,3035.70,5.04,635
22038,BOTANICAL LAVENDER GIFT WRAP ,1150,0,481.00,481.00,0.00,45
22039,BOTANICAL LILY GIFT WRAP,850,25,342.50,353.00,10.50,31
22040,BOTANICAL ROSE GIFT WRAP,2815,0,1144.30,1144.30,0.00,94
22041,"RECORD FRAME 7"" SINGLE SIZE ",7540,42,18546.92,18650.87,103.95,560
22042,CHRISTMAS CARD SINGING ANGEL,1738,24,617.11,627.19,10.08,130
22043,CHRISTMAS CARD SCREEN PRINT ,2197,12,614.21,619.25,5.04,126
22044,CHRISTMAS CARD STACK OF PRESENTS,1940,13,544.82,550.28,5.46,91
22045,SPACE BOY GIFT WRAP,775,0,325.50,325.50,0.00,27
22045,SPACEBOY GIFT WRAP,13767,105,5612.04,5656.14,44.10,451
22046,TEA PARTY  WRAPPING PAPER ,6375,34,2599.22,2613.50,14.28,210
22047,EMPIRE GIFT WRAP,8250,250,3262.00,3351.00,89.00,264
22048,BIRTHDAY BANQUET GIFT WRAP,2815,25,1155.80,1166.30,10.50,103
22049,WRAP CHRISTMAS SCREEN PRINT,3500,25,1005.25,1015.75,10.50,115
22050,PINK PAISLEY ROSE GIFT WRAP,3300,50,1333.00,1354.00,21.00,117
22051,BLUE SCANDINAVIAN PAISLEY WRAP,3175,0,1317.50,1317.50,0.00,116
22052,VINTAGE CARAVAN GIFT WRAP,3525,50,1439.50,1460.50,21.00,130
22053,EMPIRE DESIGN ROSETTE,4551,2,4018.39,4020.89,2.50,89
22054,MINI CAKE STAND HANGING HEARTS,361,14,631.91,655.01,23.10,78
22055,MINI CAKE STAND  HANGING STRAWBERY,4925,51,8096.24,8179.19,82.95,743
22056,CERAMIC PLATE LOVE HEART DESIGN,607,1,655.38,656.87,1.49,35
22057,CERAMIC PLATE STRAWBERRY DESIGN,3060,82,3889.55,4011.73,122.18,271
22058,CERAMIC LOVE HEARTS DESIGN MUG,520,8,783.80,795.72,11.92,106
22059,CERAMIC STRAWBERRY DESIGN MUG,2593,30,3201.23,3245.93,44.70,254
22059,CERAMIC STRWBERRY DESIGN MUG,2347,35,3340.95,3393.10,52.15,225
22060,LARGE CAKE STAND HANGING HEARTS,733,26,5504.71,5691.41,186.70,170
22061,LARGE CAKE STAND  HANGING STRAWBERY,2171,114,18061.02,19121.37,1060.35,583
22062,CERAMIC BOWL WITH LOVE HEART DESIGN,761,7,1240.22,1248.15,7.93,128
22063,CERAMIC BOWL WITH STRAWBERRY DESIGN,2303,16,6309.26,6356.06,46.80,366
22064,PINK DOUGHNUT TRINKET POT ,6606,137,10371.41,10592.66,221.25,731
22065,CHRISTMAS PUDDING TRINKET POT ,8640,45,6219.07,6273.84,54.77,471
22066,LOVE HEART TRINKET POT,3435,11,2718.51,2729.16,10.65,277
22067,CHOC TRUFFLE GOLD TRINKET POT ,1855,20,2987.12,3019.32,32.20,264
22068, BLACK PIRATE TREASURE CHEST,55,0,108.48,108.48,0.00,22
22068,BLACK PIRATE TREASURE CHEST,1057,14,1848.24,1871.34,23.10,257
22069, BROWN  PIRATE TREASURE CHEST ,59,0,138.22,138.22,0.00,23
22069,BROWN  PIRATE TREASURE CHEST ,909,0,2026.41,2026.41,0.00,244
22070,SMALL RED RETROSPOT MUG IN BOX ,1511,301,4107.66,4462.95,355.29,244
22070,SMALL RETRO SPOT MUG IN BOX  RED,324,38,1119.04,1238.54,119.50,88
22071,SMALL RETRO SPOT MUG IN BOX  WHITE,383,21,1365.38,1426.13,60.75,84
22071,SMALL WHITE RETROSPOT MUG IN BOX ,1147,288,2741.75,2929.75,188.00,182
22072,RED RETROSPOT TEA CUP AND SAUCER ,1705,33,6240.92,6364.67,123.75,391
22072,TEA CUP AND SAUCER RETRO SPOT,700,16,2806.34,2866.34,60.00,145
22073,RED RETROSPOT STORAGE JAR,1395,32,5485.32,5604.60,119.28,337
22073,RETRO SPOT STORAGE JAR,729,12,2808.29,2853.29,45.00,165
22074,6 RIBBONS SHIMMERING PINKS ,2156,12,2196.54,2216.34,19.80,288
22075,6 RIBBONS ELEGANT CHRISTMAS ,3079,12,4640.89,4660.69,19.80,359
22076,6 RIBBONS EMPIRE  ,2353,0,3490.19,3490.19,0.00,375
22077,6 RIBBONS RUSTIC CHARM,17238,117,31320.06,31513.11,193.05,1766
22078,RIBBON REEL LACE DESIGN ,3984,38,8370.14,8449.94,79.80,483
22079,RIBBON REEL HEARTS DESIGN ,5028,61,8357.19,8457.84,100.65,689
22080,RIBBON REEL POLKADOTS ,1676,10,2827.36,2843.86,16.50,243
22080,RIBBON REEL SPOTS DESIGN ,2211,31,3617.43,3668.58,51.15,279
22081,RIBBON REEL FLORA + FAUNA ,1559,41,2693.39,2761.04,67.65,305
22082,RIBBON REEL STRIPES DESIGN ,7267,31,12140.90,12192.05,51.15,961
22083,PAPER CHAIN KIT RETRO SPOT,7579,460,19954.79,21151.79,1197.00,597
22083,PAPER CHAIN KIT RETROSPOT,6137,68,19060.43,19261.03,200.60,817
22084,PAPER CHAIN KIT EMPIRE,8803,111,24864.11,25163.56,299.45,815
22085,PAPER CHAIN KIT SKULLS ,2538,585,5382.12,6883.87,1501.75,234
22086,PAPER CHAIN KIT 50'S CHRISTMAS ,35084,590,116298.59,117760.29,1461.70,2034
22087,PAPER BUNTING WHITE LACE,8475,159,24923.70,25389.10,465.40,858
22088,PAPER BUNTING COLOURED LACE,4399,75,12878.83,13076.88,198.05,624
22089,PAPER BUNTING VINTAGE PAISLEY,3506,61,10129.45,10303.35,173.90,554
22090,PAPER BUNTING RETROSPOT,8406,79,25280.91,25497.96,217.05,929
22090,PAPER BUNTING RETRO SPOTS,8292,418,23860.84,24933.94,1073.10,786
22091,EMPIRE TISSUE BOX,3179,55,2417.11,2485.86,68.75,328
22092,BLUE PAISLEY TISSUE BOX,933,0,592.91,592.91,0.00,140
22093,MOTORING TISSUE BOX,2346,48,1376.71,1429.87,53.16,277
22094,RED POLKA DOT TISSUE BOX,1003,27,1191.14,1224.89,33.75,110
22094,RED RETROSPOT TISSUE BOX,2554,65,1384.19,1424.16,39.97,237
22095,LADS ONLY TISSUE BOX,2978,107,3003.15,3123.03,119.88,291
22096,PINK PAISLEY SQUARE TISSUE BOX ,1667,18,921.52,938.86,17.34,182
22097,SWALLOW SQUARE TISSUE BOX,2064,19,1266.60,1281.75,15.15,245
22098,BOUDOIR SQUARE TISSUE BOX,2865,79,1916.93,1952.04,35.11,316
22099,CARAVAN SQUARE TISSUE BOX,2123,24,1555.46,1585.46,30.00,294
22100,SKULLS SQUARE TISSUE BOX,1005,0,709.50,709.50,0.00,127
22101,MIRROR MOSAIC VOTIVE HOLDER,1909,325,2661.81,2790.27,128.46,118
22102,MIRROR MOSAIC T-LIGHT HOLDER ,1842,721,909.24,1191.69,282.45,61
22103,MIRROR MOSAIC T-LIGHT HOLDER ROUND,1746,483,1557.33,1760.64,203.31,75
22104,MIRROR MOSAIC CANDLE PLATE,1187,0,968.08,968.08,0.00,99
22105,MIRROR MOSAIC GOBLET CANDLE HOLDER,692,241,1062.45,1294.70,232.25,57
22106,MIRROR MOSAIC HURRICANE LAMP ,509,121,1433.23,1589.98,156.75,81
22107,PIZZA PLATE IN BOX,1240,95,4509.88,4840.59,330.71,381
22108,PING! MICROWAVE PLATE,313,4,963.74,978.74,15.00,129
22109,FULL ENGLISH BREAKFAST PLATE,3338,78,13478.85,13750.11,271.26,660
22110,BIRD HOUSE HOT WATER BOTTLE,2609,4,8553.56,8563.76,10.20,514
22111,SCOTTIE DOG HOT WATER BOTTLE,9776,217,48835.29,49771.94,936.65,1704
22112,CHOCOLATE HOT WATER BOTTLE,11065,156,57294.46,57981.94,687.48,1734
22113,GREY HEART HOT WATER BOTTLE,5759,32,21904.13,22025.93,121.80,1002
22114,HOT WATER BOTTLE TEA AND SYMPATHY,11677,220,58393.94,59189.14,795.20,1596
22115,METAL SIGN EMPIRE TEA,2889,1,5692.15,5695.10,2.95,501
22116,METAL SIGN HIS DINNER IS SERVED,823,18,1075.98,1103.88,27.90,200
22117,METAL SIGN HER DINNER IS SERVED ,1765,1,5204.78,5207.73,2.95,231
22118,JOY WOODEN BLOCK LETTERS,799,2,3832.17,3842.07,9.90,273
22119, PEACE WOODEN BLOCK LETTERS,137,0,952.74,952.74,0.00,49
22119,PEACE WOODEN BLOCK LETTERS,759,6,4549.43,4591.13,41.70,295
22120,WELCOME  WOODEN BLOCK LETTERS,1018,19,10126.59,10314.19,187.60,374
22121,NOEL WOODEN BLOCK LETTERS ,1481,8,9120.01,9167.61,47.60,441
22122,SET OF 2 FANCY FONT TEA TOWELS,1095,0,3290.08,3290.08,0.00,191
22123,PING MICROWAVE APRON,655,24,1557.34,1700.14,142.80,168
22124,SET OF 2 TEA TOWELS PING MICROWAVE,298,0,751.93,751.93,0.00,132
22125,UNION JACK HOT WATER BOTTLE ,653,63,3774.24,4089.09,314.85,186
22127,PARTY CONES CARNIVAL ASSORTED,3468,98,4030.80,4153.11,122.31,160
22128,PARTY CONES CANDY ASSORTED,3923,56,4689.59,4759.59,70.00,198
22129,PARTY CONES CANDY DECORATION,454,0,621.96,621.96,0.00,67
22129,PARTY CONES CANDY TREE DECORATION,2792,18,2457.86,2473.16,15.30,108
22130,PARTY CONE CHRISTMAS DECORATION ,9737,183,10854.51,10991.21,136.70,432
22131,FOOD CONTAINER SET 3 LOVE HEART ,5243,16,9885.79,9914.89,29.10,696
22132,RED LOVE HEART SHAPE CUP,3345,12,2979.61,2989.81,10.20,389
22133,PINK LOVE HEART SHAPE CUP,2464,12,2248.41,2258.61,10.20,328
22134,LADLE LOVE HEART RED ,1489,12,637.36,642.40,5.04,146
22134,MINI LADLE LOVE HEART RED ,865,0,401.18,401.18,0.00,153
22135,LADLE LOVE HEART PINK,1096,24,498.67,508.75,10.08,153
22135,MINI LADLE LOVE HEART PINK,528,0,297.40,297.40,0.00,166
22136,LOVE HEART SOCK HANGER,1989,3,3317.67,3322.22,4.55,268
22137,BATHROOM SET LOVE HEART DESIGN,606,3,1499.43,1508.28,8.85,45
22138,BAKING SET 9 PIECE RETROSPOT ,9366,859,41829.06,45882.01,4052.95,2123
22139,11 PC CERAMIC TEA SET POLKADOT,3,0,14.85,14.85,0.00,1
22139,RETRO SPOT TEA SET CERAMIC 11 PC ,4438,410,19521.44,21301.04,1779.60,800
22139,RETROSPOT TEA SET CERAMIC 11 PC ,6168,50,31292.22,31527.12,234.90,1343
22141,CHRISTMAS CRAFT TREE TOP ANGEL,3663,16,8861.61,8895.21,33.60,576
22142,CHRISTMAS CRAFT WHITE FAIRY ,4300,18,6419.29,6445.39,26.10,508
22143,CHRISTMAS CRAFT HEART DECORATIONS,446,12,917.68,942.88,25.20,72
22144,CHRISTMAS CRAFT LITTLE FRIENDS,5134,47,12283.77,12382.47,98.70,709
22145,CHRISTMAS CRAFT HEART STOCKING ,1306,6,2740.06,2752.66,12.60,199
22146,EASTER CRAFT IVY WREATH WITH CHICK,1413,46,2555.43,2633.13,77.70,109
22147,FELTCRAFT BUTTERFLY HEARTS,12828,904,16750.78,17893.58,1142.80,1145
22148,EASTER CRAFT 4 CHICKS ,3237,52,6378.89,6480.29,101.40,305
22149,FELTCRAFT 6 FLOWER FRIENDS,12674,664,24974.57,26218.97,1244.40,1404
22150, 3 STRIPEY MICE FELTCRAFT,691,2,1338.13,1342.03,3.90,130
22150,3 STRIPEY MICE FELTCRAFT,7124,762,11883.62,13144.52,1260.90,817
22151,PLACE SETTING WHITE HEART,27562,915,11276.73,11609.19,332.46,723
22152,PLACE SETTING WHITE STAR,6241,11,2637.66,2642.28,4.62,245
22153,ANGEL DECORATION STARS ON DRESS,5705,166,2399.44,2469.16,69.72,288
22154,ANGEL DECORATION 3 BUTTONS ,7114,204,2987.64,3073.32,85.68,331
22155,STAR DECORATION RUSTIC,5925,53,2649.55,2671.81,22.26,343
22156,HEART DECORATION WITH PEARLS ,6156,217,5354.16,5537.57,183.41,608
22157,ANGEL DECORATION WITH LACE PADDED,1698,96,1369.80,1451.40,81.60,126
22158,3 HEARTS HANGING DECORATION RUSTIC,8985,82,28958.38,29198.28,239.90,733
22161,HEART DECORATION RUSTIC HANGING ,6726,88,2709.40,2738.28,28.88,491
22162,HEART GARLAND RUSTIC PADDED,1218,12,3702.50,3737.90,35.40,263
22163,HEART STRING MEMO HOLDER HANGING,1269,79,2056.07,2235.12,179.05,202
22164,STRING OF STARS CARD HOLDER,315,1,880.27,883.22,2.95,50
22165,"DIAMANTE HEART SHAPED WALL MIRROR, ",976,9,7584.48,7673.73,89.25,278
22166,WALL MIRROR RECTANGLE DIAMANTE PINK,221,3,1758.12,1781.97,23.85,100
22166,"WALL MIRROR , RECT DIAMANTE, PINK/",219,5,1707.03,1746.78,39.75,65
22167, OVAL WALL MIRROR DIAMANTE ,265,5,2674.67,2724.42,49.75,177
22167,"WALL MIRROR , DIAMANTE OVAL SHAPE",425,20,3132.91,3331.91,199.00,141
22168,ORGANISER WOOD ANTIQUE WHITE ,656,45,5068.78,5450.43,381.65,341
22168,"ORGANISER WOOD, ANTIQUE WHITE ",3,0,25.50,25.50,0.00,2
22169,FAMILY ALBUM WHITE PICTURE FRAME,2275,93,18766.40,19507.60,741.20,736
22170,PICTURE FRAME WOOD TRIPLE PORTRAIT,2385,90,15063.37,15645.27,581.90,602
22171,3 HOOK PHOTO SHELF ANTIQUE WHITE,3141,154,22497.36,23709.46,1212.10,693
22172,METAL SHELF WITH RAIL ,378,4,3417.82,3451.82,34.00,189
22173,METAL 4 HOOK HANGER FRENCH CHATEAU,5026,146,15012.18,15411.90,399.72,1007
22174,PHOTO CUBE,5122,48,10295.13,10374.33,79.20,559
22175,PINK OWL DECORATION,96,0,244.80,244.80,0.00,1
22175,PINK OWL SOFT TOY,1728,8,5009.91,5033.51,23.60,365
22176,BLUE OWL DECORATION,96,0,244.80,244.80,0.00,1
22176,BLUE OWL SOFT TOY,1088,9,3271.38,3297.93,26.55,261
22177,5 HOOK BLACKBOARD ORGANISER ,325,25,2874.46,3101.46,227.00,135
22178,VICTORIAN GLASS HANGING T-LIGHT,40081,1008,51119.88,52382.82,1262.94,1859
22179,SET 10 LIGHTS NIGHT OWL,1518,14,10416.98,10509.88,92.90,406
22179,SET 10 NIGHT OWL LIGHTS,505,21,3783.78,3908.73,124.95,171
22180,RETRO SPOT LAMP,511,21,4955.47,5164.42,208.95,210
22180,RETROSPOT LAMP,464,28,4664.71,4938.96,274.25,230
22181,SNOWSTORM PHOTO FRAME FRIDGE MAGNET,1538,42,1255.68,1291.38,35.70,142
22182,CAKE STAND VICTORIAN FILIGREE SMALL,561,4,2136.65,2156.45,19.80,175
22183,CAKE STAND VICTORIAN FILIGREE MED,586,9,3241.05,3297.25,56.20,215
22184,CAKE STAND VICTORIAN FILIGREE LARGE,389,18,2752.27,2887.07,134.80,158
22185,SLATE TILE NATURAL HANGING,3896,4,6218.12,6224.72,6.60,466
22186,RED STAR CARD HOLDER,2004,70,5249.10,5431.40,182.30,353
22187,GREEN CHRISTMAS TREE CARD HOLDER,2104,49,6629.25,6820.70,191.45,378
22188,BLACK HEART CARD HOLDER,10353,5,28092.28,28112.03,19.75,569
22189,CREAM HEART CARD HOLDER,16186,43,49132.21,49300.94,168.73,1313
22190,LOCAL CAFE MUG,1400,1,2589.57,2591.67,2.10,243
22191,EAU DE NIL DINER WALL CLOCK,248,5,2025.55,2067.20,41.65,124
22191,IVORY DINER WALL CLOCK,1659,345,11027.65,13689.85,2662.20,517
22191,IVORY WALL CLOCK,60,0,459.00,459.00,0.00,1
22192,BLUE DINER WALL CLOCK,1426,31,11852.35,12104.80,252.45,559
22193,RED DINER WALL CLOCK,1850,39,15339.38,15658.98,319.60,634
22193,RED WALL CLOCK,60,0,459.00,459.00,0.00,1
22194,BLACK DINER WALL CLOCK,373,6,3161.10,3212.10,51.00,165
22195,HEART MEASURING SPOONS LARGE,84,0,138.60,138.60,0.00,5
22195,LARGE HEART MEASURING SPOONS,5043,19,8977.29,9005.64,28.35,811
22196,HEART MEASURING SPOONS SMALL,12,0,10.20,10.20,0.00,1
22196,SMALL HEART MEASURING SPOONS,6574,45,6094.95,6130.99,36.04,990
22197,POPCORN HOLDER,36749,427,33959.26,34288.67,329.41,839
22197,"POPCORN HOLDER , SMALL ",3189,14,2520.65,2531.64,10.99,117
22197,SMALL POPCORN HOLDER,48561,363,42423.71,42699.89,276.18,1456
22198,LARGE POPCORN HOLDER ,6323,176,10778.80,11063.40,284.60,607
22198,"POPCORN HOLDER , LARGE",1008,38,1633.51,1696.21,62.70,101
22199,FRYING PAN RED POLKADOT ,1210,275,3857.39,4890.14,1032.75,193
22199,FRYING PAN RED RETROSPOT,617,8,2556.21,2590.21,34.00,219
22200,FRYING PAN PINK POLKADOT,639,4,2831.69,2846.69,15.00,191
22200,FRYING PAN PINK POLKADOT ,650,7,2875.01,2904.26,29.25,169
22200,FRYING PAN PINK RETROSPOT,7,0,33.97,33.97,0.00,3
22201,FRYING PAN BLUE POLKADOT,229,2,865.52,874.02,8.50,105
22201,FRYING PAN BLUE POLKADOT ,276,0,1139.16,1139.16,0.00,60
22201,FRYING PAN BLUE RETROSPOT,4,0,21.22,21.22,0.00,3
22202,MILK PAN PINK POLKADOT,331,4,1310.01,1325.01,15.00,82
22202,MILK PAN PINK RETROSPOT,743,27,2909.99,3011.24,101.25,194
22203,MILK PAN RED RETROSPOT,1402,15,5413.26,5469.51,56.25,403
22204,MILK PAN BLUE POLKADOT,226,5,763.41,782.16,18.75,94
22204,MILK PAN BLUE RETROSPOT,311,9,1158.38,1192.13,33.75,80
22206,"MUG , DOTCOMGIFTSHOP.COM ",14,0,11.82,11.82,0.00,10
22207,FRYING PAN UNION FLAG,3103,85,12973.82,13298.57,324.75,486
22208,WOOD STAMP SET THANK YOU,2366,25,3005.54,3036.95,31.41,436
22209,WOOD STAMP SET HAPPY BIRTHDAY,1415,28,1717.58,1753.94,36.36,260
22210,WOOD STAMP SET BEST WISHES,1586,15,1873.67,1898.42,24.75,290
22211,WOOD STAMP SET FLOWERS,1531,49,1951.10,2022.35,71.25,293
22212,FOUR HOOK  WHITE LOVEBIRDS,4024,40,8558.30,8642.30,84.00,843
22214,CANDLE PLATE LACE WHITE,549,0,1279.79,1279.79,0.00,92
22215,CAKE STAND WHITE TWO TIER LACE,1085,62,8299.93,8809.93,510.00,389
22216,T-LIGHT HOLDER WHITE LACE,1396,3,1213.28,1215.83,2.55,117
22217,T-LIGHT HOLDER HANGING LACE,2374,56,2744.81,2814.81,70.00,217
22218,CAKE STAND LACE WHITE,1232,65,5114.91,5365.66,250.75,276
22219,LOVEBIRD HANGING DECORATION WHITE ,9771,123,9176.59,9270.48,93.89,1155
22220,CAKE STAND LOVEBIRD 2 TIER WHITE,745,51,6399.74,6885.44,485.70,297
22221,CAKE STAND LOVEBIRD 2 TIER PINK,905,12,6582.93,6702.33,119.40,165
22222,CAKE PLATE LOVEBIRD WHITE,1489,5,6136.09,6160.84,24.75,406
22223,CAKE PLATE LOVEBIRD PINK,726,1,3354.71,3359.66,4.95,176
22224,WHITE LOVEBIRD LANTERN,2373,22,7463.04,7527.94,64.90,407
22227,"DECORATION, HANGING HEART+MIRROR ",2983,31,2140.85,2161.00,20.15,291
22227,HANGING HEART MIRROR DECORATION ,3038,2,2181.87,2183.17,1.30,358
22228,BUNNY WOODEN PAINTED WITH BIRD ,1727,35,1426.85,1456.60,29.75,282
22229,BUNNY WOODEN PAINTED WITH FLOWER ,1007,52,801.10,845.30,44.20,192
22230,JIGSAW TREE WITH WATERING CAN,1657,45,1096.46,1134.64,38.18,201
22231,JIGSAW TREE WITH BIRDHOUSE,2135,107,2562.33,2712.48,150.15,315
22232,3 PIECE JIGSAW TOADSTOOLS,16,0,26.40,26.40,0.00,2
22232,JIGSAW TOADSTOOLS 3 PIECE,1093,74,1221.37,1292.59,71.22,164
22233,JIGSAW RABBIT AND BIRDHOUSE,949,62,1108.87,1210.11,101.24,173
22236,CAKE STAND 3 TIER MAGIC GARDEN,1127,95,12844.27,13965.52,1121.25,468
22241,"GARLAND , WOODEN  "" HAPPY EASTER""",105,0,133.89,133.89,0.00,11
22241,GARLAND WOODEN HAPPY EASTER,4244,18,5706.22,5728.53,22.31,468
22242,5 HOOK HANGER MAGIC TOADSTOOL,1774,50,2681.46,2763.96,82.50,115
22242,"HOOK, 5 HANGER , MAGIC TOADSTOOL",2982,7,4784.40,4795.95,11.55,262
22243,5 HOOK HANGER RED MAGIC TOADSTOOL,4526,33,6897.00,6951.45,54.45,221
22243,"HOOK, 5 HANGER ,MAGIC TOADSTOOL RED",3152,53,4821.35,4908.80,87.45,181
22244,3 HOOK HANGER MAGIC GARDEN,2732,17,5089.61,5122.76,33.15,232
22244,"HOOK, 3 HANGER ,MAGIC GARDEN",2028,43,3895.35,3979.20,83.85,214
22245,"HOOK, 1 HANGER ,MAGIC GARDEN",4633,31,3962.50,3988.85,26.35,420
22246,"GARLAND, MAGIC GARDEN 1.8M",656,0,1332.36,1332.36,0.00,95
22246,MAGIC GARDEN FELT GARLAND ,425,12,932.19,955.59,23.40,94
22247,BUNNY DECORATION MAGIC GARDEN,1184,1,1022.04,1022.79,0.75,183
22248,DECORATION  PINK CHICK MAGIC GARDEN,1013,21,883.65,901.50,17.85,176
22249,DECORATION WHITE CHICK MAGIC GARDEN,1636,4,1431.26,1434.66,3.40,244
22250,DECORATION  BUTTERFLY  MAGIC GARDEN,1521,4,1379.56,1382.96,3.40,258
22251,BIRDHOUSE DECORATION MAGIC GARDEN,1871,19,2293.89,2317.64,23.75,302
22252,BIRDCAGE DECORATION MAGIC GARDEN,21,0,53.55,53.55,0.00,3
22252,BIRDCAGE DECORATION TEALIGHT HOLDER,935,13,1105.76,1122.01,16.25,112
22253,6 CROCHET STRAWBERRIES,964,0,1158.28,1158.28,0.00,86
22254,FELT TOADSTOOL LARGE,1398,72,1702.21,1792.21,90.00,155
22255,FELT TOADSTOOL  SMALL,1185,45,1088.86,1127.11,38.25,147
22256,FELT FARM ANIMAL CHICKEN,933,12,1185.07,1200.07,15.00,120
22257,FELT FARM ANIMAL SHEEP,419,12,330.48,345.48,15.00,58
22258,FELT FARM ANIMAL RABBIT,1342,55,1222.30,1291.05,68.75,134
22259,FELT FARM ANIMAL HEN,590,3,479.20,482.95,3.75,73
22260,FELT EGG COSY BLUE RABBIT ,1557,16,1581.17,1594.77,13.60,243
22261,FELT EGG COSY WHITE RABBIT ,2105,4,2020.95,2024.35,3.40,244
22262,FELT EGG COSY CHICKEN,2026,17,1933.37,1947.82,14.45,309
22263,FELT EGG COSY LADYBIRD ,836,49,595.04,627.38,32.34,106
22264,FELT FARM ANIMAL WHITE BUNNY ,2014,0,1152.22,1152.22,0.00,168
22265,EASTER DECORATION NATURAL CHICK,1843,0,1207.80,1207.80,0.00,168
22266,EASTER DECORATION HANGING BUNNY,2542,7,1035.56,1040.11,4.55,163
22267,EASTER DECORATION EGG BUNNY ,1472,3,1287.72,1291.47,3.75,118
22268,DECORATION SITTING BUNNY,1480,39,342.13,349.54,7.41,84
22268,EASTER DECORATION SITTING BUNNY,1074,14,909.85,921.75,11.90,159
22269,EGG CUP NATURAL CHICKEN,1521,25,1326.45,1357.70,31.25,214
22270,HAPPY EASTER HANGING DECORATION,685,26,2541.89,2638.67,96.78,160
22271,FELTCRAFT DOLL ROSIE,4866,304,13082.53,13921.73,839.20,794
22272,FELTCRAFT DOLL MARIA,1371,1,3845.39,3848.34,2.95,301
22273,FELTCRAFT DOLL MOLLY,7355,1464,16588.19,20150.99,3562.80,818
22274,FELTCRAFT DOLL EMILY,3773,74,10570.97,10770.07,199.10,664
22275,WEEKEND BAG VINTAGE ROSE PAISLEY,946,5,7832.83,7875.33,42.50,317
22276,WASH BAG VINTAGE ROSE PAISLEY,1889,17,4841.96,4884.86,42.90,379
22277,COSMETIC BAG VINTAGE ROSE PAISLEY,1400,2,2923.29,2927.49,4.20,252
22278,OVERNIGHT BAG VINTAGE ROSE PAISLEY,1016,21,5842.21,5959.53,117.32,395
22279,POCKET BAG BLUE PAISLEY RED SPOT,1440,37,2058.37,2104.62,46.25,216
22280,POCKET BAG PINK PAISELY BROWN SPOT,877,0,1248.74,1248.74,0.00,158
22281,EASTER TREE YELLOW BIRDS,511,16,3190.66,3285.86,95.20,152
22282,12 EGG HOUSE PAINTED WOOD,561,2,7279.19,7304.69,25.50,218
22283,6 EGG HOUSE PAINTED WOOD,1032,18,8389.99,8533.09,143.10,389
22284,HEN HOUSE DECORATION,2465,26,3974.84,4017.74,42.90,304
22285,"DECORATION HEN ON NEST, HANGING",1877,12,2809.39,2829.19,19.80,148
22285,HANGING HEN ON NEST DECORATION,828,0,1418.82,1418.82,0.00,114
22286,"DECORATION , WOBBLY RABBIT , METAL ",1107,0,1696.29,1696.29,0.00,128
22286,DECORATION WOBBLY RABBIT METAL ,830,0,504.46,504.46,0.00,67
22287,DECORATION WOBBLY CHICKEN,560,12,314.46,319.14,4.68,46
22287,"DECORATION , WOBBLY CHICKEN, METAL ",780,0,1116.61,1116.61,0.00,76
22288,"DECORATION , HANGING METAL RABBIT",834,0,904.02,904.02,0.00,60
22288,HANGING METAL RABBIT DECORATION,476,0,621.97,621.97,0.00,59
22289,"DECORATION , HANGING METAL CHICKEN",616,0,623.96,623.96,0.00,42
22289,HANGING METAL CHICKEN DECORATION,148,0,193.52,193.52,0.00,34
22290,STANDING METAL RABBIT WITH EGG,670,1,1220.92,1223.02,2.10,79
22291,HANGING CHICK CREAM DECORATION,1293,24,1878.55,1913.35,34.80,123
22291,"SPRING DEC , HANGING CHICK CREAM",1900,24,2464.78,2499.58,34.80,143
22292,HANGING CHICK  YELLOW DECORATION,1139,0,1608.86,1608.86,0.00,113
22292,"SPRING DEC , HANGING CHICK  YELLOW",1640,24,2130.08,2164.88,34.80,110
22293,HANGING CHICK GREEN DECORATION,906,0,1343.28,1343.28,0.00,125
22293,"SPRING DEC , HANGING CHICK  GREEN",1128,24,1482.12,1516.92,34.80,101
22294,HEART FILIGREE DOVE  SMALL,16671,107,20495.63,20629.38,133.75,868
22295,HEART FILIGREE DOVE LARGE,8411,48,13794.34,13873.54,79.20,710
22296,HEART IVORY TRELLIS LARGE,9719,8,16014.36,16027.56,13.20,836
22297,HEART IVORY TRELLIS SMALL,13715,275,17358.87,17702.62,343.75,975
22299,PIG KEYRING WITH LIGHT & SOUND ,3912,57,4359.57,4430.82,71.25,207
22300,COFFEE MUG DOG + BALL DESIGN,4116,63,9730.75,9891.40,160.65,546
22301,COFFEE MUG CAT + BIRD DESIGN,5009,76,11932.78,12124.78,192.00,669
22302,COFFEE MUG PEARS  DESIGN,4926,37,10398.10,10492.45,94.35,406
22303,COFFEE MUG APPLES DESIGN,5439,139,12365.18,12701.63,336.45,567
22304,COFFEE MUG BLUE PAISLEY DESIGN,2380,18,4645.01,4689.56,44.55,172
22305,COFFEE MUG PINK PAISLEY DESIGN,2267,11,4683.48,4711.53,28.05,149
22306,SILVER MUG BONE CHINA TREE OF LIFE,1621,17,2287.50,2316.20,28.70,167
22307,GOLD MUG BONE CHINA TREE OF LIFE,1199,41,1754.31,1804.11,49.80,125
22308,TEA COSY BLUE STRIPE,677,26,2018.75,2085.05,66.30,216
22309,TEA COSY RED  STRIPE,1331,26,3392.78,3459.08,66.30,268
22310,IVORY KNITTED MUG COSY ,1142,0,2140.35,2140.35,0.00,165
22310,KNITTED MUG COSY IVORY COLOUR ,597,13,952.34,973.59,21.25,60
22311,OFFICE MUG WARMER BLACK+SILVER ,2116,10,6722.06,6755.56,33.50,304
22312,OFFICE MUG WARMER POLKADOT,1233,27,4172.40,4254.05,81.65,272
22313,OFFICE MUG WARMER PINK,985,252,2498.67,3146.07,647.40,139
22314,OFFICE MUG WARMER CHOC+BLUE,1110,4,3872.68,3888.48,15.80,251
22315,200 RED + WHITE BENDY STRAWS,2136,5,2743.26,2749.51,6.25,389
22316,200 BENDY SKULL STRAWS,1257,1,1431.57,1432.82,1.25,120
22317,FIVE CATS HANGING DECORATION,587,0,1827.64,1827.64,0.00,167
22318,FIVE HEART HANGING DECORATION,1583,20,4924.98,4983.98,59.00,396
22319,HAIRCLIPS FORTIES FABRIC ASSORTED,2987,77,1647.99,1698.04,50.05,182
22320,BIRDS MOBILE VINTAGE DESIGN,598,23,3408.17,3545.02,136.85,190
22321,BIRD DECORATION RED RETROSPOT,1261,1,1169.55,1170.40,0.85,165
22321,BIRD DECORATION RED SPOT,1267,0,1169.55,1169.55,0.00,141
22322,BIRD DECORATION GREEN POLKADOT,939,13,856.54,867.59,11.05,166
22322,BIRD DECORATION GREEN  SPOT,678,2,658.92,660.62,1.70,109
22323,BAG FOR CHILDREN VINTAGE PINK ,96,0,408.00,408.00,0.00,1
22323,PINK POLKADOT KIDS BAG,539,12,1251.91,1275.31,23.40,119
22324,BAG FOR CHILDREN VINTAGE BLUE ,96,0,408.00,408.00,0.00,1
22324,BLUE POLKADOT KIDS BAG,568,8,1373.46,1389.06,15.60,152
22325,MOBILE VINTAGE HEARTS ,699,48,2902.39,3139.99,237.60,240
22326,"ROUND SNACK BOXES ,SET4, WOODLAND ",66,0,194.70,194.70,0.00,3
22326,ROUND SNACK BOXES SET OF4 WOODLAND ,15380,57,43894.89,44063.04,168.15,1413
22327,ROUND SNACK BOXES SET OF 4 SKULLS,3065,22,9879.05,9943.55,64.50,656
22328,"ROUND SNACK BOXES ,SET 4, FRUITS ",84,0,247.80,247.80,0.00,5
22328,ROUND SNACK BOXES SET OF 4 FRUITS ,12875,699,34110.06,35922.51,1812.45,1178
22329,ROUND CONTAINER SET OF 5 RETROSPOT,5123,29,8323.20,8371.05,47.85,611
22329,ROUND FOOD CONTAINER S/5 RETROSPOT,36,0,59.40,59.40,0.00,3
22330,72 ROUND PINK DOILIES,128,12,180.50,197.90,17.40,23
22331,WOODLAND PARTY BAG + STICKER SET,3660,28,5965.37,6011.57,46.20,444
22332,SKULLS PARTY BAG + STICKER SET,4158,458,5851.25,6520.55,669.30,387
22333,RETRO SPORT PARTY BAG + STICKER SET,3444,474,4674.38,5370.08,695.70,260
22333,RETRO SPOT PARTY BAG + STICKER SET,938,1,1410.60,1412.25,1.65,35
22333,RETROSPOT PARTY BAG + STICKER SET,5648,851,7606.77,8857.32,1250.55,424
22334,DINOSAUR PARTY BAG + STICKER SET,2230,19,3521.01,3552.36,31.35,267
22335,HEART DECORATION PAINTED ZINC ,8666,495,5351.82,5644.77,292.95,521
22336,DOVE DECORATION PAINTED ZINC ,4661,23,2220.01,2234.96,14.95,215
22337,ANGEL DECORATION PAINTED ZINC ,2473,0,1522.52,1522.52,0.00,146
22338,STAR DECORATION PAINTED ZINC ,6087,95,2091.62,2151.99,60.37,269
22339,CHRISTMAS TREE PAINTED ZINC ,3521,130,1304.18,1385.46,81.28,151
22340,NOEL GARLAND PAINTED ZINC ,1799,13,1492.00,1511.05,19.05,186
22341,LOVE GARLAND PAINTED ZINC ,3467,1196,3840.69,5698.89,1858.20,249
22342,HOME GARLAND PAINTED ZINC ,1817,70,2424.95,2521.25,96.30,236
22343,PARTY PIZZA DISH RED RETROSPOT,2797,42,1505.77,1541.47,35.70,155
22343,PARTY PIZZA DISH RED WHITE SPOT ,488,0,434.07,434.07,0.00,34
22343,PARTY PIZZA DISH RED+WHITE SPOT ,12,0,10.20,10.20,0.00,1
22344,PARTY PIZZA DISH PINK POLKADOT,1296,0,526.64,526.64,0.00,88
22344,PARTY PIZZA DISH PINK RETROSPOT,185,0,181.55,181.55,0.00,24
22344,PARTY PIZZA DISH PINK WHITE SPOT ,75,0,78.73,78.73,0.00,19
22344,PARTY PIZZA DISH PINK+WHITE SPOT ,24,0,20.40,20.40,0.00,2
22345,PARTY PIZZA DISH BLUE POLKADOT,1183,18,442.28,457.58,15.30,82
22345,PARTY PIZZA DISH BLUE RETROSPOT,206,0,178.34,178.34,0.00,28
22345,PARTY PIZZA DISH BLUE WHITE SPOT ,53,0,54.28,54.28,0.00,17
22345,PARTY PIZZA DISH BLUE+WHITE SPOT ,24,0,20.40,20.40,0.00,2
22346,PARTY PIZZA DISH GREEN POLKADOT,1159,0,479.60,479.60,0.00,68
22346,PARTY PIZZA DISH GREEN RETROSPOT,89,0,80.51,80.51,0.00,19
22346,PARTY PIZZA DISH GREEN WHITE SPOT ,40,0,42.30,42.30,0.00,15
22346,PARTY PIZZA DISH GREEN+WHITE SPOT ,12,0,10.20,10.20,0.00,1
22347,PIZZA DISH SLICE ,36,0,45.00,45.00,0.00,2
22347,PIZZA SLICE DISH,2680,0,3074.18,3074.18,0.00,113
22348,TEA BAG PLATE RED RETROSPOT,5327,16,4635.33,4648.93,13.60,499
22348,TEA BAG PLATE RED SPOTTY ,7126,84,5862.79,5934.19,71.40,468
22349,"DOG BOWL , CHASING BALL DESIGN",754,12,2972.18,3014.30,42.12,141
22349,DOG BOWL CHASING BALL DESIGN,1817,24,7447.37,7537.37,90.00,236
22350,CAT BOWL ,946,1,2518.69,2521.24,2.55,122
22350,ILLUSTRATED CAT BOWL ,1894,1,5359.65,5362.20,2.55,211
22351,DOTCOMGIFTSHOP TEA TOWEL,15,0,29.81,29.81,0.00,3
22352,LUNCH BOX WITH CUTLERY RETROSPOT ,5678,31,14270.22,14348.82,78.60,899
22352,LUNCHBOX WITH CUTLERY RETROSPOT ,1412,34,3395.19,3481.89,86.70,236
22353,LUNCH BOX WITH CUTLERY FAIRY CAKES ,1588,5,4307.46,4320.21,12.75,299
22353,LUNCHBOX WITH CUTLERY FAIRY CAKES ,1451,15,3559.43,3597.68,38.25,200
22354,RETRO SPOT PADDED SEAT CUSHION,475,0,1718.93,1718.93,0.00,56
22354,RETROSPOT PADDED SEAT CUSHION,1753,19,6664.74,6735.63,70.89,228
22355,"CHARLOTTE BAG , SUKI DESIGN",4406,9,3788.94,3796.59,7.65,344
22355,CHARLOTTE BAG SUKI DESIGN,27550,176,41445.93,41580.97,135.04,1429
22356,CHARLOTTE BAG PINK POLKADOT,11219,268,12968.77,13172.00,203.23,925
22356,"CHARLOTTE BAG , PINK/WHITE SPOTS",4453,307,3518.56,3740.38,221.82,363
22356,CHARLOTTE BAG PINK WITH WHITE SPOTS,4343,7,3953.83,3959.52,5.69,323
22357,KINGS CHOICE BISCUIT TIN,2073,48,9154.41,9352.41,198.00,480
22358,KINGS CHOICE TEA CADDY ,2651,61,8223.26,8393.61,170.35,618
22359,GLASS JAR KINGS CHOICE,1236,39,3813.23,3928.28,115.05,208
22359,"GLASS JAR, KINGS CHOICE SOAP",42,0,123.90,123.90,0.00,8
22360,GLASS JAR ENGLISH CONFECTIONERY,2501,185,7011.05,7529.60,518.55,462
22360,"GLASS JAR, ENGLISH CONFECTIONERY",2,2,0.00,5.90,5.90,2
22361,GLASS JAR DAISY FRESH COTTON WOOL,1845,81,5803.41,6036.26,232.85,525
22362,GLASS JAR PEACOCK BATH SALTS,747,49,2265.98,2410.53,144.55,266
22363,GLASS JAR MARMALADE ,781,152,1902.99,2303.39,400.40,182
22364,GLASS JAR DIGESTIVE BISCUITS,2054,110,6191.71,6498.61,306.90,369
22365,DOOR MAT RESPECTABLE HOUSE,379,1,2758.94,2765.69,6.75,124
22365,DOORMAT RESPECTABLE HOUSE,1950,2,12508.20,12524.10,15.90,321
22366,DOOR MAT AIRMAIL ,455,0,3366.71,3366.71,0.00,139
22366,DOORMAT AIRMAIL ,2085,29,13665.62,13875.59,209.97,433
22367,CHILDRENS APRON SPACEBOY DESIGN,5734,51,11266.35,11365.80,99.45,859
22367,CHILDS APRON SPACEBOY DESIGN,2325,0,4412.87,4412.87,0.00,310
22371,AIRLINE BAG VINTAGE TOKYO 78,1828,18,8859.92,8936.80,76.88,697
22372,AIRLINE BAG VINTAGE WORLD CHAMPION ,604,7,3039.48,3073.43,33.95,290
22374,AIRLINE BAG VINTAGE JET SET RED,1023,5,5076.49,5099.84,23.35,434
22375,AIRLINE BAG VINTAGE JET SET BROWN,590,2,2958.69,2969.29,10.60,286
22376,AIRLINE BAG VINTAGE JET SET WHITE,529,0,2632.18,2632.18,0.00,246
22377,BOTTLE BAG RETROSPOT ,3618,60,6803.31,6920.11,116.80,440
22378,WALL TIDY RETROSPOT ,3749,15,6795.01,6826.51,31.50,552
22379,RECYCLING BAG RETROSPOT ,15765,67,34511.89,34640.84,128.95,1578
22380,TOY TIDY SPACEBOY  ,4964,45,10123.16,10217.66,94.50,696
22381,TOY TIDY PINK POLKADOT,4712,27,10033.56,10090.01,56.45,596
22381,TOY TIDY PINK RETROSPOT  ,4553,3,9523.23,9529.53,6.30,514
22382,LUNCH BAG SPACEBOY DESIGN ,19604,253,32662.12,33049.37,387.25,2128
22382,LUNCHBAG SPACEBOY DESIGN ,644,0,1022.60,1022.60,0.00,45
22383,LUNCH BAG SUKI  DESIGN ,14347,44,23824.89,23893.29,68.40,1293
22383,LUNCH BAG SUKI DESIGN ,10301,144,18482.03,18699.43,217.40,1102
22383,LUNCHBAG SUKI  DESIGN ,410,0,661.63,661.63,0.00,35
22384,LUNCH BAG PINK POLKADOT,11751,157,19256.21,19500.66,244.45,1303
22384,LUNCH BAG PINK POLKADOTS,10,0,16.50,16.50,0.00,1
22384,LUNCH BAG PINK RETROSPOT,8914,128,14201.32,14391.72,190.40,824
22384,LUNCHBAG PINK RETROSPOT,108,0,179.91,179.91,0.00,14
22385,JUMBO BAG SPACEBOY DESIGN,17057,426,31708.06,32433.50,725.44,1260
22386,JUMBO BAG PINK POLKADOT,25235,461,49255.93,50081.96,826.03,1460
22386,JUMBO BAG PINK WITH WHITE SPOTS,14202,21,26201.71,26242.66,40.95,810
22389,PAPERWEIGHT SAVE THE PLANET,647,100,1035.52,1245.52,210.00,93
22390,PAPERWEIGHT CHILDHOOD MEMORIES,813,0,1448.52,1448.52,0.00,83
22391,PAPERWEIGHT HOME SWEET HOME,323,0,635.19,635.19,0.00,66
22393,PAPERWEIGHT VINTAGE COLLAGE,834,52,1348.37,1459.37,111.00,123
22394,PAPERWEIGHT KINGS CHOICE ,346,6,528.99,544.29,15.30,56
22395,PAPERWEIGHT VINTAGE PAISLEY,234,0,413.76,413.76,0.00,53
22396,MAGNETS PACK OF 4 RETRO PHOTO,1895,12,1412.08,1427.08,15.00,186
22398,MAGNETS PACK OF 4 SWALLOWS,4239,96,3567.48,3687.48,120.00,435
22399,MAGNETS PACK OF 4 CHILDHOOD MEMORY,4040,24,4704.60,4734.60,30.00,280
22400,MAGNETS PACK OF 4 HOME SWEET HOME,2450,25,2019.17,2049.56,30.39,236
22402,MAGNETS PACK OF 4 VINTAGE COLLAGE,3431,14,2995.28,3012.78,17.50,253
22403,MAGNETS PACK OF 4 VINTAGE LABELS ,1715,12,1180.89,1195.89,15.00,214
22405,MONEY BOX POCKET MONEY DESIGN,1618,13,1947.32,1963.38,16.06,217
22405,TIN CAN POCKET MONEY DESIGN,24,0,30.00,30.00,0.00,2
22406,MONEY BOX KINGS CHOICE DESIGN,2451,50,3048.69,3104.35,55.66,218
22406,TIN CAN KINGS CHOICE DESIGN,36,0,45.00,45.00,0.00,3
22407,MONEY BOX FIRST ADE DESIGN,394,36,446.18,484.34,38.16,65
22407,MONEY BOX FIRST AID DESIGN,44,0,36.78,36.78,0.00,11
22408,MONEY BOX CONFECTIONERY DESIGN,638,37,744.26,783.67,39.41,96
22408,TIN CAN CONFECTIONERY DESIGN,12,0,15.00,15.00,0.00,1
22409,MONEY BOX BISCUITS DESIGN,1638,14,2212.96,2230.46,17.50,166
22409,TIN CAN BISCUITS DESIGN,48,0,60.00,60.00,0.00,4
22410,MONEY BOX HOUSEKEEPING DESIGN,1339,12,1622.46,1637.46,15.00,197
22410,TIN CAN HOUSEKEEPING DESIGN,24,0,30.00,30.00,0.00,2
22411,JUMBO SHOPPER VINTAGE RED PAISLEY,27281,441,56527.19,57318.71,791.52,2214
22412,METAL SIGN NEIGHBOURHOOD WITCH ,2401,2,5136.62,5140.82,4.20,403
22413,METAL SIGN TAKE IT OR LEAVE IT ,6976,129,19387.69,19728.24,340.55,887
22414,DOOR MAT NEIGHBOURHOOD WITCH ,95,0,783.87,783.87,0.00,51
22414,DOORMAT NEIGHBOURHOOD WITCH ,1092,2,6403.50,6419.70,16.20,171
22415,WHITE TISSUE REAM,317,0,2520.15,2520.15,0.00,204
22416,36 DOILIES SPACEBOY DESIGN ,709,0,1005.37,1005.37,0.00,56
22416,SET OF 36 DOILIES SPACEBOY DESIGN ,1210,0,1682.57,1682.57,0.00,112
22416,SET OF 36 SPACEBOY PAPER DOILIES,51,6,66.72,75.42,8.70,9
22417,PACK OF 60 SPACEBOY CAKE CASES,21451,114,11097.20,11159.90,62.70,1108
22418,10 COLOUR SPACEBOY PEN,12290,208,10220.53,10397.33,176.80,595
22418,"PEN, 10 COLOURS - SPACEBOY",24,0,20.40,20.40,0.00,1
22419,LIPSTICK PEN RED,6847,10,3238.45,3242.59,4.14,513
22420,LIPSTICK PEN BABY PINK,2111,1,1014.33,1014.75,0.42,235
22421,LIPSTICK PEN FUSCHIA,4721,45,2333.26,2351.86,18.60,411
22422,TOOTHPASTE TUBE PEN,2743,24,1745.34,1760.94,15.60,355
22423,REGENCY CAKESTAND 3 TIER,26478,1450,314045.02,330590.32,16545.30,4259
22424,ENAMEL BREAD BIN CREAM,1529,47,20316.44,20886.89,570.45,765
22425,ENAMEL COLANDER CREAM,732,25,3641.85,3754.40,112.55,283
22425,ENAMEL COLLANDER CREAM,122,0,567.12,567.12,0.00,23
22426,ENAMEL WASH BOWL CREAM,1333,38,5003.60,5133.30,129.70,380
22427,ENAMEL FLOWER JUG CREAM,3210,50,18981.78,19273.28,291.50,818
22428,ENAMEL FIRE BUCKET CREAM,459,15,3275.42,3379.67,104.25,198
22429,ENAMEL MEASURING JUG CREAM,2280,42,9665.54,9844.04,178.50,646
22430,ENAMEL WATERING CAN CREAM,1397,37,6589.43,6761.38,171.95,365
22431,WATERING CAN BLUE ELEPHANT,3365,18,6736.42,6771.52,35.10,625
22432,WATERING CAN GREEN DINOSAUR,48,0,93.60,93.60,0.00,6
22432,WATERING CAN PINK BUNNY,3484,18,6601.72,6636.82,35.10,515
22433,WATERING CAN GREEN DINOSAUR,2724,15,5051.73,5080.98,29.25,421
22433,WATERING CAN PINK BUNNY,54,0,105.30,105.30,0.00,5
22434,BALLOON PUMP WITH 10 BALLOONS,2547,18,4698.39,4733.49,35.10,283
22435,SET OF 9 HEART SHAPED BALLOONS,4915,139,6030.47,6185.22,154.75,541
22436,12 COLOURED PARTY BALLOONS,4215,27,2669.50,2687.05,17.55,292
22437,SET OF 9 BLACK SKULL BALLOONS,6514,16,5444.37,5457.97,13.60,445
22438,BALLOON ART MAKE YOUR OWN FLOWERS,1459,0,1913.22,1913.22,0.00,170
22439,6 ROCKET BALLOONS ,3891,75,2550.26,2599.01,48.75,368
22440,BALLOON WATER BOMB PACK OF 35,8523,44,3380.93,3399.41,18.48,296
22441,GROW YOUR OWN BASIL IN ENAMEL MUG,2644,10,5708.57,5729.57,21.00,477
22442,GROW YOUR OWN FLOWERS SET OF 3,866,18,4623.42,4765.32,141.90,185
22443,GROW YOUR OWN HERBS SET OF 3,683,5,5353.68,5393.43,39.75,268
22444,GROW YOUR OWN PLANT IN A CAN ,10132,114,13714.10,13856.60,142.50,462
22445,PENCIL CASE GINGHAM FOREST,36,0,106.20,106.20,0.00,4
22445,PENCIL CASE LIFE IS BEAUTIFUL,1251,0,3842.66,3842.66,0.00,271
22446,PIN CUSHION BABUSHKA PINK,497,6,1309.38,1329.48,20.10,154
22446,PIN CUSHION RUSSIAN DOLL PINK,121,0,422.45,422.45,0.00,33
22447,PIN CUSHION BABUSHKA BLUE,180,6,538.18,558.28,20.10,60
22447,PIN CUSHION RUSSIAN DOLL BLUE,68,0,238.06,238.06,0.00,23
22448,PIN CUSHION BABUSHKA RED,358,6,1175.96,1196.06,20.10,86
22448,PIN CUSHION RUSSIAN DOLL RED,395,0,1230.67,1230.67,0.00,36
22449,SILK PURSE BABUSHKA PINK,863,12,2803.63,2843.83,40.20,220
22449,SILK PURSE RUSSIAN DOLL PINK,460,0,1530.62,1530.62,0.00,90
22450,SILK PURSE BABUSHKA BLUE,459,8,1525.55,1552.35,26.80,114
22450,SILK PURSE RUSSIAN DOLL BLUE,375,3,1235.88,1245.93,10.05,70
22451,SILK PURSE BABUSHKA RED,734,8,2494.92,2521.72,26.80,152
22451,SILK PURSE RUSSIAN DOLL RED,605,0,1975.27,1975.27,0.00,88
22452,MEASURING TAPE BABUSHKA PINK,1089,7,2785.75,2806.40,20.65,209
22452,MEASURING TAPE RUSSIAN DOLL PINK,182,6,534.00,551.70,17.70,49
22453,MEASURING TAPE BABUSHKA BLUE,698,7,1885.46,1906.11,20.65,118
22453,MEASURING TAPE RUSSIAN DOLL BLUE,103,1,303.86,306.81,2.95,29
22454,MEASURING TAPE BABUSHKA RED,751,14,2095.91,2137.21,41.30,117
22454,MEASURING TAPE RUSSIAN DOLL RED,654,0,1796.42,1796.42,0.00,64
22456,NATURAL SLATE CHALKBOARD LARGE ,4416,104,21081.70,21583.20,501.50,887
22457,NATURAL SLATE HEART CHALKBOARD ,15373,109,46972.28,47288.23,315.95,2077
22458,CAST IRON HOOK GARDEN FORK,1523,0,3790.47,3790.47,0.00,173
22459,CAST IRON HOOK GARDEN TROWEL,1378,0,3389.74,3389.74,0.00,172
22460,EMBOSSED GLASS TEALIGHT HOLDER,4771,26,6251.75,6283.87,32.12,385
22461,SAVOY ART DECO CLOCK,410,62,2982.11,3607.81,625.70,177
22464,HANGING METAL HEART LANTERN,7847,250,12606.41,12985.31,378.90,810
22465,HANGING METAL STAR LANTERN,4517,145,7066.59,7284.24,217.65,478
22466,FAIRY TALE COTTAGE NIGHT LIGHT,976,17,1951.29,1979.34,28.05,116
22466,FAIRY TALE COTTAGE NIGHTLIGHT,4336,22,7834.94,7877.84,42.90,284
22467,GUMBALL COAT RACK,11868,294,27393.93,28059.48,665.55,1160
22468,BABUSHKA LIGHTS STRING OF 10,1736,58,11190.30,11542.60,352.30,419
22469,HEART OF WICKER SMALL,27908,281,48510.46,48935.11,424.65,2170
22470,HEART OF WICKER LARGE,17773,396,52477.43,53506.13,1028.70,1974
22471,TV DINNER TRAY AIR HOSTESS ,627,3,2556.91,2568.76,11.85,178
22472,"TRAY FOR TV DINNER , DOLLY GIRL",6,0,29.70,29.70,0.00,1
22472,TV DINNER TRAY DOLLY GIRL,1093,5,5105.87,5130.62,24.75,252
22473,TV DINNER TRAY VINTAGE PAISLEY,811,0,3070.92,3070.92,0.00,209
22474,SPACEBOY TV DINNER TRAY,966,32,4580.83,4716.83,136.00,254
22474,"TRAY FOR TV DINNER ,SPACEBOY",6,0,29.70,29.70,0.00,1
22475,SKULL DESIGN TV DINNER TRAY,769,6,3827.10,3856.80,29.70,257
22476,EMPIRE UNION JACK TV DINNER TRAY,1332,10,5169.11,5218.61,49.50,271
22477,WATERING CAN GARDEN MARKER,2414,1,3355.49,3356.74,1.25,277
22478,BIRDHOUSE GARDEN MARKER ,2772,2,3845.91,3848.41,2.50,319
22479,DAISY GARDEN MARKER,1939,0,2691.19,2691.19,0.00,214
22480,RED TEA TOWEL CLASSIC DESIGN,2368,0,2863.06,2863.06,0.00,263
22481,BLACK TEA TOWEL CLASSIC DESIGN,1272,0,1309.81,1309.81,0.00,219
22482,BLUE TEA TOWEL CLASSIC DESIGN,2319,0,2739.43,2739.43,0.00,214
22483,RED GINGHAM TEDDY BEAR ,1877,17,5390.36,5440.51,50.15,354
22485,SET OF 2 WOODEN MARKET CRATES,1101,13,14512.09,14677.84,165.75,427
22486,PLASMATRONIC LAMP,104,14,677.90,856.40,178.50,47
22487,WHITE WOOD GARDEN PLANT LADDER,1632,70,15738.10,16373.70,635.60,935
22488,NATURAL SLATE RECTANGLE CHALKBOARD,6905,49,11707.21,11788.06,80.85,825
22489,PACK OF 12 TRADITIONAL CRAYONS,17916,348,7419.79,7548.67,128.88,793
22491,PACK OF 12 COLOURED PENCILS,7423,180,5815.72,5950.00,134.28,393
22492,MINI PAINT SET VINTAGE ,42286,281,26873.54,27056.19,182.65,728
22492,MINI PAINT SET VINTAGE  BOY+ GIRL,1260,0,761.40,761.40,0.00,18
22493, PAINT YOUR OWN CANVAS SET,492,0,744.60,744.60,0.00,18
22493,PAINT YOUR OWN CANVAS SET,4246,274,6465.42,6863.52,398.10,405
22494,EMERGENCY FIRST AID TIN ,2765,51,3667.17,3730.92,63.75,481
22495,SET OF 2 ROUND TINS CAMEMBERT ,940,6,2664.62,2682.32,17.70,238
22496,SET OF 2 ROUND TINS DUTCH CHEESE,731,6,1978.39,1996.09,17.70,196
22497,SET OF 2 TINS VINTAGE BATHROOM ,929,5,4217.82,4239.07,21.25,281
22498,WOODEN REGATTA BUNTING,1135,0,6933.74,6933.74,0.00,381
22499,WOODEN UNION JACK BUNTING,3584,7,21784.87,21826.52,41.65,777
22500,SET OF 2 TINS JARDIN DE PROVENCE,580,4,2627.51,2647.31,19.80,199
22501,PICNIC BASKET WICKER LARGE,2612,131,29180.91,30339.36,1158.45,795
22502,PICNIC BASKET WICKER 60 PIECES,61,0,39619.50,39619.50,0.00,2
22502,PICNIC BASKET WICKER SMALL,3705,86,20824.38,21260.80,436.42,938
22503,CABIN BAG VINTAGE PAISLEY,141,22,2631.32,3178.02,546.70,60
22504,CABIN BAG VINTAGE RETROSPOT,366,12,7662.78,7985.03,322.25,123
22505,MEMO BOARD COTTAGE DESIGN,3773,19,17940.58,18034.63,94.05,756
22507,MEMO BOARD RETROSPOT  DESIGN,5455,24,25485.36,25603.46,118.10,913
22508,DOORSTOP RETROSPOT HEART,2880,26,11464.45,11561.95,97.50,705
22509,SEWING BOX RETROSPOT DESIGN ,387,19,4842.31,5130.36,288.05,192
22510,DOORSTOP RUSSIAN DOLL GINGHAM,44,0,188.22,188.22,0.00,28
22510,GINGHAM BABUSHKA DOORSTOP,272,0,633.35,633.35,0.00,62
22511,DOORSTOP RUSSIAN DOLL RETROSPOT,101,0,371.10,371.10,0.00,35
22511,RETROSPOT BABUSHKA DOORSTOP,296,1,671.81,675.56,3.75,77
22512,DOORSTOP RACING CAR DESIGN,384,0,956.17,956.17,0.00,71
22513,DOORSTOP FOOTBALL DESIGN,585,0,1894.70,1894.70,0.00,170
22514,CHILDS GARDEN SPADE BLUE,1082,2,2198.72,2202.92,4.20,235
22515,CHILDS GARDEN SPADE PINK,1046,4,2121.34,2129.74,8.40,211
22516,CHILDS GARDEN RAKE BLUE,839,3,1694.30,1700.60,6.30,163
22517,CHILDS GARDEN RAKE PINK,806,0,1589.41,1589.41,0.00,152
22518,CHILDS GARDEN BRUSH BLUE,1398,0,2899.80,2899.80,0.00,266
22519,CHILDS GARDEN BRUSH PINK,1425,14,2939.37,2968.77,29.40,261
22520,CHILDS GARDEN TROWEL BLUE ,2294,2,2009.58,2011.28,1.70,371
22521,CHILDS GARDEN TROWEL PINK,2288,2,1986.23,1987.93,1.70,371
22522,CHILDS GARDEN FORK BLUE ,2239,15,1893.06,1905.81,12.75,336
22523,CHILDS GARDEN FORK PINK,2183,15,1869.54,1882.29,12.75,355
22524,CHILDRENS GARDEN GLOVES BLUE,1925,14,2695.73,2713.23,17.50,295
22525,CHILDRENS GARDEN GLOVES PINK,1946,15,2730.04,2748.79,18.75,331
22526,WHEELBARROW FOR CHILDREN ,544,12,6536.67,6689.67,153.00,215
22528,GARDENERS KNEELING PAD,5824,45,7567.16,7623.41,56.25,559
22529,MAGIC DRAWING SLATE GO TO THE FAIR ,2341,0,943.71,943.71,0.00,153
22529,MAGIC SLATE GO TO THE FAIR ,96,0,40.32,40.32,0.00,2
22530,MAGIC DRAWING SLATE DOLLY GIRL ,9873,48,4156.29,4176.45,20.16,466
22530,MAGIC SLATE DOLLY GIRL ,192,0,80.64,80.64,0.00,4
22531,MAGIC DRAWING SLATE CIRCUS PARADE  ,7944,0,3427.12,3427.12,0.00,402
22531,MAGIC SLATE CIRCUS PARADE  ,192,0,80.64,80.64,0.00,4
22532,MAGIC DRAWING SLATE LEAP FROG ,2766,0,1060.78,1060.78,0.00,173
22532,MAGIC SLATE LEAP FROG ,96,0,40.32,40.32,0.00,2
22533,MAGIC DRAWING SLATE BAKE A CAKE ,4471,72,1732.96,1763.20,30.24,232
22533,MAGIC SLATE BAKE A CAKE ,48,0,20.16,20.16,0.00,1
22534,MAGIC DRAWING SLATE SPACEBOY ,12603,139,5335.45,5393.83,58.38,582
22534,MAGIC SLATE SPACEBOY ,288,0,120.96,120.96,0.00,6
22535,MAGIC DRAWING SLATE BUNNIES ,4166,120,1691.13,1741.53,50.40,295
22535,MAGIC SLATE BUNNIES AT HOME ,288,0,120.96,120.96,0.00,6
22536,MAGIC DRAWING SLATE FIDO,360,0,151.20,151.20,0.00,8
22536,MAGIC DRAWING SLATE PURDEY,8443,131,3266.26,3314.08,47.82,353
22536,MAGIC SLATE FIDO,288,0,120.96,120.96,0.00,6
22537,MAGIC DRAWING SLATE DINOSAUR,5717,48,2340.27,2360.43,20.16,348
22537,MAGIC SLATE DINOSAUR,144,0,60.48,60.48,0.00,3
22538,MINI JIGSAW GO TO THE FAIR,1443,0,610.43,610.43,0.00,86
22539,MINI JIGSAW DOLLY GIRL,5654,1,2267.71,2268.13,0.42,248
22540,MINI JIGSAW CIRCUS PARADE ,6162,3,2409.03,2410.29,1.26,191
22541,MINI JIGSAW LEAP FROG,1245,0,503.92,503.92,0.00,66
22543,MINI JIGSAW BAKE A CAKE ,3247,0,1281.49,1281.49,0.00,118
22544,MINI JIGSAW SPACEBOY,9382,91,3718.30,3756.52,38.22,343
22545,MINI JIGSAW BUNNIES,3019,49,1219.04,1239.62,20.58,177
22545,MINI JIGSAW BUNNIES AT HOME,432,0,181.44,181.44,0.00,9
22546,MINI JIGSAW FIDO,672,0,282.24,282.24,0.00,10
22546,MINI JIGSAW PURDEY,3703,1,1478.14,1478.56,0.42,172
22547,MINI JIGSAW DINOSAUR ,1980,2,845.98,846.82,0.84,190
22548,HEADS AND TAILS SPORTING FUN,3526,0,4404.31,4404.31,0.00,428
22549,PICTURE DOMINOES,6521,1,9716.96,9718.41,1.45,712
22550,HOLIDAY FUN LUDO,2058,88,7339.64,7669.64,330.00,433
22551,PLASTERS IN TIN SPACEBOY,15441,287,25477.72,25912.87,435.15,1317
22553,PLASTERS IN TIN SKULLS,7794,96,12854.75,13013.15,158.40,1100
22554,PLASTERS IN TIN WOODLAND ANIMALS,13588,159,22610.57,22853.72,243.15,1284
22555,PLASTERS IN TIN MR STRONG ,228,0,357.00,357.00,0.00,11
22555,PLASTERS IN TIN STRONGMAN,11321,40,18257.32,18323.32,66.00,964
22556,PLASTERS IN TIN CIRCUS PARADE ,13585,107,22157.53,22334.08,176.55,1215
22557,PLASTERS IN TIN VINTAGE PAISLEY ,10369,68,17289.10,17401.30,112.20,1135
22558,CLOTHES PEGS RETROSPOT PACK 24 ,13809,91,19382.46,19513.17,130.71,1217
22559,SEASIDE FLYING DISC,1275,4,1611.33,1616.33,5.00,177
22559,SEASIDE FRISBEE ,308,0,370.54,370.54,0.00,26
22560,TRADITIONAL MODELLING CLAY,14836,175,17670.51,17861.71,191.20,746
22561,WOODEN SCHOOL COLOURING SET,11642,410,18912.57,19524.27,611.70,915
22562,MONSTERS STENCIL CRAFT,3978,0,4682.30,4682.30,0.00,393
22563,HAPPY STENCIL CRAFT,5942,3,6920.10,6923.85,3.75,535
22564,ALPHABET STENCIL CRAFT,4570,679,4500.33,5221.40,721.07,348
22565,FELTCRAFT HAIRBANDS PINK AND WHITE ,2014,1,1840.14,1840.99,0.85,273
22565,FELTCRAFT HAIRBANDS PINK + WHITE ,72,0,61.20,61.20,0.00,6
22566,FELTCRAFT HAIRBAND PINK AND PURPLE,2740,0,2292.22,2292.22,0.00,289
22566,"FELTCRAFT HAIRBAND S/2, PINK/PURPLE",96,0,81.60,81.60,0.00,8
22567,20 DOLLY PEGS RETROSPOT,5561,49,6894.38,6955.83,61.45,516
22568,FELTCRAFT CUSHION OWL,5479,212,19519.81,20244.97,725.16,884
22569,FELTCRAFT CUSHION BUTTERFLY,5521,345,18933.80,20104.43,1170.63,789
22570,FELTCRAFT CUSHION RABBIT,5631,431,19436.77,20901.10,1464.33,813
22571,ROCKING HORSE RED CHRISTMAS ,5780,109,5055.07,5135.24,80.17,514
22572,ROCKING HORSE GREEN CHRISTMAS ,3439,3,3084.63,3087.18,2.55,363
22573,STAR WOODEN CHRISTMAS DECORATION,4907,0,4403.83,4403.83,0.00,405
22574,HEART WOODEN CHRISTMAS DECORATION,5074,288,4409.33,4629.17,219.84,417
22575,METAL MERRY CHRISTMAS WREATH,3113,94,6539.21,6699.71,160.50,337
22576,SWALLOW WOODEN CHRISTMAS DECORATION,3132,6,2829.98,2835.08,5.10,331
22577,WOODEN HEART CHRISTMAS SCANDINAVIAN,13987,101,7040.88,7123.93,83.05,833
22577,WOODEN HEART CHRISTMAS SCANDISPOT,36,0,30.60,30.60,0.00,1
22578,WOODEN STAR CHRISTMAS SCANDINAVIAN,13230,133,6245.55,6358.04,112.49,769
22578,WOODEN STAR CHRISTMAS SCANDISPOT,72,0,61.20,61.20,0.00,2
22579,WOODEN TREE CHRISTMAS SCANDINAVIAN,7056,96,3634.08,3715.68,81.60,551
22579,WOODEN TREE CHRISTMAS SCANDISPOT,96,0,81.60,81.60,0.00,3
22580,ADVENT CALENDAR GINGHAM SACK,2322,64,12809.28,13141.08,331.80,502
22581,WOOD STOCKING CHRISTMAS SCANDISPOT,3565,2,2850.93,2852.63,1.70,381
22582,PACK OF 6 SWEETIE GIFT BOXES,2522,78,6141.17,6324.77,183.60,299
22583,PACK OF 6 HANDBAG GIFT BOXES,1873,111,4682.90,4955.75,272.85,355
22584,PACK OF 6 PANETTONE GIFT BOXES,233,14,512.93,548.63,35.70,19
22584,PACK OF 6 PANNETONE GIFT BOXES,4989,183,12349.00,12739.15,390.15,575
22585,PACK OF 6 BIRDY GIFT TAGS,17557,394,21534.39,21977.30,442.91,1097
22586,FELTCRAFT HAIRBAND PINK AND BLUE,2087,48,1774.34,1815.14,40.80,297
22587,FELTCRAFT HAIRBAND RED AND BLUE,1908,0,1686.51,1686.51,0.00,302
22587,"FELTCRAFT HAIRBAND, S/2, RED/BLUE",204,0,154.68,154.68,0.00,6
22588,CARD HOLDER GINGHAM HEART,2747,195,7148.07,7559.94,411.87,484
22588,CARDHOLDER GINGHAM HEART,102,0,216.90,216.90,0.00,2
22589,CARDHOLDER GINGHAM STAR,1317,18,3580.88,3626.78,45.90,239
22591,CARDHOLDER GINGHAM CHRISTMAS TREE,1347,82,3639.45,3854.15,214.70,221
22592,CARDHOLDER HOLLY WREATH METAL,1980,2,7949.34,7956.84,7.50,306
22593,CHRISTMAS GINGHAM STAR,5420,144,4720.22,4823.90,103.68,416
22594,CHRISTMAS GINGHAM TREE,4791,1,4376.48,4377.33,0.85,413
22595,CHRISTMAS GINGHAM HEART,6396,144,5326.23,5429.91,103.68,384
22595,GINGHAM HEART DECORATION,6139,0,5114.41,5114.41,0.00,413
22596,CHRISTMAS STAR WISH LIST CHALKBOARD,6331,29,6437.08,6471.20,34.12,446
22597,CHRISTMAS MUSICAL ZINC HEART ,1850,0,1586.49,1586.49,0.00,115
22597,MUSICAL ZINC HEART DECORATION ,2763,34,1150.69,1179.59,28.90,178
22598,CHRISTMAS MUSICAL ZINC TREE,1790,6,1126.75,1131.85,5.10,145
22599,CHRISTMAS MUSICAL ZINC STAR,3119,24,1956.48,1976.88,20.40,190
22600,CHRISTMAS RETROSPOT STAR WOOD,4860,28,4186.10,4209.90,23.80,432
22601,CHRISTMAS RETROSPOT ANGEL WOOD,5250,4,4543.79,4547.19,3.40,420
22602,CHRISTMAS RETROSPOT HEART WOOD,4307,12,3519.11,3529.31,10.20,290
22602,RETROSPOT WOODEN HEART DECORATION,2076,40,1852.28,1886.28,34.00,248
22603,CHRISTMAS RETROSPOT TREE WOOD,4143,13,3541.04,3552.09,11.05,390
22604,SET OF 4 NAPKIN CHARM CUTLERY,18,0,45.90,45.90,0.00,3
22604,SET OF 4 NAPKIN CHARMS CUTLERY,1999,24,4850.52,4911.72,61.20,247
22605,WOODEN CROQUET GARDEN SET,1827,14,23256.52,23426.82,170.30,655
22606,WOODEN SKITTLES GARDEN SET,1069,34,14451.24,14881.94,430.70,391
22607,WOODEN ROUNDERS GARDEN SET ,2533,16,22772.99,22906.54,133.55,752
22608,PENS ASSORTED FUNKY JEWELED ,5735,43,1541.88,1573.81,31.93,172
22609,PENS ASSORTED SPACEBALL,7087,144,2315.90,2414.54,98.64,205
22610,PENS ASSORTED FUNNY FACE,12680,36,5076.94,5107.54,30.60,288
22611,VINTAGE UNION JACK SHOPPING BAG,907,4,4318.83,4338.63,19.80,197
22612,TEA COSY VINTAGE UNION JACK,1001,4,3969.99,3984.99,15.00,110
22613,PACK OF 20 SPACEBOY NAPKINS,3051,10,2411.26,2419.76,8.50,274
22614,PACK OF 12 SPACEBOY TISSUES,5726,133,1912.03,1954.30,42.27,374
22615,PACK OF 12 CIRCUS PARADE TISSUES ,3718,12,1141.20,1145.88,4.68,189
22616,PACK OF 12 LONDON TISSUES ,39147,72,12438.08,12460.16,22.08,828
22617,BAKING SET SPACEBOY DESIGN,4251,243,19399.44,20546.99,1147.55,1009
22618,COOKING SET RETROSPOT,718,131,5758.28,6984.35,1226.07,282
22619, SET Of 6 SOLDIER SKITTLES,16,0,60.00,60.00,0.00,3
22619,SET OF 6 SOLDIER SKITTLES,3992,10,15522.59,15560.09,37.50,708
22620,4 TRADITIONAL SPINNING TOPS,8181,16,11053.05,11073.45,20.40,845
22621,TRADITIONAL KNITTING NANCY,8726,85,13670.27,13784.32,114.05,882
22622,BOX OF VINTAGE ALPHABET BLOCKS,2945,61,28890.76,29450.11,559.35,577
22623,BOX OF VINTAGE JIGSAW BLOCKS ,2312,79,12077.23,12432.28,355.05,550
22624,IVORY KITCHEN SCALES,3152,26,27068.53,27282.73,214.20,1234
22625,RED KITCHEN SCALES,2627,37,22612.35,22911.55,299.20,971
22626,BLACK KITCHEN SCALES,837,13,7056.98,7167.48,110.50,346
22627,MINT KITCHEN SCALES,1600,16,13891.09,14016.80,125.71,667
22628,PICNIC BOXES SET OF 3 RETROSPOT ,1744,27,8234.15,8367.80,133.65,364
22629,SPACEBOY LUNCH BOX ,20807,71,37829.65,37955.50,125.85,1382
22630,DOLLY GIRL LUNCH BOX,18058,302,32849.83,33380.83,531.00,1353
22631,CIRCUS PARADE LUNCH BOX ,6271,35,12171.65,12239.90,68.25,669
22631,CIRCUS PARADE LUNCHBOX ,1,1,0.00,1.95,1.95,2
22632,HAND WARMER RED POLKA DOT,2592,0,4876.20,4876.20,0.00,46
22632,HAND WARMER RED RETROSPOT,7698,35,15592.63,15664.13,71.50,745
22633,HAND WARMER UNION JACK,8541,39,17494.77,17576.67,81.90,867
22634,CHILDS BREAKFAST SET SPACEBOY ,1688,94,15040.25,15946.55,906.30,552
22635,CHILDS BREAKFAST SET DOLLY GIRL ,1660,124,14681.56,15795.01,1113.45,510
22636,CHILDS BREAKFAST SET CIRCUS PARADE,1618,45,13061.33,13437.03,375.70,513
22637,PIGGY BANK RETROSPOT ,4478,69,11320.92,11492.82,171.90,628
22638,SET OF 4 NAPKIN CHARMS CROWNS ,405,1,732.68,735.23,2.55,75
22639,SET OF 4 NAPKIN CHARMS HEARTS,1651,6,4005.82,4021.12,15.30,276
22640,SET OF 4 NAPKIN CHARMS 3 KEYS ,357,0,765.39,765.39,0.00,87
22641,SET OF 4 NAPKIN CHARMS INSTRUMENT,288,0,674.30,674.30,0.00,67
22641,SET OF 4 NAPKIN CHARMS INSTUMENT   ,12,0,30.60,30.60,0.00,2
22642,SET OF 4 NAPKIN CHARMS STARS   ,989,0,2348.47,2348.47,0.00,141
22643,SET OF 4 NAPKIN CHARMS LEAVES   ,464,0,1006.24,1006.24,0.00,96
22644,CERAMIC CHERRY CAKE MONEY BANK,4857,107,6815.43,7069.88,254.45,629
22645,CERAMIC HEART CAKE MONEY BANK,120,0,159.60,159.60,0.00,5
22645,CERAMIC HEART FAIRY CAKE MONEY BANK,5440,87,9639.58,9765.53,125.95,752
22646,CERAMIC STRAWBERRY CAKE MONEY BANK,8913,109,12499.71,12654.71,155.00,912
22647,CERAMIC LOVE HEART MONEY BANK,1058,24,884.83,919.63,34.80,86
22649,STRAWBERRY CAKE TEAPOT,16,0,79.20,79.20,0.00,4
22649,STRAWBERRY FAIRY CAKE TEAPOT,2286,72,11109.68,11462.58,352.90,524
22650,CERAMIC PIRATE CHEST MONEY BANK,1786,37,2664.23,2717.88,53.65,289
22651,GENTLEMAN SHIRT REPAIR KIT ,3175,0,2720.86,2720.86,0.00,270
22652,TRAVEL SEWING KIT,9910,56,16701.65,16794.05,92.40,841
22653,BUTTON BOX ,3031,44,5532.41,5618.21,85.80,385
22654,DELUXE SEWING KIT ,2534,52,16664.87,16971.27,306.40,622
22655,VINTAGE RED KITCHEN CABINET,76,12,10524.50,12845.00,2320.50,63
22656,VINTAGE BLUE KITCHEN CABINET,45,13,6921.50,9290.00,2368.50,49
22657,HEN & 2 CHICKS IN BASKET,59,0,50.15,50.15,0.00,7
22659,LUNCH BOX I LOVE LONDON,15941,336,28988.86,29561.86,573.00,1095
22659,LUNCHBOX I LOVE LONDON,1,1,0.00,1.95,1.95,2
22660,DOORMAT I LOVE LONDON,881,6,5791.71,5839.41,47.70,195
22661,CHARLOTTE BAG DOLLY GIRL DESIGN,8199,16,6607.11,6620.45,13.34,637
22662,LUNCH BAG DOLLY GIRL DESIGN,9951,68,16101.41,16213.61,112.20,1004
22663,JUMBO BAG DOLLY GIRL DESIGN,5764,34,11398.99,11465.29,66.30,691
22664,TOY TIDY DOLLY GIRL DESIGN,1429,12,2928.99,2954.19,25.20,269
22665,RECIPE BOX BLUE SKETCHBOOK DESIGN,2955,45,9459.89,9589.84,129.95,721
22666,RECIPE BOX PANTRY YELLOW DESIGN,10706,237,33027.07,33682.62,655.55,1720
22667,RECIPE BOX RETROSPOT ,3886,113,10571.95,10891.70,319.75,703
22667,RECIPE BOX RETRO SPOT DESIGN,959,25,2620.90,2694.65,73.75,183
22668,PINK BABY BUNTING,3587,67,10720.40,10898.05,177.65,585
22669,RED BABY BUNTING ,2386,55,7471.69,7613.94,142.25,440
22670,FRENCH WC SIGN BLUE METAL,4432,1160,4170.01,5510.57,1340.56,430
22671,FRENCH LAUNDRY SIGN BLUE METAL,1688,4,2804.94,2811.34,6.40,249
22672,FRENCH BATHROOM SIGN BLUE METAL,2850,17,4708.06,4736.11,28.05,374
22673,FRENCH GARDEN SIGN BLUE METAL,1320,109,1549.49,1667.50,118.01,198
22674,FRENCH TOILET SIGN BLUE METAL,2377,14,2938.83,2956.33,17.50,300
22675,FRENCH KITCHEN SIGN BLUE METAL,2227,28,2719.95,2754.95,35.00,274
22676,FRENCH BLUE METAL DOOR SIGN 1,1253,11,1708.56,1722.31,13.75,228
22676,"FRENCH BLUE METAL DOOR SIGN, 1",577,0,742.67,742.67,0.00,79
22677,FRENCH BLUE METAL DOOR SIGN 2,1074,11,1472.87,1486.62,13.75,205
22677,"FRENCH BLUE METAL DOOR SIGN, 2",509,0,656.41,656.41,0.00,77
22678,FRENCH BLUE METAL DOOR SIGN 3,899,11,1216.63,1230.38,13.75,179
22678,"FRENCH BLUE METAL DOOR SIGN, 3",501,0,645.15,645.15,0.00,71
22679,FRENCH BLUE METAL DOOR SIGN 4,795,10,1086.84,1099.34,12.50,169
22679,"FRENCH BLUE METAL DOOR SIGN, 4",468,0,596.34,596.34,0.00,62
22680,FRENCH BLUE METAL DOOR SIGN 5,879,30,1172.84,1210.34,37.50,167
22680,"FRENCH BLUE METAL DOOR SIGN, 5",477,0,610.11,610.11,0.00,65
22681,FRENCH BLUE METAL DOOR SIGN 6,737,12,994.61,1009.42,14.81,136
22681,"FRENCH BLUE METAL DOOR SIGN, 6",430,0,550.10,550.10,0.00,56
22682,FRENCH BLUE METAL DOOR SIGN 7,723,11,948.06,961.81,13.75,126
22682,"FRENCH BLUE METAL DOOR SIGN, 7",443,0,560.05,560.05,0.00,58
22683,FRENCH BLUE METAL DOOR SIGN 8,673,12,900.30,915.30,15.00,129
22683,"FRENCH BLUE METAL DOOR SIGN, 8",458,0,586.36,586.36,0.00,63
22684,FRENCH BLUE METAL DOOR SIGN 9,562,13,753.61,769.86,16.25,111
22684,"FRENCH BLUE METAL DOOR SIGN, 9",450,0,572.58,572.58,0.00,54
22685,FRENCH BLUE METAL DOOR SIGN 0,621,10,805.83,818.33,12.50,107
22685,"FRENCH BLUE METAL DOOR SIGN, 0",461,0,577.51,577.51,0.00,54
22686,FRENCH BLUE METAL DOOR SIGN No,1050,24,1358.45,1388.45,30.00,175
22686,"FRENCH BLUE METAL DOOR SIGN, No",356,0,468.94,468.94,0.00,48
22687,DOORMAT CHRISTMAS VILLAGE,895,0,5784.67,5784.67,0.00,149
22688,DOORMAT PEACE ON EARTH BLUE,865,0,4756.70,4756.70,0.00,93
22689,DOORMAT MERRY CHRISTMAS RED ,1092,52,8012.72,8366.72,354.00,266
22690,DOORMAT HOME SWEET HOME BLUE ,2530,6,15788.05,15836.35,48.30,441
22691,DOORMAT WELCOME SUNRISE,758,143,4533.25,5198.60,665.35,221
22692,DOORMAT WELCOME TO OUR HOME,2135,143,15300.90,15965.95,665.05,609
22693,GROW A FLYTRAP OR SUNFLOWER IN TIN,17875,72,20379.08,20469.08,90.00,352
22694,WICKER STAR ,4893,180,10610.60,10958.60,348.00,866
22695,WICKER WREATH SMALL,1457,0,2070.15,2070.15,0.00,225
22696,WICKER WREATH LARGE,1415,0,2790.83,2790.83,0.00,288
22697,GREEN REGENCY TEACUP AND SAUCER,9621,184,29445.75,29952.55,506.80,1398
22697,TEACUP AND SAUCER REGENCY GREEN,174,0,472.50,472.50,0.00,13
22698,PINK REGENCY TEACUP AND SAUCER,8049,197,23443.87,23990.62,546.75,1071
22698,TEACUP AND SAUCER REGENCY PINK,144,0,384.00,384.00,0.00,9
22699,ROSES REGENCY TEACUP AND SAUCER ,12860,491,36387.55,37682.80,1295.25,1472
22699,TEACUP AND SAUCER REGENCY ROSES,210,0,566.70,566.70,0.00,14
22700,BLACK AND WHITE DOG BOWL,1384,22,3124.10,3155.40,31.30,102
22701,PINK DOG BOWL,675,16,1277.57,1320.57,43.00,163
22702,BLACK AND WHITE CAT BOWL,1589,2,3152.37,3156.32,3.95,96
22703,PINK CAT BOWL,513,0,921.81,921.81,0.00,165
22704,WRAP RED APPLES ,8678,50,3543.76,3564.76,21.00,297
22705,WRAP GREEN PEARS ,3733,25,1557.36,1567.86,10.50,152
22706,WRAP COWBOYS  ,4222,50,1672.24,1693.24,21.00,127
22707,WRAP MONSTER FUN ,2157,0,905.94,905.94,0.00,83
22708,WRAP DOLLY GIRL,5325,25,2130.00,2140.50,10.50,160
22709,WRAP WEDDING DAY,2799,25,1089.08,1099.58,10.50,78
22710,WRAP I LOVE LONDON ,7184,125,2768.78,2821.28,52.50,178
22711,WRAP CIRCUS PARADE,5377,50,2189.34,2210.34,21.00,183
22712,CARD DOLLY GIRL ,7295,37,2986.88,3002.42,15.54,512
22713,CARD I LOVE LONDON ,6084,20,2607.72,2616.12,8.40,370
22714,CARD BIRTHDAY COWBOY,5277,108,2116.87,2157.91,41.04,363
22715,CARD WEDDING DAY,2717,0,1133.93,1133.93,0.00,218
22716,CARD CIRCUS PARADE,5218,12,2206.37,2211.41,5.04,448
22717,CARD DOG AND BALL ,2405,12,1013.38,1018.42,5.04,216
22718,CARD CAT AND TREE ,2605,36,1126.24,1141.36,15.12,267
22719,"GUMBALL COATHOOK., BLACK & WHITE ",20,0,25.00,25.00,0.00,4
22719,GUMBALL MONOCHROME COAT RACK,1447,28,1932.39,1962.83,30.44,240
22720,SET OF 3 CAKE TINS PANTRY DESIGN ,7483,154,37378.79,38108.89,730.10,1458
22721,SET OF 3 CAKE TINS SKETCHBOOK,1020,0,4671.81,4671.81,0.00,297
22722,SET OF 6 SPICE TINS PANTRY DESIGN,5972,36,24318.26,24459.96,141.70,848
22723,SET OF 6 HERB TINS SKETCHBOOK,1164,2,4254.92,4262.82,7.90,297
22725,ALARM CLOCK BAKELIKE CHOCOLATE,2518,57,10111.17,10324.92,213.75,564
22726,ALARM CLOCK BAKELIKE GREEN,7671,65,32365.57,32609.32,243.75,1296
22727,ALARM CLOCK BAKELIKE RED ,9234,84,36228.77,36543.77,315.00,1395
22728,ALARM CLOCK BAKELIKE PINK,6215,53,24058.56,24257.31,198.75,986
22729,ALARM CLOCK BAKELIKE ORANGE,2999,35,11733.11,11864.00,130.89,630
22730,ALARM CLOCK BAKELIKE IVORY,3702,58,14649.77,14867.27,217.50,760
22731,3D CHRISTMAS STAMPS STICKERS ,2018,34,2786.12,2828.62,42.50,234
22731,3D STICKERS CHRISTMAS STAMPS,940,0,1137.00,1137.00,0.00,34
22732,3D STICKERS VINTAGE CHRISTMAS,1060,0,1268.00,1268.00,0.00,38
22732,3D VINTAGE CHRISTMAS STICKERS ,2713,0,3733.84,3733.84,0.00,299
22733,3D STICKERS TRADITIONAL CHRISTMAS ,980,0,1187.00,1187.00,0.00,36
22733,3D TRADITIONAL CHRISTMAS STICKERS,2461,20,3213.49,3238.49,25.00,303
22734,SET OF 6 RIBBONS VINTAGE CHRISTMAS,9772,30,26677.05,26763.75,86.70,760
22735,RIBBON REEL SOCKS AND MITTENS,1434,0,2541.38,2541.38,0.00,231
22736,RIBBON REEL MAKING SNOWMEN ,2467,23,4401.33,4439.28,37.95,406
22736,"RIBBON REEL, MAKING SNOWMEN ",60,0,99.00,99.00,0.00,5
22737,RIBBON REEL CHRISTMAS PRESENT ,3266,40,5774.43,5840.43,66.00,495
22738,RIBBON REEL SNOWY VILLAGE,4447,140,7805.57,8012.57,207.00,501
22739,RIBBON REEL CHRISTMAS SOCK BAUBLE,3321,130,6035.94,6226.44,190.50,557
22739,"RIBBON REEL, XMAS SOCK/BAUBLE",700,0,1131.00,1131.00,0.00,46
22740,POLKA DOT PEN,1248,0,1060.80,1060.80,0.00,24
22740,POLKADOT PEN,12049,0,10293.71,10293.71,0.00,275
22740,POLKADOT PENS,48,0,40.80,40.80,0.00,1
22741,FUNKY DIVA PEN,10652,51,9129.68,9173.03,43.35,295
22742,MAKE YOUR OWN PLAYTIME CARD KIT,1002,2,2469.40,2475.30,5.90,181
22743,MAKE YOUR OWN FLOWERPOWER CARD KIT,1502,6,4524.80,4542.50,17.70,352
22744,MAKE YOUR OWN MONSOON CARD KIT,1515,62,4081.47,4245.17,163.70,304
22745,POPPY'S PLAYHOUSE BEDROOM ,3976,13,9737.34,9764.64,27.30,706
22746,POPPY'S PLAYHOUSE LIVINGROOM ,2910,12,6674.05,6699.25,25.20,566
22747,POPPY'S PLAYHOUSE BATHROOM,2035,6,4474.60,4487.20,12.60,403
22748,POPPY'S PLAYHOUSE KITCHEN,4142,17,10125.70,10161.40,35.70,746
22749,FELTCRAFT PRINCESS CHARLOTTE DOLL,3759,1,15350.60,15354.35,3.75,686
22750,FELTCRAFT PRINCESS LOLA DOLL,3125,10,11660.10,11697.60,37.50,650
22751,FELTCRAFT PRINCESS OLIVIA DOLL,2264,6,8423.47,8445.97,22.50,468
22752,SET 7 BABUSHKA NESTING BOXES,3459,224,26378.25,28139.45,1761.20,717
22753,SMALL YELLOW BABUSHKA NOTEBOOK ,2332,12,1905.01,1915.21,10.20,405
22754,SMALL RED BABUSHKA NOTEBOOK ,3924,12,3034.66,3044.86,10.20,493
22755,SMALL PURPLE BABUSHKA NOTEBOOK ,3776,12,2987.43,2997.63,10.20,500
22756,LARGE YELLOW BABUSHKA NOTEBOOK ,1204,12,1378.45,1393.45,15.00,216
22757,LARGE RED BABUSHKA NOTEBOOK ,2696,1,3068.93,3070.18,1.25,309
22758,LARGE PURPLE BABUSHKA NOTEBOOK  ,2437,18,2595.85,2618.35,22.50,317
22759,SET OF 3 NOTEBOOKS IN PARCEL,9380,26,15823.66,15866.56,42.90,798
22760,"TRAY, BREAKFAST IN BED",356,10,4381.19,4506.89,125.70,129
22761,CHEST 7 DRAWER MA CAMPAGNE,48,3,1113.93,1182.78,68.85,36
22762,CUPBOARD 3 DRAWER MA CAMPAGNE,204,18,3031.72,3276.62,244.90,140
22763,KEY CABINET MA CAMPAGNE,662,7,5360.94,5430.59,69.65,139
22764,"RUSTIC WOODEN CABINET, GLASS DOORS",183,4,3368.69,3462.49,93.80,28
22765,NEWSPAPER STAND,311,1,3493.35,3508.30,14.95,54
22766,PHOTO FRAME CORNICE,4367,63,12678.40,12864.25,185.85,660
22767,TRIPLE PHOTO FRAME CORNICE ,1004,40,9080.23,9478.23,398.00,315
22768,FAMILY PHOTO FRAME CORNICE,1158,38,10689.52,11064.72,375.20,381
22769,CHALKBOARD KITCHEN ORGANISER,174,17,3256.71,3656.86,400.15,53
22770,MIRROR CORNICE,112,7,1694.97,1799.62,104.65,77
22771,CLEAR DRAWER KNOB ACRYLIC EDWARDIAN,7465,30,10079.58,10117.08,37.50,515
22771,DRAWER KNOB ACRYLIC EDWARDIAN CLEAR,24,0,30.00,30.00,0.00,1
22772,DRAWER KNOB ACRYLIC EDWARDIAN PINK,24,0,30.00,30.00,0.00,1
22772,PINK DRAWER KNOB ACRYLIC EDWARDIAN,4353,15,5866.17,5884.92,18.75,316
22773,DRAWER KNOB ACRYLIC EDWARDIAN GREEN,24,0,30.00,30.00,0.00,1
22773,GREEN DRAWER KNOB ACRYLIC EDWARDIAN,2368,12,3126.11,3141.11,15.00,227
22774,RED DRAWER KNOB ACRYLIC EDWARDIAN,2791,28,3556.25,3591.06,34.81,188
22775,DRAWERKNOB ACRYLIC EDWARDIAN PURPLE,24,0,30.00,30.00,0.00,1
22775,PURPLE DRAWERKNOB ACRYLIC EDWARDIAN,3609,70,5072.53,5160.03,87.50,287
22776,"CAKESTAND, 3 TIER, LOVEHEART",46,0,405.50,405.50,0.00,7
22776,SWEETHEART 3 TIER CAKE STAND ,284,24,3151.63,3371.58,219.95,169
22776,SWEETHEART CAKESTAND 3 TIER,1378,110,12742.98,13753.38,1010.40,566
22777,GLASS BELL JAR LARGE,2,0,17.00,17.00,0.00,1
22777,GLASS CLOCHE LARGE,453,6,3771.67,3821.82,50.15,104
22778,GLASS BELL JAR SMALL,4,0,15.80,15.80,0.00,1
22778,GLASS CLOCHE SMALL,968,71,3577.89,3828.66,250.77,213
22779,WOODEN OWLS LIGHT GARLAND ,1735,26,6520.85,6631.35,110.50,200
22780,LIGHT GARLAND BUTTERFILES PINK,1623,25,6061.34,6167.59,106.25,187
22781,GUMBALL MAGAZINE RACK,867,51,6693.83,7060.58,366.75,322
22782,SET 3 WICKER STORAGE BASKETS ,254,0,3712.30,3712.30,0.00,84
22783,SET 3 WICKER OVAL BASKETS W LIDS,482,0,6316.30,6316.30,0.00,45
22784,LANTERN CREAM GAZEBO ,1551,52,7478.14,7727.14,249.00,399
22785,CUSHION COVER PINK UNION FLAG,120,0,792.06,792.06,0.00,28
22785,SQUARECUSHION COVER PINK UNION FLAG,119,0,833.82,833.82,0.00,52
22785,SQUARECUSHION COVER PINK UNION JACK,173,0,581.23,581.23,0.00,42
22786,CUSHION COVER PINK UNION JACK,181,0,1140.27,1140.27,0.00,70
22786,PILLOWCUSHION COVER PINK UNION JACK,67,0,408.83,408.83,0.00,22
22788,BROCANTE COAT RACK,476,7,3875.87,3942.62,66.75,89
22789,T-LIGHT HOLDER SWEETHEART HANGING,1238,1,2417.59,2419.54,1.95,197
22790,"MIRROR, ARCHED GEORGIAN",200,0,3884.00,3884.00,0.00,1
22791,T-LIGHT GLASS FLUTED ANTIQUE,9458,190,11519.69,11728.69,209.00,446
22792,FLUTED ANTIQUE CANDLE HOLDER,3489,12,3230.93,3241.13,10.20,263
22794,SWEETHEART WIRE MAGAZINE RACK,389,5,3231.60,3271.35,39.75,213
22795,SWEETHEART RECIPE BOOK STAND,1597,23,11056.86,11175.81,118.95,504
22796,PHOTO FRAME 3 CLASSIC HANGING,806,59,7456.60,8020.45,563.85,341
22797,CHEST OF DRAWERS GINGHAM HEART ,242,25,3793.81,4205.56,411.75,155
22798,ANTIQUE GLASS DRESSING TABLE POT,2367,52,7182.69,7336.09,153.40,378
22799,SWEETHEART WIRE FRUIT BOWL,253,1,2012.34,2020.84,8.50,109
22800,ANTIQUE TALL SWIRLGLASS TRINKET POT,1127,16,4526.40,4586.40,60.00,277
22801,ANTIQUE GLASS PEDESTAL BOWL,1300,37,5139.56,5277.95,138.39,320
22802,FAUX FUR CHOCOLATE THROW,110,0,1933.59,1933.59,0.00,62
22803,IVORY EMBROIDERED QUILT ,59,0,2237.84,2237.84,0.00,36
22804,CANDLEHOLDER PINK HANGING HEART,4381,340,11536.64,12411.64,875.00,602
22804,PINK HANGING HEART T-LIGHT HOLDER,880,164,1244.36,1664.16,419.80,79
22805,BLUE DRAWER KNOB ACRYLIC EDWARDIAN,2207,13,2992.57,3008.82,16.25,233
22806,SET OF 6 T-LIGHTS WEDDING CAKE ,430,52,1014.82,1149.02,134.20,59
22807,SET OF 6 T-LIGHTS TOADSTOOLS,1375,19,4035.31,4086.56,51.25,297
22808,SET OF 6 T-LIGHTS EASTER CHICKS,420,18,1190.78,1243.88,53.10,84
22809,SET OF 6 T-LIGHTS SANTA,2568,48,7532.72,7664.72,132.00,384
22810,SET OF 6 T-LIGHTS SNOWMEN,2199,64,6559.53,6729.13,169.60,331
22811,SET OF 6 T-LIGHTS CACTI ,1021,1,2881.18,2884.13,2.95,141
22812,PACK 3 BOXES CHRISTMAS PANETTONE,76,6,236.78,248.48,11.70,25
22812,PACK 3 BOXES CHRISTMAS PANNETONE,4803,41,10406.00,10485.95,79.95,443
22813,PACK 3 BOXES BIRD PANETTONE ,204,0,451.84,451.84,0.00,31
22813,PACK 3 BOXES BIRD PANNETONE ,3741,1,7210.04,7211.99,1.95,343
22814,CARD PARTY GAMES ,2728,0,1147.77,1147.77,0.00,295
22815,CARD PSYCHEDELIC APPLES,3433,0,1468.53,1468.53,0.00,340
22816,CARD MOTORBIKE SANTA,6856,48,2930.77,2950.93,20.16,438
22817,CARD SUKI BIRTHDAY,3392,0,1434.90,1434.90,0.00,355
22818,CARD CHRISTMAS VILLAGE,6290,144,2660.38,2720.86,60.48,409
22819,"BIRTHDAY CARD, RETRO SPOT",3351,0,1418.12,1418.12,0.00,331
22820,GIFT BAG BIRTHDAY,1353,2,843.83,845.13,1.30,111
22821,GIFT BAG PSYCHEDELIC APPLES,1660,16,1037.05,1047.45,10.40,188
22822,CREAM WALL PLANTER HEART SHAPED,581,2,3355.45,3367.35,11.90,185
22823,CHEST NATURAL WOOD 20 DRAWERS,32,0,3655.00,3655.00,0.00,18
22824,3 TIER SWEETHEART GARDEN SHELF,61,1,2118.00,2153.95,35.95,49
22825,DECORATIVE PLANT POT WITH FRIEZE,100,7,745.77,799.02,53.25,42
22826,LOVE SEAT ANTIQUE WHITE METAL,58,4,5692.50,6210.00,517.50,45
22827,GIANT SEVENTEEN DRAWER SIDEBOARD,8,0,1240.00,1240.00,0.00,6
22827,RUSTIC  SEVENTEEN DRAWER SIDEBOARD,38,4,5330.00,5910.00,580.00,33
22828,REGENCY MIRROR WITH SHUTTERS,17,2,2275.00,2565.00,290.00,12
22829,BROCANTE SHELF WITH HOOKS,1,0,9.95,9.95,0.00,1
22829,SWEETHEART WIRE WALL TIDY,240,10,2370.72,2458.62,87.90,119
22830,UTILTY CABINET WITH HOOKS,181,0,3760.71,3760.71,0.00,18
22831,WHITE BROCANTE SOAP DISH,776,0,2286.28,2286.28,0.00,138
22832,BROCANTE SHELF WITH HOOKS,173,7,1835.30,1910.55,75.25,87
22832,SWEETHEART WIRE WALL TIDY,12,0,122.60,122.60,0.00,3
22833,HALL CABINET WITH 3 DRAWERS,120,0,4163.54,4163.54,0.00,13
22834,HAND WARMER BABUSHKA DESIGN,6792,215,10741.58,11072.83,331.25,600
22834,MINI HAND WARMER BABUSHKA DESIGN,108,0,214.80,214.80,0.00,5
22835,HOT WATER BOTTLE I AM SO POORLY,5302,408,25338.04,27082.84,1744.80,1022
22837,HOT WATER BOTTLE BABUSHKA ,3398,37,15679.53,15837.18,157.65,438
22837,HOT WATER BOTTLE BABUSHKA LARGE,136,0,618.00,618.00,0.00,14
22838,3 TIER CAKE TIN RED AND CREAM,894,137,11035.71,12837.46,1801.75,284
22838,"CAKE TIN, 3 TIER RED/IVORY",28,0,383.40,383.40,0.00,8
22839,3 TIER CAKE TIN GREEN AND CREAM,566,15,8572.37,8794.42,222.05,267
22839,"CAKE TIN, 3 TIER MINT/IVORY",13,0,176.75,176.75,0.00,4
22840,"CAKE TIN, ROUND, VINTAGE RED,CREAM",59,0,421.05,421.05,0.00,10
22840,ROUND CAKE TIN VINTAGE RED,1264,29,9373.05,9602.60,229.55,413
22841,"CAKE TIN, ROUND, VINTAGE MINT,IVORY",27,0,190.65,190.65,0.00,4
22841,ROUND CAKE TIN VINTAGE GREEN,745,19,5660.82,5811.87,151.05,316
22842,"BISCUIT TIN, RED,IVORY, VINTAGE",37,0,230.55,230.55,0.00,7
22842,BISCUIT TIN VINTAGE RED,781,20,4943.83,5078.03,134.20,245
22843,"BISCUIT TIN, MINT,IVORY, VINTAGE",1,0,6.75,6.75,0.00,1
22843,BISCUIT TIN VINTAGE GREEN,594,16,3744.56,3851.76,107.20,190
22844,"DOG FOOD CONTAINER , VINTAGE",10,0,85.00,85.00,0.00,3
22844,VINTAGE CREAM DOG FOOD CONTAINER,1181,29,10963.34,11199.64,236.30,498
22844,VINTAGE DOG FOOD CONTAINER,36,0,308.64,308.64,0.00,6
22845,"CAT FOOD CONTAINER , VINTAGE",10,0,63.50,63.50,0.00,3
22845,VINTAGE CAT FOOD CONTAINER,34,0,218.14,218.14,0.00,5
22845,VINTAGE CREAM CAT FOOD CONTAINER,955,14,6394.86,6482.96,88.10,395
22846,BREAD BIN DINER STYLE RED ,822,28,12763.37,13213.97,450.60,363
22846,"BREAD BIN, DINER STYLE, RED ",3,0,50.85,50.85,0.00,2
22847,BREAD BIN DINER STYLE IVORY,1112,49,16875.44,17669.99,794.55,508
22847,"BREAD BIN, DINER STYLE, IVORY",45,0,682.75,682.75,0.00,10
22848,BREAD BIN DINER STYLE PINK,373,13,5792.65,6001.00,208.35,158
22848,"BREAD BIN, DINER STYLE, PINK",8,0,127.60,127.60,0.00,3
22849,BREAD BIN DINER STYLE MINT,390,16,5840.18,6091.38,251.20,167
22849,"BREAD BIN, DINER STYLE, MINT",13,0,196.35,196.35,0.00,4
22850,BREAD BIN DINER STYLE BLACK,8,8,0.00,123.60,123.60,2
22851,SET 20 NAPKINS FAIRY CAKES DESIGN ,5167,78,4127.38,4193.68,66.30,527
22852,"DOG BOWL, ENAMEL , CREAM COLOUR",8,0,34.00,34.00,0.00,2
22852,DOG BOWL VINTAGE CREAM,481,5,2111.38,2132.63,21.25,157
22852,ENAMEL DOG BOWL CREAM,76,0,300.48,300.48,0.00,3
22853,"CAT BOWL, ENAMEL , CREAM COLOUR",12,0,39.00,39.00,0.00,2
22853,CAT BOWL VINTAGE CREAM,581,6,1989.27,2008.77,19.50,142
22853,ENAMEL CAT BOWL CREAM,52,0,157.80,157.80,0.00,3
22854,CREAM SWEETHEART EGG HOLDER,1160,6,5594.80,5624.50,29.70,250
22855,FINE WICKER HEART ,4795,12,5964.24,5979.24,15.00,428
22856,ASSORTED EASTER DECORATIONS  BELLS,877,21,1033.60,1059.85,26.25,34
22857,ASSORTED EASTER GIFT TAGS,1230,0,1048.28,1048.28,0.00,66
22858,EASTER TIN KEEPSAKE,1135,10,1860.84,1877.34,16.50,142
22859,EASTER TIN BUNNY BOUQUET,1250,32,2032.95,2085.75,52.80,171
22860,EASTER TIN CHICKS PINK DAISY,612,15,1036.10,1060.85,24.75,113
22861,EASTER TIN CHICKS IN GARDEN,305,0,522.93,522.93,0.00,50
22862,LOVE HEART NAPKIN BOX ,758,4,3356.22,3373.22,17.00,223
22863,SOAP DISH BROCANTE,1107,13,3128.26,3166.61,38.35,171
22864,MUG AND COASTER SET RED CIRCLES,378,0,158.76,158.76,0.00,2
22865,HAND WARMER OWL DESIGN,14537,126,31151.69,31416.04,264.35,1226
22866,HAND WARMER SCOTTY DOG DESIGN,12778,135,28007.37,28266.87,259.50,1090
22867,HAND WARMER BIRD DESIGN,11872,82,25945.43,26117.63,172.20,1061
22868,NUMBER TILE COTTAGE GARDEN 0 ,67,0,156.97,156.97,0.00,24
22868,"NUMBER TILE COTTAGE GARDEN, 0 ",57,0,113.41,113.41,0.00,3
22869,NUMBER TILE COTTAGE GARDEN 1,100,1,251.99,253.94,1.95,47
22869,"NUMBER TILE COTTAGE GARDEN, 1",67,0,139.69,139.69,0.00,11
22870,NUMBER TILE COTTAGE GARDEN 2,98,0,254.56,254.56,0.00,43
22870,"NUMBER TILE COTTAGE GARDEN, 2",57,0,113.41,113.41,0.00,3
22871,NUMBER TILE COTTAGE GARDEN 3 ,71,0,180.19,180.19,0.00,28
22871,"NUMBER TILE COTTAGE GARDEN, 3 ",56,0,109.20,109.20,0.00,2
22872,NUMBER TILE COTTAGE GARDEN 4,80,0,202.10,202.10,0.00,37
22872,"NUMBER TILE COTTAGE GARDEN, 4",56,0,109.20,109.20,0.00,2
22873,NUMBER TILE COTTAGE GARDEN 5,63,0,151.35,151.35,0.00,28
22873,"NUMBER TILE COTTAGE GARDEN, 5",57,0,111.15,111.15,0.00,3
22874,NUMBER TILE COTTAGE GARDEN 6,70,0,162.82,162.82,0.00,26
22874,"NUMBER TILE COTTAGE GARDEN, 6",56,0,109.20,109.20,0.00,2
22875,NUMBER TILE COTTAGE GARDEN 7,66,0,154.94,154.94,0.00,27
22875,"NUMBER TILE COTTAGE GARDEN, 7",57,0,113.41,113.41,0.00,3
22876,NUMBER TILE COTTAGE GARDEN 8,62,0,143.02,143.02,0.00,21
22876,"NUMBER TILE COTTAGE GARDEN, 8",56,0,109.20,109.20,0.00,2
22877,NUMBER TILE COTTAGE GARDEN 9,69,1,152.38,154.33,1.95,24
22877,"NUMBER TILE COTTAGE GARDEN, 9",59,1,115.36,117.31,1.95,6
22878,NUMBER TILE COTTAGE GARDEN No,83,1,229.44,231.54,2.10,41
22878,"NUMBER TILE COTTAGE GARDEN, No",45,0,98.72,98.72,0.00,5
22879,NUMBER TILE VINTAGE FONT 0,74,0,117.04,117.04,0.00,20
22879,"NUMBER TILE VINTAGE FONT, 0",8,0,17.36,17.36,0.00,1
22880,NUMBER TILE VINTAGE FONT 1,103,0,212.91,212.91,0.00,36
22880,"NUMBER TILE VINTAGE FONT, 1",8,0,17.36,17.36,0.00,1
22881,NUMBER TILE VINTAGE FONT 2,104,0,201.46,201.46,0.00,35
22881,"NUMBER TILE VINTAGE FONT, 2",8,0,17.36,17.36,0.00,1
22882,NUMBER TILE VINTAGE FONT 3,118,1,235.77,237.72,1.95,50
22882,"NUMBER TILE VINTAGE FONT, 3",8,0,17.36,17.36,0.00,1
22883,NUMBER TILE VINTAGE FONT 4,101,1,193.74,195.69,1.95,34
22883,"NUMBER TILE VINTAGE FONT, 4",8,0,17.36,17.36,0.00,1
22884,NUMBER TILE VINTAGE FONT 5,102,0,199.90,199.90,0.00,38
22884,"NUMBER TILE VINTAGE FONT, 5",8,0,17.36,17.36,0.00,1
22885,NUMBER TILE VINTAGE FONT 6 ,104,1,190.95,192.90,1.95,35
22885,"NUMBER TILE VINTAGE FONT, 6 ",8,0,17.36,17.36,0.00,1
22886,NUMBER TILE VINTAGE FONT 7,90,0,156.80,156.80,0.00,28
22886,"NUMBER TILE VINTAGE FONT, 7",8,0,17.36,17.36,0.00,1
22887,NUMBER TILE VINTAGE FONT 8,84,0,143.00,143.00,0.00,27
22887,"NUMBER TILE VINTAGE FONT, 8",8,0,17.36,17.36,0.00,1
22888,NUMBER TILE VINTAGE FONT 9 ,79,0,130.83,130.83,0.00,23
22889,NUMBER TILE VINTAGE FONT No ,173,0,276.42,276.42,0.00,36
22889,"NUMBER TILE VINTAGE FONT, No ",23,13,23.40,50.70,27.30,4
22890,NOVELTY BISCUITS CAKE STAND 3 TIER,800,51,7340.61,7821.96,481.35,286
22891,TEA FOR ONE POLKADOT,644,37,2946.45,3103.70,157.25,254
22892,SALT AND PEPPER SHAKERS TOADSTOOLS,397,0,486.35,486.35,0.00,30
22892,SET OF SALT AND PEPPER TOADSTOOLS,3123,116,3695.77,3835.71,139.94,286
22893,MINI CAKE STAND T-LIGHT HOLDER,2721,21,1297.27,1306.09,8.82,187
22894,TABLECLOTH RED APPLES DESIGN ,561,2,5143.78,5160.78,17.00,193
22895,SET OF 2 TEA TOWELS APPLE AND PEARS,2847,6,8630.79,8648.49,17.70,412
22896,PEG BAG APPLE DESIGN,387,0,874.35,874.35,0.00,29
22896,PEG BAG APPLES DESIGN,1689,18,4310.30,4356.20,45.90,340
22897,OVEN MITT APPLE DESIGN,343,0,485.00,485.00,0.00,34
22897,OVEN MITT APPLES DESIGN,1613,42,2348.85,2409.75,60.90,269
22898,CHILDRENS APRON APPLE DESIGN,291,0,524.71,524.71,0.00,26
22898,CHILDRENS APRON APPLES DESIGN,2877,1,6077.80,6079.45,1.65,446
22899,CHILDREN'S APRON DOLLY GIRL ,2666,7,5528.50,5542.95,14.45,409
22899,CHILDRENS APRON DOLLY GIRL ,107,0,226.81,226.81,0.00,17
22900, SET 2 TEA TOWELS I LOVE LONDON ,4032,8,12952.26,12977.66,25.40,462
22900,SET 2 TEA TOWELS I LOVE LONDON ,2124,208,6329.18,6856.38,527.20,272
22902,TOTE BAG I LOVE LONDON,1716,24,3456.16,3506.56,50.40,201
22903,CALENDAR FAMILY FAVORITES,20,0,59.00,59.00,0.00,4
22903,CALENDAR FAMILY FAVOURITES,725,320,1114.96,1994.96,880.00,80
22904,CALENDAR PAPER CUT DESIGN,3467,322,9869.15,10755.05,885.90,466
22905,CALENDAR IN SEASON DESIGN,1077,0,2957.17,2957.17,0.00,194
22906,12 MESSAGE CARDS WITH ENVELOPES,3370,61,6126.18,6214.83,88.65,447
22907,PACK OF 20 NAPKINS PANTRY DESIGN,8686,244,7111.95,7279.03,167.08,836
22908,PACK OF 20 NAPKINS RED APPLES,5610,7,4518.05,4524.00,5.95,489
22909,SET OF 20 VINTAGE CHRISTMAS NAPKINS,17144,470,14941.60,15275.82,334.22,1098
22910,PAPER CHAIN KIT VINTAGE CHRISTMAS,18634,448,57467.10,58652.70,1185.60,1444
22911,PAPER CHAIN KIT LONDON,853,12,2418.95,2454.35,35.40,168
22912,YELLOW COAT RACK PARIS FASHION,313,6,1441.39,1471.09,29.70,110
22913,RED COAT RACK PARIS FASHION,450,4,2088.05,2107.85,19.80,124
22914,BLUE COAT RACK PARIS FASHION,570,5,2695.91,2720.66,24.75,174
22915,ASSORTED BOTTLE TOP  MAGNETS ,3281,90,1436.72,1474.52,37.80,198
22916,HERB MARKER THYME,1962,12,1355.58,1363.38,7.80,250
22917,HERB MARKER ROSEMARY,1996,12,1378.85,1386.65,7.80,253
22918,HERB MARKER PARSLEY,1925,12,1315.06,1322.86,7.80,250
22919,HERB MARKER MINT,1800,12,1247.64,1255.44,7.80,249
22920,HERB MARKER BASIL,3478,1527,1358.14,2199.19,841.05,254
22921,HERB MARKER CHIVES ,1771,12,1218.92,1226.72,7.80,221
22922,FRIDGE MAGNETS US DINER ASSORTED,2073,234,1605.90,1789.20,183.30,118
22923,FRIDGE MAGNETS LES ENFANTS ASSORTED,1583,176,1180.89,1314.89,134.00,96
22924,FRIDGE MAGNETS LA VIE EN ROSE,1500,229,1144.37,1323.42,179.05,100
22925,BLUE GIANT GARDEN THERMOMETER,488,8,2941.92,2989.52,47.60,196
22926,IVORY GIANT GARDEN THERMOMETER,680,15,4061.06,4150.31,89.25,222
22927,GREEN GIANT GARDEN THERMOMETER,468,14,2865.27,2948.57,83.30,169
22928,YELLOW GIANT GARDEN THERMOMETER,296,6,2005.65,2041.35,35.70,122
22929,SCHOOL DESK AND CHAIR ,23,3,1264.75,1459.75,195.00,19
22930,BAKING MOULD HEART MILK CHOCOLATE,1108,96,2645.20,2846.80,201.60,190
22931,BAKING MOULD HEART WHITE CHOCOLATE,813,0,1963.30,1963.30,0.00,129
22932,BAKING MOULD TOFFEE CUP  CHOCOLATE,6,0,15.30,15.30,0.00,1
22932,BAKING MOULD TOFFEE CUP CHOCOLATE,878,120,1722.78,1985.58,262.80,73
22933,BAKING MOULD EASTER EGG MILK CHOC,940,156,2248.12,2585.92,337.80,124
22934,BAKING MOULD EASTER EGG WHITE CHOC,589,3,1698.62,1707.47,8.85,79
22935,BAKING MOULD ROSE MILK CHOCOLATE,690,72,1868.82,2066.82,198.00,66
22936,BAKING MOULD ROSE WHITE CHOCOLATE,279,72,697.97,895.97,198.00,51
22937,BAKING MOULD CHOCOLATE CUP CAKES,12,0,30.60,30.60,0.00,2
22937,BAKING MOULD CHOCOLATE CUPCAKES,948,13,2468.89,2502.04,33.15,159
22937,BAKING MOULD CUPCAKE CHOCOLATE,12,0,30.60,30.60,0.00,1
22938,CUPCAKE LACE PAPER SET 6,3687,60,6774.25,6891.25,117.00,277
22939,ADULT APRON APPLE DELIGHT,184,0,945.88,945.88,0.00,45
22939,APRON APPLE DELIGHT,516,14,2487.36,2556.66,69.30,138
22940,FELTCRAFT CHRISTMAS FAIRY,3491,39,15162.06,15282.81,120.75,593
22941,CHRISTMAS LIGHTS 10 REINDEER,2615,74,21117.28,21727.58,610.30,509
22942,CHRISTMAS LIGHTS 10 SANTAS ,1221,77,8853.56,9466.41,612.85,259
22943,CHRISTMAS LIGHTS 10 VINTAGE BAUBLES,2381,39,11506.39,11696.64,190.25,372
22944,CHRISTMAS METAL POSTCARD WITH BELLS,4870,301,3266.78,3577.99,311.21,161
22945,CHRISTMAS METAL TAGS ASSORTED ,7641,270,7154.92,7365.70,210.78,344
22946,WOODEN ADVENT CALENDAR CREAM,976,26,14670.27,15060.57,390.30,289
22947,WOODEN ADVENT CALENDAR RED,1011,15,12482.88,12704.15,221.27,220
22948,METAL DECORATION NAUGHTY CHILDREN ,2155,12,2154.49,2164.69,10.20,182
22949,36 DOILIES DOLLY GIRL,1965,16,2765.33,2788.53,23.20,164
22949,SET OF 36 DOLLY GIRL PAPER DOILIES,45,2,66.76,69.66,2.90,16
22950,36 DOILIES VINTAGE CHRISTMAS,7851,612,10051.77,10823.97,772.20,346
22950,SET OF 36 DOILIES VINTAGE CHRISTMAS,444,0,557.40,557.40,0.00,2
22950,SET OF 36 VINTAGE CHRISTMAS DOILIES,38,1,69.82,71.27,1.45,9
22951,60 CAKE CASES DOLLY GIRL DESIGN,10050,240,5197.72,5314.12,116.40,615
22951,72 CAKE CASES DOLLY GIRL DESIGN,943,0,471.85,471.85,0.00,25
22952,60 CAKE CASES VINTAGE CHRISTMAS,27970,552,16529.11,16770.31,241.20,1044
22952,72 CAKE CASES VINTAGE CHRISTMAS,4346,0,2178.14,2178.14,0.00,101
22952,SET 72 CAKE CASES VINTAGE CHRISTMAS,672,0,291.60,291.60,0.00,4
22953,BIRTHDAY BANNER TAPE,48,0,60.00,60.00,0.00,3
22953,BIRTHDAY PARTY CORDON BARRIER TAPE,712,0,888.55,888.55,0.00,116
22954,HEN PARTY BANNER TAPE,12,0,15.00,15.00,0.00,1
22954,HEN PARTY CORDON BARRIER TAPE,226,1,277.64,278.89,1.25,50
22955,36 FOIL STAR CAKE CASES ,1448,0,2885.26,2885.26,0.00,185
22956,36 FOIL HEART CAKE CASES,2494,152,4595.70,4878.90,283.20,259
22957,SET 3 PAPER VINTAGE CHICK PAPER EGG,1775,26,4942.75,5014.65,71.90,218
22959,WRAP CHRISTMAS VILLAGE,9713,350,3824.46,3971.46,147.00,288
22959,"WRAPPING PAPER, XMAS VILLAGE",25,0,10.50,10.50,0.00,1
22960,JAM MAKING SET WITH JARS,9019,247,37367.32,38380.11,1012.79,1246
22961,JAM MAKING SET PRINTED,17252,344,26443.83,26888.43,444.60,1213
22962,JAM JAR WITH PINK LID,4366,85,3568.81,3640.93,72.12,375
22963,JAM JAR WITH BLUE LID,26,0,18.98,18.98,0.00,2
22963,JAM JAR WITH GREEN LID,3670,115,2969.57,3060.43,90.86,329
22964,3 PIECE SPACEBOY COOKIE CUTTER SET,2761,14,5739.43,5768.83,29.40,415
22965,3 TRADITIONAl BISCUIT CUTTERS  SET,1488,38,3082.84,3162.64,79.80,255
22965,3 TRADITIONAL COOKIE CUTTERS  SET,354,0,671.40,671.40,0.00,10
22966,GINGERBREAD MAN COOKIE CUTTER,8219,5,10125.01,10131.26,6.25,734
22967,SET 3 SONG BIRD PAPER EGGS ASSORTED,1171,22,3206.51,3271.41,64.90,142
22968,ROSE COTTAGE KEEPSAKE BOX ,1127,26,10936.27,11184.82,248.55,320
22969,HOMEMADE JAM SCENTED CANDLES,14461,140,21316.19,21501.99,185.80,717
22970,LONDON BUS COFFEE MUG,4334,16,10107.00,10140.60,33.60,320
22971,QUEENS GUARD COFFEE MUG,2431,16,5811.64,5849.29,37.65,277
22972,CHILDREN'S SPACEBOY MUG,1810,34,3044.84,3100.94,56.10,246
22972,CHILDRENS SPACEBOY MUG,72,0,118.80,118.80,0.00,5
22973,CHILDREN'S CIRCUS PARADE MUG,1325,24,2215.73,2254.93,39.20,158
22973,CHILDRENS CIRCUS PARADE MUG,36,0,59.40,59.40,0.00,3
22974,CHILDRENS DOLLY GIRL MUG,1636,20,2762.81,2795.81,33.00,218
22975,SPACEBOY CHILDRENS EGG CUP,1245,1,1678.41,1679.66,1.25,194
22976,CIRCUS PARADE CHILDRENS EGG CUP ,1127,13,1449.01,1465.26,16.25,151
22977,DOLLY GIRL CHILDRENS EGG CUP,999,1,1312.61,1313.86,1.25,141
22978,PANTRY ROLLING PIN,2464,75,9292.37,9564.98,272.61,250
22979,PANTRY WASHING UP BRUSH,4090,91,6274.27,6391.82,117.55,386
22980,PANTRY SCRUBBING BRUSH,2363,81,3785.96,3910.01,124.05,297
22981,PANTRY APPLE CORER,471,6,695.43,704.13,8.70,107
22982,PANTRY PASTRY BRUSH,1154,24,1513.77,1543.77,30.00,214
22983,CARD BILLBOARD FONT,5395,181,2231.45,2300.21,68.76,454
22983,"CARD, BILLBOARD FONT",1300,0,543.34,543.34,0.00,100
22984,CARD GINGHAM ROSE ,2753,0,1121.29,1121.29,0.00,167
22984,"CARD, GINGHAM ROSE ",596,0,249.44,249.44,0.00,47
22985,WRAP BILLBOARD FONTS DESIGN,1831,0,769.02,769.02,0.00,64
22985,"WRAP, BILLBOARD FONTS DESIGN",2891,0,1126.22,1126.22,0.00,72
22986,GINGHAM ROSE WRAP,3519,0,1445.98,1445.98,0.00,122
22986,WRAP GINGHAM ROSE ,2276,25,933.42,943.92,10.50,83
22987,"WRAP , SUMMER ROSE DESIGN",150,0,63.00,63.00,0.00,6
22987,WRAP SUMMER ROSE DESIGN,102,0,42.84,42.84,0.00,5
22988,SOLDIERS EGG CUP ,9363,112,11105.67,11238.45,132.78,454
22989,SET 2 PANTRY DESIGN TEA TOWELS,2811,24,8921.27,8999.27,78.00,376
22990,COTTON APRON PANTRY DESIGN,633,126,2363.73,2917.43,553.70,175
22991,GIRAFFE WOODEN RULER,3887,714,6418.99,7604.89,1185.90,280
22992,REVOLVER WOODEN RULER ,5233,716,9180.59,10373.99,1193.40,356
22993,SET OF 4 PANTRY JELLY MOULDS,12649,68,16393.48,16478.48,85.00,1082
22994,TRAVEL CARD WALLET RETROSPOT,2194,30,944.34,956.94,12.60,224
22995,TRAVEL CARD WALLET SUKI,2381,49,1038.06,1058.64,20.58,269
22996,TRAVEL CARD WALLET VINTAGE TICKET,4801,26,2084.01,2094.93,10.92,412
22997,TRAVEL CARD WALLET UNION JACK,2545,78,1062.17,1094.93,32.76,230
22998,TRAVEL CARD WALLET KEEP CALM,12366,177,5188.48,5262.82,74.34,545
22999,TRAVEL CARD WALLET RETRO PETALS,1544,0,674.11,674.11,0.00,105
22999,TRAVEL CARD WALLET VINTAGE LEAF,1350,3,577.22,578.48,1.26,119
23000,TRAVEL CARD WALLET TRANSPORT,3169,39,1351.90,1368.28,16.38,282
23002,TRAVEL CARD WALLET SKULLS,2119,128,860.61,914.37,53.76,200
23003,TRAVEL CARD WALLET VINTAGE ROSE ,542,0,226.20,226.20,0.00,53
23004,TRAVEL CARD WALLET PANTRY,2002,184,825.88,903.16,77.28,225
23005,TRAVEL CARD WALLET I LOVE LONDON,4733,1,2126.13,2126.55,0.42,242
23006,TRAVEL CARD WALLET FLOWER MEADOW,1758,78,729.99,762.75,32.76,178
23007, SPACEBOY BABY GIFT SET,498,6,7640.05,7741.75,101.70,187
23008,DOLLY GIRL BABY GIFT SET,433,7,6600.96,6719.61,118.65,137
23009,I LOVE LONDON BABY GIFT SET,263,0,4082.52,4082.52,0.00,103
23010,CIRCUS PARADE BABY GIFT SET,315,3,4828.75,4879.60,50.85,113
23012,GLASS APOTHECARY BOTTLE PERFUME,1071,8,4165.51,4197.11,31.60,251
23013,GLASS APOTHECARY BOTTLE TONIC,924,6,3650.46,3674.16,23.70,226
23014,GLASS APOTHECARY BOTTLE ELIXIR,856,9,3384.03,3419.58,35.55,212
23015,CORDIAL GLASS JUG,34,7,231.13,288.88,57.75,19
23015,CORDIAL JUG,6,0,49.50,49.50,0.00,2
23016,GLASS TWIST BON BON JAR,74,3,555.30,575.25,19.95,25
23017,APOTHECARY MEASURING JAR,67,1,813.78,826.28,12.50,23
23018,LARGE APOTHECARY MEASURING JAR ,51,0,612.16,612.16,0.00,21
23019,SMALL APOTHECARY MEASURING JAR ,81,0,629.05,629.05,0.00,28
23020,GLASS  SONGBIRD STORAGE JAR,169,6,1991.49,2065.14,73.65,79
23020,GLASS SONGBIRD STORAGE JAR,11,0,126.70,126.70,0.00,3
23021,GLASS BONNE JAM JAR,120,0,500.82,500.82,0.00,27
23022,SMALL BONNE JAM JAR  T-LIGHT HOLDER,422,30,745.76,808.16,62.40,24
23023,RIDGED BONNE JAM JAR T-LIGHT HOLDER,274,2,434.52,437.82,3.30,26
23024,LARGE BONNE JAM JAR  T-LIGHT HOLDER,255,2,662.87,667.85,4.98,12
23025,DRAWER KNOB VINTAGE GLASS BALL,350,6,748.32,760.80,12.48,55
23026,DRAWER KNOB VINTAGE GLASS STAR,556,14,1169.84,1198.96,29.12,64
23027,DRAWER KNOB VINTAGE GLASS HEXAGON,295,0,627.95,627.95,0.00,30
23028,DOORKNOB CRACKED GLAZE BLUE,162,0,238.50,238.50,0.00,3
23028,DRAWER KNOB CRACKLE GLAZE BLUE,1207,7,2127.08,2138.63,11.55,137
23029,DOORKNOB CRACKED GLAZE GREEN,12,0,19.80,19.80,0.00,2
23029,DRAWER KNOB CRACKLE GLAZE GREEN,1340,28,2237.92,2284.12,46.20,162
23031,DOORKNOB CRACKED GLAZE PINK,12,0,19.80,19.80,0.00,2
23031,DRAWER KNOB CRACKLE GLAZE PINK,1266,20,2099.50,2132.50,33.00,162
23032,DOORKNOB CRACKED GLAZE IVORY,174,0,258.30,258.30,0.00,5
23032,DRAWER KNOB CRACKLE GLAZE IVORY,2154,46,3519.48,3595.38,75.90,205
23033,DRAWER KNOB CERAMIC RED,714,0,1058.90,1058.90,0.00,74
23034,DRAWER KNOB CERAMIC BLACK,979,6,1439.97,1448.67,8.70,89
23035,DOORKNOB CERAMIC IVORY,36,0,52.20,52.20,0.00,1
23035,DRAWER KNOB CERAMIC IVORY,2155,9,3134.74,3147.79,13.05,192
23036,T-LIGHT HOLDER SILVER PETIT FOUR ,184,0,232.42,232.42,0.00,16
23037,CANDLE HOLDER SILVER MADELINE,196,0,325.16,325.16,0.00,20
23038,T-LIGHT HOLDER SILVER SAUCER,44,0,42.92,42.92,0.00,8
23039,T-LIGHT HOLDER SILVER HEART HANDLE,199,6,388.01,399.71,11.70,29
23040,PAPER LANTERN 9 POINT SNOW STAR,12,0,69.00,69.00,0.00,4
23040,PAPER LANTERN 9 POINT SNOW STAR ,241,0,1325.03,1325.03,0.00,37
23041,PAPER LANTERN 6 POINT SNOW STAR,26,0,107.90,107.90,0.00,6
23041,PAPER LANTERN 9 POINT SNOW STAR,246,24,970.98,1070.58,99.60,49
23042,PAPER LANTERN 7 POINT SNOW STAR,103,10,645.01,711.51,66.50,29
23043,PAPER LANTERN 9 POINT HOLLY STAR 40,6,0,37.50,37.50,0.00,3
23043,PAPER LANTERN 9 POINT HOLLY STAR L,75,0,506.01,506.01,0.00,20
23044,PAPER LANTERN 9 POINT HOLLY STAR 23,18,0,74.70,74.70,0.00,5
23044,PAPER LANTERN 9 POINT HOLLY STAR S,83,0,348.59,348.59,0.00,20
23045,PAPER LANTERN 5 POINT STAR MOON ,108,20,373.48,456.48,83.00,21
23045,PAPER LANTERN 5 POINT STAR MOON 30,10,0,41.50,41.50,0.00,5
23046,PAPER LANTERN 9 POINT DELUXE STAR,349,0,2111.49,2111.49,0.00,36
23047,PAPER LANTERN 5 POINT SEQUIN STAR,50,0,287.50,287.50,0.00,21
23047,PAPER LANTERN 5 POINT STUDDED STAR,8,0,46.00,46.00,0.00,4
23048,SET OF 10 LANTERNS FAIRY LIGHT STAR,577,33,2231.42,2368.37,136.95,104
23049,RECYCLED ACAPULCO MAT RED,456,3,3872.09,3896.84,24.75,188
23050,RECYCLED ACAPULCO MAT GREEN,497,1,4278.30,4286.55,8.25,206
23051,RECYCLED ACAPULCO MAT BLUE,365,2,3206.99,3223.49,16.50,164
23052,RECYCLED ACAPULCO MAT TURQUOISE,654,1,5941.09,5949.34,8.25,279
23053,RECYCLED ACAPULCO MAT PINK,364,1,3246.07,3254.32,8.25,165
23054,RECYCLED ACAPULCO MAT LAVENDER,295,1,2596.68,2604.93,8.25,131
23055,IVORY CHANDELIER T-LIGHT HOLDER,657,432,704.46,1395.18,690.72,43
23056,CRYSTAL CHANDELIER T-LIGHT HOLDER,3,0,18.75,18.75,0.00,1
23056,FLOWERS CHANDELIER T-LIGHT HOLDER,960,579,1020.30,2879.37,1859.07,45
23057,BEADED CHANDELIER T-LIGHT HOLDER,695,433,784.82,1420.97,636.15,44
23057,GEMSTONE CHANDELIER T-LIGHT HOLDER,78,0,347.70,347.70,0.00,7
23058,CHRISTMAS HANGING SNOWFLAKE,490,0,430.86,430.86,0.00,48
23060,HEART BEADED TRELLIS DECORATION,249,0,528.17,528.17,0.00,42
23061,VINTAGE EMBOSSED HEART,955,3,1253.93,1257.68,3.75,114
23061,VINTAGE ENGRAVED HEART,60,0,75.00,75.00,0.00,4
23064,CINDERELLA CHANDELIER ,221,71,2203.51,3717.56,1514.05,33
23065,LARGE DECO JEWELLERY STAND,263,1,3289.94,3302.44,12.50,96
23065,LARGE JEWELLERY STAND,10,0,125.00,125.00,0.00,4
23066,SMALL DECO JEWELLERY STAND,243,1,1997.56,2005.81,8.25,80
23066,SMALL JEWELLERY STAND,16,0,132.00,132.00,0.00,6
23067,HANGING ENGRAVED METAL HEART,294,0,1236.66,1236.66,0.00,78
23068,ALUMINIUM HEART,30,0,74.70,74.70,0.00,6
23068,ALUMINIUM STAMPED HEART,779,0,1892.23,1892.23,0.00,130
23069,EDWARDIAN PHOTO FRAME,88,0,556.21,556.21,0.00,32
23070,EDWARDIAN HEART PHOTO FRAME,160,0,709.54,709.54,0.00,44
23071,MARIE ANTOIENETT TRINKET BOX GOLD,1,0,12.50,12.50,0.00,1
23071,MARIE ANTOINETTE TRINKET BOX GOLD,314,76,758.60,1192.60,434.00,22
23072,MARIE ANTOINETTE TRINKET BOX SILVER,334,72,889.76,1273.76,384.00,32
23073,GEORGIAN TRINKET BOX,143,1,1694.00,1706.50,12.50,62
23074,EMBOSSED HEART TRINKET BOX,246,6,534.79,547.27,12.48,49
23075,DOUBLE CERAMIC PARLOUR HOOK,22,0,91.30,91.30,0.00,5
23075,PARLOUR CERAMIC WALL HOOK,450,34,1727.90,1869.00,141.10,81
23076,ICE CREAM SUNDAE LIP GLOSS,8076,28,9900.76,9935.76,35.00,279
23077,DOUGHNUT LIP GLOSS ,10395,60,13620.77,13695.77,75.00,347
23078,ICE CREAM PEN LIP GLOSS ,6831,48,8493.34,8553.34,60.00,259
23079, TOADSTOOL BEDSIDE LIGHT ,2,0,17.90,17.90,0.00,1
23079,TOADSTOOL BEDSIDE LIGHT ,249,14,2082.25,2207.55,125.30,112
23080,RED METAL BOX TOP SECRET,1074,11,9026.87,9117.62,90.75,264
23081,GREEN METAL BOX ARMY SUPPLIES,467,6,3856.75,3906.25,49.50,138
23081,GREEN METAL BOX TOP SECRET,16,0,132.00,132.00,0.00,4
23082,SET 6 PAPER TABLE LANTERN HEARTS ,2328,28,8455.60,8558.76,103.16,303
23083,SET 6 PAPER TABLE LANTERN STARS ,1932,63,7036.73,7250.90,214.17,249
23084,RABBIT NIGHT LIGHT,30739,108,66661.63,66870.03,208.40,1009
23085,ANTIQUE SILVER BAUBLE LAMP  ,376,13,3454.48,3583.23,128.75,83
23086,ZINC  STAR T-LIGHT HOLDER ,1217,16,1421.43,1441.43,20.00,47
23086,ZINC STAR T-LIGHT HOLDER ,8,0,10.00,10.00,0.00,1
23087,ZINC  HEART T-LIGHT HOLDER,868,15,1071.91,1090.66,18.75,70
23088,ZINC HEART FLOWER T-LIGHT HOLDER,795,0,1033.28,1033.28,0.00,79
23089,GLASS BON BON JAR,2354,15,4190.13,4215.78,25.65,232
23090,VINTAGE GLASS T-LIGHT HOLDER,2237,9,1862.56,1870.03,7.47,150
23091,METAL HERB GERDEN CONTAINER,24,0,139.68,139.68,0.00,5
23091,ZINC HERB GARDEN CONTAINER,556,7,3472.89,3516.64,43.75,208
23092,LARGE ANTIQUE WHITE PHOTO FRAME,523,10,3680.03,3757.78,77.75,144
23093,SMALL PARISIENNE HEART PHOTO FRAME ,939,3,2231.77,2239.24,7.47,144
23094,LE GRAND TRAY CHIC SET,152,2,1899.92,1924.92,25.00,81
23096,PETIT TRAY CHIC,1033,0,1736.69,1736.69,0.00,146
23099,FRENCH CARRIAGE LANTERN,137,8,872.15,925.35,53.20,62
23100,SILVER BELLS TABLE DECORATION,2166,1,2738.13,2739.38,1.25,258
23101,SILVER STARS TABLE DECORATION,2031,0,1739.63,1739.63,0.00,213
23102,SILVER HEARTS TABLE DECORATION,1274,0,1075.03,1075.03,0.00,157
23103,BELL HEART DECORATION,252,0,387.00,387.00,0.00,9
23103,JINGLE BELL HEART DECORATION,3820,28,6412.96,6459.16,46.20,359
23104,IVORY CAFE HANGING LAMP ,116,0,1380.42,1380.42,0.00,45
23104,IVORY PANTRY HANGING LAMP ,2,0,25.00,25.00,0.00,1
23106,ZINC HEARTS PLANT POT HOLDER,283,12,757.79,792.47,34.68,53
23106,ZINC PLANT POT HOLDER,8,0,23.12,23.12,0.00,1
23107,WHITE HEARTS WIRE PLANT POT HOLDER,343,0,963.27,963.27,0.00,71
23107,WHITE WIRE PLANT POT HOLDER,16,0,46.24,46.24,0.00,2
23108,SET OF 10 LED DOLLY LIGHTS,2219,64,12972.92,13290.52,317.60,390
23109,LED TEA LIGHTS,634,0,1826.76,1826.76,0.00,65
23109,PACK OF SIX LED TEA LIGHTS,1752,96,4769.22,5008.26,239.04,204
23110,PARISIENNE KEY CABINET ,700,51,3853.93,4147.18,293.25,283
23111,PARISIENNE SEWING BOX,312,24,3556.04,3839.24,283.20,154
23112,PARISIENNE CURIO CABINET,546,33,4267.23,4507.08,239.85,260
23113,PANTRY CHOPPING BOARD,1154,946,1065.44,5868.50,4803.06,63
23114,VINTAGE LEAF CHOPPING BOARD  ,149,3,723.10,737.95,14.85,47
23115,RED APPLES CHOPPING BOARD   ,152,0,770.32,770.32,0.00,45
23116,VEGETABLE GARDEN CHOPPING BOARD,76,0,382.44,382.44,0.00,22
23117,POPPY FIELDS CHOPPING BOARD,93,1,496.28,501.23,4.95,46
23118,PARISIENNE JEWELLERY DRAWER ,813,24,5922.18,6102.18,180.00,275
23119,PACK OF 6 LARGE FRUIT STRAWS ,2282,36,1379.38,1401.70,22.32,153
23120,PACK OF 6 SMALL FRUIT STRAWS,1685,72,652.15,682.39,30.24,102
23121,PACK OF 6 COCKTAIL PARASOL STRAWS,2501,0,1000.44,1000.44,0.00,111
23122,PARTY CHARMS 50 PIECES,2251,3,1723.60,1726.09,2.49,135
23123,COCKTAIL SWORDS 50 PIECES,935,6,754.59,759.57,4.98,97
23124,18PC WOODEN CUTLERY SET DISPOSABLE,567,0,751.38,751.38,0.00,43
23125,6PC WOOD PLATE SET DISPOSABLE,459,0,574.88,574.88,0.00,38
23126,DOLLCRAFT GIRL AMELIE,36,0,178.20,178.20,0.00,8
23126,DOLLCRAFT GIRL AMELIE KIT,66,0,294.70,294.70,0.00,8
23126,FELTCRAFT GIRL AMELIE KIT,1007,16,4979.94,5059.14,79.20,281
23127,DOLLCRAFT GIRL NICOLE,68,0,336.60,336.60,0.00,12
23127,FELTCRAFT GIRL NICOLE KIT,668,13,3358.05,3422.40,64.35,185
23128,DOLLCRAFT BOY JEAN-PAUL ,82,0,373.90,373.90,0.00,12
23128,FELTCRAFT BOY JEAN-PAUL KIT,366,7,1850.11,1884.76,34.65,129
23129,HEART SHAPED HOLLY WREATH,950,1,3995.35,3999.50,4.15,173
23130,MISELTOE HEART WREATH ,80,0,312.80,312.80,0.00,5
23130,MISTLETOE HEART WREATH GREEN,882,9,3638.83,3676.18,37.35,181
23131,MISELTOE HEART WREATH CREAM,240,0,996.00,996.00,0.00,1
23131,MISELTOE HEART WREATH WHITE,78,0,304.50,304.50,0.00,4
23131,MISTLETOE HEART WREATH CREAM,624,6,2510.58,2535.48,24.90,112
23132,SMALL IVORY HEART WALL ORGANISER,1020,4,5115.60,5138.60,23.00,155
23133,LARGE IVORY HEART WALL ORGANISER,782,1,5517.15,5525.40,8.25,156
23134,LARGE ZINC HEART WALL ORGANISER,1065,0,6431.11,6431.11,0.00,38
23135,SMALL ZINC HEART WALL ORGANISER,1541,0,5416.18,5416.18,0.00,45
23136,IVORY WIRE SWEETHEART LETTER TRAY,135,0,511.89,511.89,0.00,49
23137,ZINC WIRE SWEETHEART LETTER TRAY,83,0,275.62,275.62,0.00,23
23138,SINGLE WIRE HOOK IVORY HEART,879,12,1214.11,1231.51,17.40,83
23139,SINGLE WIRE HOOK PINK HEART,414,12,511.30,528.70,17.40,28
23140,TRIPLE WIRE HOOK IVORY HEART,182,12,716.30,766.10,49.80,53
23141,TRIPLE WIRE HOOK PINK HEART,79,0,272.91,272.91,0.00,25
23142,IVORY WIRE KITCHEN ORGANISER,121,2,1201.27,1220.82,19.55,42
23143,ZINC WIRE KITCHEN ORGANISER,30,0,239.97,239.97,0.00,16
23144,ZINC T-LIGHT HOLDER STARS SMALL,5089,44,4161.31,4197.83,36.52,277
23145,ZINC T-LIGHT HOLDER STAR LARGE,2060,11,1946.23,1956.68,10.45,169
23145,ZINC T-LIGHT HOLDER STARS LARGE,24,0,22.80,22.80,0.00,2
23146,TRIPLE HOOK ANTIQUE IVORY ROSE,798,50,2481.16,2645.26,164.10,249
23147,SINGLE ANTIQUE ROSE HOOK IVORY,1868,15,2730.45,2752.20,21.75,267
23148,MINIATURE ANTIQUE ROSE HOOK IVORY,2091,13,1764.72,1775.51,10.79,250
23148,MINITURE ANTIQUE ROSE HOOK IVORY,48,0,40.80,40.80,0.00,4
23149,ANTIQUE IVORY WIRE BOWL SMALL,99,11,224.06,251.45,27.39,23
23150,IVORY SWEETHEART SOAP DISH,148,1,388.26,390.75,2.49,50
23151,ZINC SWEETHEART SOAP DISH,61,0,114.33,114.33,0.00,21
23152,IVORY SWEETHEART WIRE LETTER RACK ,554,7,2054.40,2080.65,26.25,162
23153,ZINC SWEETHEART WIRE LETTER RACK,263,4,1005.69,1020.69,15.00,91
23154,SET OF 4 JAM JAR MAGNETS,2701,61,5716.00,5842.88,126.88,238
23155,KNICKERBOCKERGLORY MAGNET ASSORTED ,2221,169,1775.06,1904.77,129.71,149
23156,SET OF 5 MINI GROCERY MAGNETS,1665,24,3373.37,3423.29,49.92,207
23157,SET OF 6 NATIVITY MAGNETS ,2557,240,4699.06,5143.06,444.00,164
23158,SET OF 5 LUCKY CAT MAGNETS ,2633,60,5389.03,5513.83,124.80,258
23159,SET OF 5 PANCAKE DAY MAGNETS,2293,25,4661.52,4713.52,52.00,226
23160,REGENCY TEA SPOON,1450,6,1786.98,1794.48,7.50,78
23161,REGENCY CAKE FORK,1715,12,2130.30,2145.30,15.00,99
23162,REGENCY TEA STRAINER,1412,0,5143.69,5143.69,0.00,176
23163,REGENCY SUGAR TONGS,1832,55,4400.82,4515.22,114.40,211
23164,REGENCY CAKE SLICE,578,1,2713.70,2718.65,4.95,93
23165,LARGE CERAMIC TOP STORAGE JAR,3114,102,4986.56,5141.06,154.50,298
23166,MEDIUM CERAMIC TOP STORAGE JAR,78033,74494,4221.28,81700.92,77479.64,257
23167,SMALL CERAMIC TOP STORAGE JAR ,5847,525,4110.82,4476.01,365.19,240
23168,CLASSIC CAFE SUGAR DISPENSER,3075,54,4245.74,4311.35,65.61,343
23168,CLASSIC SUGAR DISPENSER,216,0,247.32,247.32,0.00,12
23169,CLASSIC GLASS COOKIE JAR,1437,93,5804.24,6183.39,379.15,334
23169,CLASSIC GLASS SWEET JAR,119,0,479.45,479.45,0.00,14
23170,REGENCY TEA PLATE ROSES ,6857,718,10050.95,11097.25,1046.30,457
23171,REGENCY TEA PLATE GREEN ,6247,97,9905.74,10051.99,146.25,386
23172,REGENCY TEA PLATE PINK,3861,102,6190.11,6344.41,154.30,314
23173,REGENCY TEAPOT ROSES ,2766,52,24442.73,24879.13,436.40,429
23174,REGENCY SUGAR BOWL GREEN,3055,88,11997.23,12342.43,345.20,339
23175,REGENCY MILK JUG PINK ,3160,80,9361.65,9587.15,225.50,340
23176,ABC TREASURE BOOK BOX ,2165,45,4591.83,4693.08,101.25,236
23177,TREASURE ISLAND BOOK BOX,2532,20,5476.29,5521.29,45.00,272
23178,JAM CLOCK MAGNET,327,5,922.44,936.89,14.45,71
23179,CLOCK MAGNET MUM'S KITCHEN,324,0,930.48,930.48,0.00,53
23180,MUM'S KITCHEN CLOCK,122,1,616.14,621.09,4.95,50
23181,BULL DOG BOTTLE TOP WALL CLOCK,201,4,1700.57,1733.57,33.00,86
23182,TOILET SIGN OCCUPIED OR VACANT,3741,14,3676.59,3688.21,11.62,439
23183,MOTHER'S KITCHEN SPOON REST ,226,8,937.17,967.17,30.00,87
23184,BULL DOG BOTTLE OPENER,874,13,4700.15,4764.50,64.35,268
23185,FRENCH STYLE STORAGE JAR JAM,317,1,114.56,114.85,0.29,31
23186,FRENCH STYLE STORAGE JAR CAFE ,1982,12,810.22,819.46,9.24,72
23187,FRENCH STYLE STORAGE JAR BONBONS,2338,37,678.57,695.06,16.49,78
23188,VINTAGE  2 METER FOLDING RULER,1844,13,3052.27,3073.72,21.45,183
23188,VINTAGE  2 METRE FOLDING RULER,1627,1,3372.40,3374.05,1.65,153
23189,SET OF 12 FORK CANDLES,1249,1,3504.62,3507.51,2.89,142
23190,BUNDLE OF 3 SCHOOL EXERCISE BOOKS  ,1702,2,2758.60,2761.90,3.30,204
23191,BUNDLE OF 3 RETRO EXERCISE BOOKS,60,0,99.00,99.00,0.00,5
23191,BUNDLE OF 3 RETRO NOTE BOOKS,2141,3,3524.94,3529.89,4.95,278
23192,BUNDLE OF 3 ALPHABET EXERCISE BOOKS,3516,3,6109.29,6114.24,4.95,347
23193,BUFFALO BILL TREASURE BOOK BOX,1922,20,4034.28,4079.28,45.00,181
23194,GYMKHANA TREASURE BOOK BOX,1715,37,3732.28,3815.53,83.25,208
23194,GYMKHANNA TREASURE BOOK BOX,120,0,261.84,261.84,0.00,14
23196,LEAVES MAGNETIC  SHOPPING LIST,24,0,34.80,34.80,0.00,2
23196,RETO LEAVES MAGNETIC SHOPPING LIST,36,0,52.20,52.20,0.00,3
23196,RETRO LEAVES MAGNETIC NOTEPAD,105,0,154.09,154.09,0.00,19
23196,VINTAGE LEAF MAGNETIC NOTEPAD,1707,13,2582.30,2601.15,18.85,277
23197,SKETCHBOOK MAGNETIC SHOPPING LIST,1442,25,2217.45,2253.70,36.25,253
23197,VEGETABLE MAGNETIC  SHOPPING LIST,36,0,49.80,49.80,0.00,3
23198,PANTRY MAGNETIC  SHOPPING LIST,3342,64,4969.80,5062.60,92.80,489
23199,JUMBO BAG APPLES,14908,723,29141.44,30450.69,1309.25,999
23200,JUMBO BAG PEARS,7067,134,13945.33,14188.96,243.63,601
23201,JUMBO BAG ALPHABET,13366,594,26774.81,27850.83,1076.02,920
23202,JUMBO BAG VINTAGE LEAF,10941,242,21367.97,21810.43,442.46,885
23203,JUMBO BAG DOILEY PATTERNS,8893,22,17222.93,17268.69,45.76,518
23203,JUMBO BAG VINTAGE DOILEY ,144,0,272.57,272.57,0.00,7
23203,JUMBO BAG VINTAGE DOILY ,11448,568,23458.44,24489.08,1030.64,724
23204,CHARLOTTE BAG APPLES DESIGN,7976,186,7603.60,7741.94,138.34,591
23205,CHARLOTTE BAG ALPHABET  DESIGN,400,0,320.50,320.50,0.00,22
23205,CHARLOTTE BAG VINTAGE ALPHABET ,5457,191,5265.63,5405.88,140.25,453
23206,LUNCH BAG APPLE DESIGN,12147,59,20755.43,20852.58,97.15,1049
23207,LUNCH BAG ALPHABET DESIGN,7830,448,12665.95,13325.55,659.60,753
23208,LUNCH BAG VINTAGE LEAF DESIGN,6308,73,10332.06,10441.91,109.85,672
23209,LUNCH BAG DOILEY PATTERN ,6551,4,10495.59,10502.19,6.60,496
23209,LUNCH BAG VINTAGE DOILEY ,71,0,119.63,119.63,0.00,5
23209,LUNCH BAG VINTAGE DOILY ,6548,36,10737.80,10797.00,59.20,608
23210,WHITE ROCKING HORSE HAND PAINTED,2849,200,3331.77,3551.53,219.76,196
23211,RED ROCKING HORSE HAND PAINTED,2329,24,2900.57,2930.57,30.00,161
23212,HEART WREATH DECORATION WITH BELL,2284,60,2770.89,2845.89,75.00,188
23212,PAINTED HEART WREATH WITH BELL,12,0,15.00,15.00,0.00,1
23213,STAR WREATH DECORATION WITH BELL,1682,12,2123.42,2138.42,15.00,153
23214,BELL HEART ANTIQUE GOLD,12,0,24.96,24.96,0.00,1
23214,JINGLE BELL HEART ANTIQUE GOLD,777,0,1670.08,1670.08,0.00,102
23215,JINGLE BELL HEART ANTIQUE SILVER,3564,120,6823.60,7038.40,214.80,211
23216,LAUREL HEART ANTIQUE GOLD,525,0,630.73,630.73,0.00,44
23217,LAUREL HEART ANTIQUE SILVER,1309,0,1613.82,1613.82,0.00,97
23218,LAUREL STAR ANTIQUE GOLD,379,0,483.03,483.03,0.00,40
23219,LAUREL STAR ANTIQUE SILVER ,430,0,568.60,568.60,0.00,61
23220,REINDEER HEART DECORATION GOLD,993,12,859.19,869.15,9.96,104
23221,REINDEER HEART DECORATION SILVER,1536,58,1314.90,1363.04,48.14,148
23222,CHRISTMAS TREE HANGING GOLD,799,24,698.61,718.53,19.92,77
23223,CHRISTMAS TREE HANGING SILVER ,801,12,740.23,750.19,9.96,89
23224,CHERUB HEART DECORATION GOLD,738,14,637.40,649.02,11.62,73
23225,CHERUB HEART DECORATION SILVER ,1355,84,1106.45,1176.17,69.72,92
23226,FILIGREE HEART DAISY WHITE,1247,48,1536.67,1596.67,60.00,99
23227,FILIGREE HEART BUTTERFLY WHITE ,1642,6,2062.56,2070.06,7.50,119
23228,FILIGREE HEART BIRD WHITE ,1492,144,1810.24,1960.00,149.76,126
23229,DONKEY TAIL GAME ,54,0,189.54,189.54,0.00,4
23229,VINTAGE DONKEY TAIL GAME ,1815,11,6509.28,6550.17,40.89,257
23230,WRAP ALPHABET DESIGN,7976,75,3186.42,3217.92,31.50,238
23231,WRAP DOILEY DESIGN,4703,0,1927.26,1927.26,0.00,164
23231,WRAP  VINTAGE DOILEY ,100,0,42.00,42.00,0.00,2
23231,WRAP  VINTAGE DOILY ,2474,0,1039.08,1039.08,0.00,94
23232,WRAP VINTAGE LEAF DESIGN,5251,26,2098.50,2109.42,10.92,136
23232,WRAP VINTAGE PETALS  DESIGN,3275,25,1317.00,1327.50,10.50,105
23233,WRAP POPPIES  DESIGN,5175,25,2095.00,2105.50,10.50,159
23234,BISCUIT TIN VINTAGE CHRISTMAS,1722,16,5033.54,5079.78,46.24,282
23235,BISCUIT TIN VINTAGE LEAF,24,0,64.56,64.56,0.00,3
23235,STORAGE TIN VINTAGE LEAF,712,14,1845.64,1886.10,40.46,109
23236,DOILEY BISCUIT TIN,120,0,327.60,327.60,0.00,13
23236,DOILEY STORAGE TIN,1094,5,2990.01,3004.46,14.45,127
23236,STORAGE TIN VINTAGE DOILEY ,7,0,23.13,23.13,0.00,2
23236,STORAGE TIN VINTAGE DOILY ,1272,28,3623.86,3704.78,80.92,202
23237,SET OF 4 KNICK KNACK TINS LEAF,747,14,2963.71,3020.61,56.90,131
23237,SET OF 4 KNICK KNACK TINS LEAVES ,306,3,1241.33,1253.78,12.45,56
23238,SET OF 4 KNICK KNACK TINS LONDON ,1849,16,7706.01,7771.61,65.60,282
23239,SET OF 4 KNICK KNACK TINS POPPIES,842,28,3238.04,3353.84,115.80,187
23240,SET OF 4 KNICK KNACK TINS  DOILEY ,6,0,24.90,24.90,0.00,1
23240,SET OF 4 KNICK KNACK TINS DOILEY ,1819,23,7153.74,7248.79,95.05,189
23240,SET OF 4 KNICK KNACK TINS DOILY ,2352,27,9614.83,9726.48,111.65,363
23241,TREASURE TIN GYMKHANA DESIGN,2165,7,4654.99,4669.55,14.56,368
23242,TREASURE TIN BUFFALO BILL ,1470,27,2968.47,3024.63,56.16,217
23243,SET OF TEA COFFEE SUGAR TINS PANTRY,4800,117,22943.87,23489.42,545.55,505
23244,CANNISTER VINTAGE LEAF DESIGN,12,0,23.40,23.40,0.00,2
23244,ROUND STORAGE TIN VINTAGE LEAF,864,9,1576.63,1593.58,16.95,108
23244,STORAGE TIN VINTAGE LEAF,60,0,117.00,117.00,0.00,7
23245,SET OF 3 REGENCY CAKE TINS,6345,90,30697.05,31118.55,421.50,910
23247,BISCUIT TIN 50'S CHRISTMAS,2194,46,6562.71,6681.25,118.54,314
23249,ENAMEL DINNER PLATE PANTRY,12,0,19.80,19.80,0.00,1
23249,VINTAGE RED ENAMEL TRIM PLATE,830,55,1318.59,1406.30,87.71,87
23250,ENAMEL BOWL PANTRY,24,0,30.00,30.00,0.00,2
23250,VINTAGE RED TRIM ENAMEL BOWL ,1155,121,1359.23,1501.03,141.80,116
23251,ENAMEL MUG PANTRY,12,0,15.00,15.00,0.00,1
23251,VINTAGE RED ENAMEL TRIM MUG ,1700,58,2018.25,2090.75,72.50,124
23252,ENAMEL JUG PANTRY,8,0,30.00,30.00,0.00,2
23252,VINTAGE RED ENAMEL TRIM JUG ,595,33,2107.86,2231.61,123.75,143
23253,16 PC CUTLERY SET PANTRY DESIGN,4,0,63.80,63.80,0.00,1
23253,16 PIECE CUTLERY SET PANTRY DESIGN,254,2,3753.16,3785.06,31.90,71
23254,CHILDRENS CUTLERY DOLLY GIRL ,1667,20,6670.71,6753.71,83.00,299
23254,KIDS CUTLERY DOLLY GIRL ,36,0,149.40,149.40,0.00,8
23255,CHILDRENS CUTLERY CIRCUS PARADE,1014,9,4059.87,4097.22,37.35,161
23256,CHILDRENS CUTLERY SPACEBOY ,2077,88,8179.67,8517.67,338.00,368
23256,KIDS CUTLERY SPACEBOY ,36,0,149.40,149.40,0.00,8
23263,SET OF 3 WOODEN HEART DECORATIONS,3863,47,5088.44,5147.19,58.75,450
23264,SET OF 3 WOODEN SLEIGH DECORATIONS,1963,1,2689.56,2690.81,1.25,300
23265,SET OF 3 WOODEN TREE DECORATIONS,1769,15,2386.04,2404.79,18.75,295
23266,SET OF 3 WOODEN STOCKING DECORATION,2053,12,2728.82,2743.82,15.00,320
23267,SET OF 4 SANTA PLACE SETTINGS,1202,48,1471.95,1531.95,60.00,109
23268,SET OF 2 CERAMIC CHRISTMAS REINDEER,1447,12,2000.74,2018.14,17.40,90
23269,SET OF 2 CERAMIC CHRISTMAS TREES,779,0,1152.98,1152.98,0.00,94
23270,SET OF 2 CERAMIC PAINTED HEARTS ,1174,6,1637.62,1646.32,8.70,126
23271,CHRISTMAS TABLE CANDLE SILVER SPIKE,16,0,13.28,13.28,0.00,1
23271,CHRISTMAS TABLE SILVER CANDLE SPIKE,1715,0,1483.61,1483.61,0.00,103
23272,TREE T-LIGHT HOLDER WILLIE WINKIE,364,0,562.22,562.22,0.00,44
23273,HEART T-LIGHT HOLDER WILLIE WINKIE,969,4,1642.45,1649.05,6.60,116
23274,STAR T-LIGHT HOLDER WILLIE WINKIE,1180,3,2000.05,2005.00,4.95,122
23275,SET OF 3 HANGING OWLS OLLIE BEAK,3720,77,4426.31,4521.72,95.41,329
23280,FOLDING BUTTERFLY MIRROR HOT PINK ,1867,2,1493.58,1495.24,1.66,153
23280,FOLDING MIRROR HOT PINK ,156,0,118.92,118.92,0.00,5
23281,FOLDING BUTTERFLY MIRROR RED  ,1262,0,985.88,985.88,0.00,99
23281,FOLDING MIRROR RED  ,18,0,14.94,14.94,0.00,2
23282,FOLDING BUTTERFLY MIRROR IVORY ,794,0,742.92,742.92,0.00,133
23282,FOLDING MIRROR IVORY ,18,0,14.94,14.94,0.00,2
23283,DOORMAT VINTAGE LEAF,564,7,4064.75,4122.20,57.45,144
23283,DOORMAT VINTAGE LEAVES DESIGN ,430,0,2881.18,2881.18,0.00,91
23284,DOORMAT KEEP CALM AND COME IN,5487,225,36532.39,38133.64,1601.25,735
23285,PINK VINTAGE SPOT BEAKER,4807,2,4570.71,4572.41,1.70,192
23286,BLUE VINTAGE SPOT BEAKER,5048,49,4705.97,4747.62,41.65,225
23287,RED VINTAGE SPOT BEAKER,1879,51,1560.04,1603.39,43.35,200
23288,GREEN VINTAGE SPOT BEAKER,4625,18,4429.06,4444.23,15.17,189
23289,DOLLY GIRL CHILDRENS BOWL,1622,12,1998.70,2013.70,15.00,195
23290,SPACEBOY CHILDRENS BOWL,2430,10,2877.85,2890.35,12.50,216
23291,DOLLY GIRL CHILDRENS CUP,1634,10,2046.53,2059.03,12.50,198
23292,SPACE BOY CHILDRENS CUP,131,0,145.76,145.76,0.00,6
23292,SPACEBOY CHILDRENS CUP,2050,21,2531.32,2557.57,26.25,222
23293,SET OF 12 FAIRY CAKE BAKING CASES,8471,32,6962.98,6989.54,26.56,557
23294,SET OF 6 SNACK LOAF BAKING CASES,4392,13,3597.02,3607.81,10.79,358
23295,SET OF 12 MINI LOAF BAKING CASES,6134,13,5062.66,5073.45,10.79,449
23296,SET OF 6 TEA TIME BAKING CASES,4979,27,5951.80,5985.55,33.75,384
23297,SET 40 HEART SHAPE PETIT FOUR CASES,4303,26,6749.33,6792.23,42.90,165
23298,"BUNTING , SPOTTY ",146,0,634.70,634.70,0.00,7
23298,SPOTTY BUNTING,8320,110,42030.67,42513.48,482.81,1152
23299,FOOD COVER WITH BEADS SET 2 ,1009,8,3731.63,3761.63,30.00,147
23299,"FOOD COVER WITH BEADS , SET 2 SIZES",3,0,11.25,11.25,0.00,1
23300,GARDENERS KNEELING PAD CUP OF TEA ,6809,152,11554.39,11785.99,231.60,765
23301,GARDENERS KNEELING PAD KEEP CALM ,8807,114,16158.45,16327.35,168.90,924
23302,KNEELING MAT HOUSEWORK  DESIGN,1536,36,2127.18,2181.42,54.24,235
23303,SET 4 PICNIC CUTLERY FONDANT,65,0,126.75,126.75,0.00,6
23304,SET 4 PICNIC CUTLERY CHERRY ,71,0,138.45,138.45,0.00,9
23305,SET 4 PICNIC CUTLERY BLUEBERRY,82,0,159.90,159.90,0.00,9
23306,SET OF 36 DOILIES PANTRY DESIGN,2741,7,3973.45,3983.60,10.15,246
23306,SET OF 36 PANTRY PAPER DOILIES,67,0,139.78,139.78,0.00,33
23307,SET OF 60 PANTRY DESIGN CAKE CASES ,12049,88,6323.49,6371.89,48.40,634
23308,SET OF 60 VINTAGE LEAF CAKE CASES ,6139,0,3272.61,3272.61,0.00,382
23309,SET OF 60 I LOVE LONDON CAKE CASES ,8275,64,4460.65,4495.85,35.20,411
23310,BUBBLEGUM RING ASSORTED,12050,0,4997.28,4997.28,0.00,245
23311,VINTAGE CHRISTMAS STOCKING ,2390,15,6449.95,6488.20,38.25,348
23312,VINTAGE CHRISTMAS GIFT SACK,1423,1,5960.00,5964.15,4.15,215
23313,VINTAGE CHRISTMAS BUNTING,2990,13,15734.31,15798.66,64.35,403
23314,VINTAGE CHRISTMAS TABLECLOTH,407,5,4950.46,5012.96,62.50,119
23315,IVORY REFECTORY CLOCK,213,12,1996.44,2094.24,97.80,87
23316,RED REFECTORY CLOCK ,250,1,2491.69,2501.64,9.95,111
23317,BLUE REFECTORY CLOCK ,173,0,1777.46,1777.46,0.00,82
23318,BOX OF 6 MINI VINTAGE CRACKERS,3809,168,8793.70,9162.41,368.71,383
23319,BOX OF 6 MINI 50'S CRACKERS,3720,116,8974.56,9219.53,244.97,409
23320,GIANT 50'S CHRISTMAS CRACKER,2661,13,7016.00,7053.57,37.57,335
23321,SMALL WHITE HEART OF WICKER,4716,39,8374.19,8438.54,64.35,633
23322,LARGE WHITE HEART OF WICKER,3069,63,8708.36,8878.21,169.85,572
23323,WHITE WICKER STAR ,1469,3,3140.48,3146.78,6.30,297
23324,RUSTIC STRAWBERRY JAM POT LARGE ,279,35,509.97,577.48,67.51,40
23324,RUSTIC STRAWBERRY JAMPOT LARGE ,120,0,238.56,238.56,0.00,6
23325,RUSTIC STRAWBERRY JAM POT SMALL,426,18,651.84,681.54,29.70,35
23325,RUSTIC STRAWBERRY JAMPOT SMALL,36,0,59.40,59.40,0.00,3
23326,HANGING MINI COLOURED BOTTLES,3442,0,2237.08,2237.08,0.00,76
23327,HANGING CLEAR MINI BOTTLE,1734,8,1046.42,1051.14,4.72,43
23328,SET 6 SCHOOL MILK BOTTLES IN CRATE,2841,8,13239.85,13269.49,29.64,410
23329,DECORATIVE WICKER HEART LARGE,1767,3,3033.24,3038.19,4.95,234
23330,DECORATIVE WICKER HEART MEDIUM,1794,6,2279.47,2286.97,7.50,217
23331,DECORATIVE WICKER HEART SMALL,1596,0,1062.28,1062.28,0.00,109
23332,IVORY WICKER HEART LARGE,2059,2,3539.41,3542.71,3.30,288
23333,IVORY WICKER HEART MEDIUM,2089,12,2680.45,2695.45,15.00,234
23334,IVORY WICKER HEART SMALL,2271,0,1491.75,1491.75,0.00,130
23335,EGG FRYING PAN IVORY ,377,12,765.82,790.78,24.96,98
23336,EGG FRYING PAN PINK ,225,0,519.25,519.25,0.00,85
23337,EGG FRYING PAN MINT ,180,0,388.75,388.75,0.00,69
23338,EGG FRYING PAN RED ,431,6,902.92,915.40,12.48,110
23339,EGG FRYING PAN BLUE ,173,0,400.84,400.84,0.00,76
23340,VINTAGE CHRISTMAS CAKE FRILL,2500,0,4034.08,4034.08,0.00,151
23341,PINK DINER WALL CLOCK,307,0,2741.35,2741.35,0.00,121
23342,MINT DINER CLOCK,2,0,17.00,17.00,0.00,1
23342,MINT DINER WALL CLOCK,371,1,3150.91,3159.41,8.50,163
23343,JUMBO BAG VINTAGE CHRISTMAS ,6078,271,13467.03,13972.71,505.68,483
23344,JUMBO BAG 50'S CHRISTMAS ,10285,262,23285.11,23772.07,486.96,723
23345, DOLLY GIRL BEAKER,2451,7,2877.50,2886.25,8.75,176
23346,SPACEBOY BEAKER,2628,6,3104.84,3112.34,7.50,185
23347,I LOVE LONDON BEAKER,860,34,1034.80,1077.30,42.50,100
23348,CHILDRENS TOY COOKING UTENSIL SET,746,23,1586.55,1633.81,47.26,176
23349,ROLL WRAP VINTAGE CHRISTMAS,3221,24,4312.60,4342.60,30.00,339
23350,ROLL WRAP VINTAGE SPOT ,2712,24,3415.08,3445.08,30.00,307
23351,ROLL WRAP 50'S CHRISTMAS,3535,96,4770.77,4875.65,104.88,357
23352,ROLL WRAP 50'S RED CHRISTMAS ,1800,12,2444.20,2459.20,15.00,213
23353,6 GIFT TAGS VINTAGE CHRISTMAS ,4007,24,3490.13,3510.05,19.92,329
23354,6 GIFT TAGS 50'S CHRISTMAS ,3740,60,3379.60,3429.40,49.80,325
23355,HOT WATER BOTTLE KEEP CALM,5816,96,28301.20,28718.80,417.60,790
23356,LOVE HOT WATER BOTTLE,2359,9,13280.77,13334.32,53.55,478
23357,HOT WATER BOTTLE SEX BOMB,450,0,1982.05,1982.05,0.00,102
23358,HOT STUFF HOT WATER BOTTLE,594,38,1882.44,2008.38,125.94,91
23359,SET OF 12 T-LIGHTS VINTAGE DOILEY,61,0,118.95,118.95,0.00,6
23359,SET OF 12 T-LIGHTS VINTAGE DOILY,929,0,1747.51,1747.51,0.00,73
23360,SET 8 CANDLES VINTAGE DOILEY,122,0,216.30,216.30,0.00,7
23360,SET 8 CANDLES VINTAGE DOILY,1060,0,2070.10,2070.10,0.00,107
23365,SET 12 COLOUR PENCILS LOVE LONDON,1857,0,1463.08,1463.08,0.00,169
23366,SET 12 COLOURING PENCILS DOILEY,1,0,0.65,0.65,0.00,1
23366,SET 12 COLOURING PENCILS DOILY,2200,0,1636.10,1636.10,0.00,191
23366,SET 12 COLOUR PENCILS DOILEY,48,0,31.20,31.20,0.00,3
23367,SET 12 COLOUR PENCILS SPACEBOY ,3278,16,2480.80,2491.20,10.40,283
23368,SET 12 COLOUR PENCILS DOLLY GIRL ,2379,6,1675.65,1679.55,3.90,234
23369,SET 36 COLOUR PENCILS LOVE LONDON,1105,0,1581.06,1581.06,0.00,126
23370,SET 36 COLOURING PENCILS DOILEY,1,0,1.25,1.25,0.00,1
23370,SET 36 COLOURING PENCILS DOILY,1485,1,2069.10,2070.35,1.25,148
23370,SET 36 COLOUR PENCILS DOILEY,64,0,80.00,80.00,0.00,3
23371,SET 36 COLOUR PENCILS SPACEBOY ,1705,0,2304.78,2304.78,0.00,185
23372,SET 36 COLOUR PENCILS DOLLY GIRL,1389,16,1730.29,1750.29,20.00,148
23373,VINTAGE CHRISTMAS PAPER GIFT BAG,1608,0,1313.39,1313.39,0.00,100
23374,RED SPOT PAPER GIFT BAG,2456,16,1949.71,1962.83,13.12,134
23375,50'S CHRISTMAS PAPER GIFT BAG,1342,1,1099.87,1100.69,0.82,104
23376,PACK OF 12 VINTAGE CHRISTMAS TISSUE,3039,24,1375.55,1384.91,9.36,156
23377,PACK OF 12 DOLLY GIRL TISSUES,1351,8,589.33,592.45,3.12,134
23378,PACK OF 12 50'S CHRISTMAS TISSUES,3997,0,1840.08,1840.08,0.00,176
23379,PACK OF 12 RED APPLE TISSUES,1220,0,465.36,465.36,0.00,76
23380,PACK OF 12 DOILEY TISSUES,72,0,28.08,28.08,0.00,2
23380,PACK OF 12 VINTAGE DOILY TISSUES,2272,36,941.38,955.42,14.04,121
23381,PACK OF 12 VINTAGE LEAF TISSUES ,1496,0,562.88,562.88,0.00,80
23382,BOX OF 6 CHRISTMAS CAKE DECORATIONS,1875,17,7292.43,7356.18,63.75,223
23388,WOODLAND MINI BACKPACK,816,0,3411.34,3411.34,0.00,152
23388,WOODLAND MINI RUCKSACK ,5,0,20.75,20.75,0.00,2
23389,SPACEBOY MINI BACKPACK,1102,2,4689.24,4697.54,8.30,234
23389,SPACEBOY MINI RUCKSACK,13,0,53.95,53.95,0.00,4
23390,DOLLY GIRL MINI BACKPACK,739,1,2988.24,2992.39,4.15,162
23390,DOLLY GIRL MINI RUCKSACK,8,0,33.20,33.20,0.00,2
23391, I LOVE LONDON MINI BACKPACK,388,0,1624.02,1624.02,0.00,86
23391, I LOVE LONDON MINI RUCKSACK,1,0,4.15,4.15,0.00,1
23392,SPACEBOY ROCKET LOLLY MAKERS,662,24,1425.11,1475.03,49.92,114
23393,HOME SWEET HOME CUSHION COVER ,801,21,3129.16,3207.91,78.75,235
23394,POSTE FRANCE CUSHION COVER,435,0,1877.65,1877.65,0.00,150
23395,BELLE JARDINIERE CUSHION COVER,748,7,3230.83,3257.08,26.25,215
23396,BUTTERFLY CUSHION COVER,8,0,30.00,30.00,0.00,2
23396,LA JARDIN BOTANIQUE CUSHION COVER,87,0,375.53,375.53,0.00,28
23396,LE JARDIN BOTANIQUE CUSHION COVER,559,4,2330.00,2345.00,15.00,167
23397,FOOT STOOL HOME SWEET HOME ,489,6,5037.95,5097.65,59.70,222
23398,HANGING HEART BONHEUR,606,1,534.50,535.35,0.85,70
23399,HOME SWEET HOME HANGING HEART,1914,0,1745.55,1745.55,0.00,225
23400,SHELF WITH 4 HOOKS HOME SWEET HOME,461,2,2396.84,2409.34,12.50,108
23401,RUSTIC MIRROR WITH LACE HEART,459,3,2336.12,2354.87,18.75,86
23402,HOME SWEEET HOME 3 PEG HANGER ,25,0,93.75,93.75,0.00,4
23402,HOME SWEET HOME 3 PEG HANGER ,271,0,1053.53,1053.53,0.00,64
23403,LETTER HOLDER HOME SWEET HOME,625,3,2192.86,2204.11,11.25,137
23404,HOME SWEET HOME BLACKBOARD,1011,29,4418.21,4561.76,143.55,183
23405,HOME SWEET HOME 2 DRAWER CABINET,252,1,1306.53,1311.48,4.95,71
23406,HOME SWEET HOME KEY HOLDER,456,3,2403.91,2422.66,18.75,113
23407,SET OF 2 TRAYS HOME SWEET HOME,265,6,2649.73,2709.43,59.70,137
23408,PHOTO FRAME LINEN AND LACE SMALL,310,14,615.68,644.80,29.12,62
23409,PHOTO FRAME LINEN AND LACE LARGE,215,7,775.43,801.68,26.25,45
23410,CURIO CABINET LINEN AND LACE ,36,1,281.95,290.10,8.15,19
23411, TRELLIS COAT RACK,227,1,1113.66,1118.61,4.95,57
23412,HEART MIRROR ANTIQUE WHITE,358,2,2339.80,2354.80,15.00,77
23413,DECORATIVE VINTAGE COFFEE  BOX,52,0,277.00,277.00,0.00,22
23413,DECROTIVEVINTAGE COFFEE GRINDER BOX,12,0,71.08,71.08,0.00,6
23413,VINTAGE COFFEE GRINDER BOX,109,12,511.43,561.23,49.80,31
23414,ZINC BOX SIGN HOME,141,4,1338.95,1378.75,39.80,65
23415,HOME SWEET HOME HOOK,328,5,403.93,412.18,8.25,48
23416,CHAMBRE HOOK,132,0,184.68,184.68,0.00,25
23417,BATHROOM HOOK,146,0,157.50,157.50,0.00,27
23418,LAVENDER TOILETTE BOTTLE,557,0,1166.00,1166.00,0.00,79
23419,HOME SWEET HOME BOTTLE ,473,1,1041.64,1043.72,2.08,87
23420,PANTRY HOOK TEA STRAINER ,164,0,351.37,351.37,0.00,32
23421,PANTRY HOOK SPATULA,160,0,349.20,349.20,0.00,33
23422,PANTRY HOOK BALLOON WHISK ,213,0,477.89,477.89,0.00,47
23423,PANTRY 3 HOOK ROLLING PIN HANGER,219,5,858.15,876.90,18.75,69
23424,GINGHAM RECIPE BOOK BOX,462,1,2504.67,2509.62,4.95,136
23425,STORAGE TIN HOME SWEET HOME,275,7,604.01,621.44,17.43,59
23426,METAL SIGN DROP YOUR PANTS,1275,6,3427.09,3444.43,17.34,207
23427,STOOL HOME SWEET HOME ,237,2,2837.68,2860.58,22.90,116
23428,IVORY RETRO KITCHEN WALL CLOCK,77,2,659.61,675.91,16.30,34
23429,RED RETRO KITCHEN WALL CLOCK,47,0,400.01,400.01,0.00,23
23430,BLUE RETRO KITCHEN WALL CLOCK,36,0,301.88,301.88,0.00,18
23431,NATURAL HANGING QUILTED HEARTS ,1449,16,1157.95,1171.23,13.28,75
23432,PRETTY HANGING QUILTED HEARTS,1276,0,1088.36,1088.36,0.00,74
23433,HANGING QUILTED PATCHWORK APPLES,1258,47,1069.57,1108.58,39.01,92
23434,3 RAFFIA RIBBONS 50'S CHRISTMAS ,2095,10,1876.27,1884.17,7.90,200
23435,3 RAFFIA RIBBONS VINTAGE CHRISTMAS,824,0,732.42,732.42,0.00,99
23436,GIFT BAG LARGE VINTAGE CHRISTMAS,148,0,185.00,185.00,0.00,9
23436,VINTAGE CHRISTMAS GIFT BAG LARGE ,1831,15,2163.64,2182.39,18.75,107
23437, 50'S CHRISTMAS GIFT BAG LARGE,1915,2,2341.13,2343.63,2.50,130
23437,GIFT BAG LARGE 50'S CHRISTMAS,24,0,30.00,30.00,0.00,2
23438,GIFT BAG LARGE SPOT ,96,0,120.00,120.00,0.00,6
23438, RED SPOT GIFT BAG LARGE,1713,0,2089.92,2089.92,0.00,103
23439,HAND WARMER RED LOVE HEART,3986,0,8855.51,8855.51,0.00,397
23440,PAINT YOUR OWN EGGS IN CRATE,164,0,299.36,299.36,0.00,5
23441,HAND PAINTED HANGING EASTER EGG,22,0,9.24,9.24,0.00,3
23442,12 HANGING EGGS HAND PAINTED,40,0,83.20,83.20,0.00,7
23444,Next Day Carriage,79,1,1185.00,1200.00,15.00,80
23445,ICE CREAM BUBBLES,2668,20,2144.64,2161.24,16.60,102
23446,BLUE BUNNY EASTER EGG BASKET,157,0,230.25,230.25,0.00,3
23447,PINK BUNNY EASTER EGG BASKET,158,0,231.90,231.90,0.00,4
23448,CREAM BUNNY EASTER EGG BASKET,25,0,41.25,41.25,0.00,3
23449,SET OF 6 EASTER RAINBOW CHICKS,12,0,15.00,15.00,0.00,1
23451,SQUARE MINI PORTRAIT FRAME,277,0,556.17,556.17,0.00,52
23452,HEART MINI PORTRAIT FRAME,518,1,1019.81,1021.76,1.95,88
23453,OVAL  MINI PORTRAIT FRAME,316,0,615.98,615.98,0.00,47
23454,SET OF 3 MINI HANGING PORTRAITS,32,0,123.20,123.20,0.00,2
23454,THREE MINI HANGING FRAMES,142,2,601.70,610.00,8.30,51
23455,SMALL PARLOUR FRAME,42,0,106.98,106.98,0.00,2
23455,SMALL PARLOUR PICTURE FRAME,165,0,462.45,462.45,0.00,33
23456,MEDIUM PARLOUR FRAME ,22,0,84.10,84.10,0.00,2
23456,MEDIUM PARLOUR PICTURE FRAME ,136,2,541.70,550.00,8.30,35
23457,LARGE PARLOUR FRAME,27,0,122.85,122.85,0.00,2
23457,LARGE PARLOUR PICTURE FRAME,85,0,427.03,427.03,0.00,29
23458,DOLLY CABINET 3 DRAWERS ,51,5,687.70,762.45,74.75,34
23459,DOLLY CABINET 2 DRAWERS ,33,3,375.00,412.50,37.50,21
23460,SWEETHEART WALL TIDY ,108,5,957.33,1007.08,49.75,47
23461,SWEETHEART BIRD HOUSE,847,4,3024.61,3041.21,16.60,95
23462,ROCOCO WALL MIROR,2,0,39.90,39.90,0.00,1
23462,ROCOCO WALL MIRROR WHITE,78,18,1217.04,1567.14,350.10,57
23463,VINTAGE ZINC WATERING CAN,13,0,139.40,139.40,0.00,8
23464,VINTAGE ZINC WATERING CAN SMALL,18,0,99.20,99.20,0.00,8
23465,TUSCAN VILLA BIRD FEEDER,17,0,148.63,148.63,0.00,9
23465,TUSCAN VILLA FEEDING STATION,12,0,99.00,99.00,0.00,7
23466,TUSCAN VILLA DOVECOTE,12,0,99.00,99.00,0.00,4
23466,TUSCAN VILLA DOVECOTE BIRD FEEDER,43,1,390.78,399.03,8.25,24
23467,VINTAGE ZINC PLANTER  ,32,0,120.08,120.08,0.00,11
23468,TUSCAN VILLA BIRD TABLE ,19,0,156.75,156.75,0.00,11
23469,CARD HOLDER LOVE BIRD SMALL,332,4,1338.64,1355.24,16.60,74
23470,CARD HOLDER LOVE BIRD LARGE ,232,12,1389.80,1460.50,70.70,92
23471,SIX DRAWER OFFICE TIDY,65,0,616.79,616.79,0.00,27
23472, NINE DRAWER OFFICE TIDY,58,0,894.42,894.42,0.00,33
23473,WOODLAND SMALL RED FELT HEART,678,0,552.02,552.02,0.00,51
23474,WOODLAND SMALL BLUE FELT HEART,312,0,270.96,270.96,0.00,37
23475,WOODLAND SMALL PINK FELT HEART,286,0,242.18,242.18,0.00,31
23476,WOODLAND LARGE RED FELT HEART,205,0,264.72,264.72,0.00,22
23477,WOODLAND LARGE BLUE FELT HEART,92,0,123.47,123.47,0.00,13
23478,WOODLAND LARGE PINK FELT HEART,285,0,324.40,324.40,0.00,13
23479,WIRE EGG BASKET ,113,0,872.38,872.38,0.00,44
23480,MINI LIGHTS WOODLAND MUSHROOMS,1798,20,6651.04,6719.14,68.10,217
23481,PEARLISED IVORY HEART SMALL ,228,0,281.17,281.17,0.00,29
23482,PEARLISED IVORY HEART LARGE ,418,0,661.02,661.02,0.00,39
23483,HANGING  BUTTERFLY T-LIGHT HOLDER,1328,22,1610.12,1636.36,26.24,77
23484,HEART TRELLIS TRIPLE T-LIGHT HOLDER,129,0,395.11,395.11,0.00,30
23484,HEART TRELLISTRIPLE T-LIGHT HOLDER,56,0,152.24,152.24,0.00,5
23485,BOTANICAL GARDENS WALL CLOCK ,262,18,5436.52,5843.92,407.40,96
23486,ANTIQUE HEART SHELF UNIT,275,13,3945.82,4145.47,199.65,80
23487,SWEET HEART CAKE CARRIER,80,9,706.03,795.58,89.55,50
23489,"GARLAND, VINTAGE BELLS",92,0,265.88,265.88,0.00,10
23489,VINTAGE BELLS GARLAND,821,0,2443.35,2443.35,0.00,149
23490,T-LIGHT HOLDER HANGING LOVE BIRD,542,3,2021.52,2032.77,11.25,102
23491,VINTAGE JINGLE BELLS HEART,228,1,1889.51,1897.76,8.25,79
23492,VINTAGE JINGLE BELLS WREATH,76,0,635.38,635.38,0.00,28
23493,VINTAGE DOILY TRAVEL SEWING KIT,3964,6,8486.58,8497.98,11.40,418
23494,VINTAGE DOILY DELUXE SEWING KIT ,809,65,4967.26,5354.01,386.75,216
23495,SET OF 3 PANTRY WOODEN SPOONS,225,0,306.66,306.66,0.00,41
23496,PANTRY KITCHEN THERMOMETER ,112,0,154.52,154.52,0.00,31
23497,CLASSIC CHROME BICYCLE BELL ,2498,12,3561.22,3578.62,17.40,194
23497,CLASSIC CROME BICYCLE BELL ,60,0,77.40,77.40,0.00,2
23498,CLASSIC BICYCLE CLIPS ,1640,0,2372.68,2372.68,0.00,99
23499,SET 12 VINTAGE DOILY CHALK ,1312,0,586.23,586.23,0.00,110
23500,KEY RING BASEBALL BOOT ASSORTED ,1626,0,2038.33,2038.33,0.00,98
23501,KEY RING BASEBALL BOOT UNION JACK,1821,0,2217.87,2217.87,0.00,112
23502,PLAYING CARDS VINTAGE DOILEY ,13,0,16.25,16.25,0.00,2
23502,PLAYING CARDS VINTAGE DOILY ,701,0,880.16,880.16,0.00,92
23503,PLAYING CARDS KEEP CALM & CARRY ON,3643,2,4858.05,4860.55,2.50,337
23504,PLAYING CARDS JUBILEE UNION JACK,1927,0,2848.89,2848.89,0.00,208
23505,PLAYING CARDS I LOVE LONDON ,1200,0,1651.29,1651.29,0.00,115
23506,MINI PLAYING CARDS SPACEBOY ,2723,0,1129.12,1129.12,0.00,146
23507,MINI PLAYING CARDS BUFFALO BILL ,2882,0,1155.67,1155.67,0.00,119
23508,MINI PLAYING CARDS DOLLY GIRL ,2627,2,1162.61,1163.45,0.84,121
23509,MINI PLAYING CARDS FUN FAIR ,1062,0,451.46,451.46,0.00,65
23510,MINI PLAYING CARDS GYMKHANA,2521,0,1118.80,1118.80,0.00,120
23511,EMBROIDERED RIBBON REEL EMILY ,571,5,1241.61,1252.01,10.40,99
23512,EMBROIDERED RIBBON REEL ROSIE,500,0,975.24,975.24,0.00,57
23513,EMBROIDERED RIBBON REEL SUSIE ,566,6,1101.78,1114.26,12.48,71
23514,EMBROIDERED RIBBON REEL SALLY ,478,6,964.91,977.39,12.48,75
23515,EMBROIDERED RIBBON REEL DAISY ,579,0,1164.98,1164.98,0.00,71
23516,EMBROIDERED RIBBON REEL SOPHIE  ,296,0,1058.60,1058.60,0.00,42
23517,EMBROIDERED RIBBON REEL REBECCA ,334,0,996.38,996.38,0.00,63
23518,EMBROIDERED RIBBON REEL RACHEL ,361,6,963.07,980.41,17.34,45
23519,EMBROIDERED RIBBON REEL CLAIRE,224,0,792.31,792.31,0.00,24
23520,EMBROIDERED RIBBON REEL RUBY ,167,0,600.55,600.55,0.00,32
23521,CAT AND BIRD WALL ART,270,0,323.64,323.64,0.00,4
23521,WALL ART CAT AND BIRD ,143,0,469.73,469.73,0.00,40
23522,DOG AND BALL WALL ART,252,0,425.88,425.88,0.00,4
23522,WALL ART DOG AND BALL ,102,0,301.56,301.56,0.00,28
23523,TREASURE AHOY WALL ART,270,0,833.46,833.46,0.00,16
23523,WALL ART TREASURE AHOY ,90,6,317.85,340.35,22.50,26
23524,HORSE & PONY WALL ART,256,0,797.31,797.31,0.00,17
23524,WALL ART HORSE & PONY ,225,6,737.82,760.32,22.50,47
23525,BUFFALO BILL WALL ART ,248,0,852.72,852.72,0.00,16
23525,WALL ART BUFFALO BILL ,334,6,988.60,1011.10,22.50,38
23526,DOG LICENCE WALL ART,408,0,2081.64,2081.64,0.00,29
23526,WALL ART DOG LICENCE ,604,16,3844.56,3939.76,95.20,116
23527,ANIMALS AND NATURE WALL ART,267,0,923.97,923.97,0.00,17
23527,WALL ART ANIMALS AND NATURE ,153,7,478.34,504.59,26.25,33
23528,SPACEBOY WALL ART,306,0,885.90,885.90,0.00,13
23528,WALL ART SPACEBOY,173,0,618.59,618.59,0.00,37
23529,DOLLY GIRL WALL ART,318,0,1055.94,1055.94,0.00,11
23529,WALL ART DOLLY GIRL ,319,0,956.05,956.05,0.00,26
23530,WALL ART ONLY ONE PERSON ,1050,0,4406.57,4406.57,0.00,86
23530,"WALL ART,ONLY ONE PERSON ",6,0,29.70,29.70,0.00,1
23531,WALL ART BIG LOVE ,976,0,5538.26,5538.26,0.00,112
23532,WALL ART WORK REST AND PLAY  ,210,0,901.58,901.58,0.00,31
23533,WALL ART GARDEN HAVEN ,215,0,998.64,998.64,0.00,36
23534,STOP FOR TEA WALL ART,518,0,2572.70,2572.70,0.00,41
23534,WALL ART STOP FOR TEA ,869,7,5994.55,6036.20,41.65,220
23535,BICYCLE SAFTEY WALL ART,458,0,2371.94,2371.94,0.00,39
23535,WALL ART BICYCLE SAFETY,845,1,5948.20,5954.15,5.95,174
23535,WALL ART BICYCLE SAFTEY ,21,0,114.15,114.15,0.00,3
23536,VILLAGE SHOW WALL ART,386,0,2072.42,2072.42,0.00,18
23536,WALL ART VILLAGE SHOW ,240,4,1345.91,1369.71,23.80,68
23537,I LOVE LONDON WALL ART,12,0,59.40,59.40,0.00,2
23537,WALL ART I LOVE LONDON ,99,0,521.73,521.73,0.00,32
23538,WALL ART VINTAGE HEART,331,0,1329.54,1329.54,0.00,32
23539,"WALL ART , LOVES' SECRET ",8,0,47.60,47.60,0.00,2
23539,WALL ART LOVES' SECRET ,239,0,1180.35,1180.35,0.00,39
23540,"WALL ART , THE MAGIC FOREST ",2,0,13.90,13.90,0.00,1
23540,WALL ART THE MAGIC FOREST ,148,0,933.16,933.16,0.00,13
23541,WALL ART CLASSIC PUDDINGS ,864,2,6746.21,6762.71,16.50,151
23541,"WALL ART ,PUDDINGS ",8,0,61.20,61.20,0.00,2
23542,70'S ALPHABET WALL ART,150,0,1043.10,1043.10,0.00,15
23542,WALL ART 70'S ALPHABET ,356,6,2708.36,2757.06,48.70,77
23543,KEEP CALM WALL ART ,269,0,2015.97,2015.97,0.00,20
23543,WALL ART KEEP CALM ,967,0,4994.79,4994.79,0.00,83
23544,WALL ART MID CENTURY MODERN ,164,1,1007.53,1015.78,8.25,21
23545,WRAP RED DOILEY,380,0,159.60,159.60,0.00,16
23545,WRAP RED VINTAGE DOILY,2100,0,866.00,866.00,0.00,68
23546,WRAP PAISLEY PARK ,3250,0,1365.00,1365.00,0.00,120
23547,WRAP FLOWER SHOP  ,1575,0,661.50,661.50,0.00,62
23548,WRAP MAGIC FOREST ,1075,0,451.50,451.50,0.00,43
23549,WRAP BIRD GARDEN ,1305,0,548.10,548.10,0.00,52
23550,WRAP ALPHABET POSTER  ,1855,0,763.10,763.10,0.00,64
23551,PACK OF 12 PAISLEY PARK TISSUES ,1840,0,839.84,839.84,0.00,136
23552,BICYCLE PUNCTURE REPAIR KIT ,1863,0,3881.91,3881.91,0.00,116
23553,LANDMARK FRAME CAMDEN TOWN ,568,0,6444.65,6444.65,0.00,68
23554,LANDMARK FRAME OXFORD STREET,422,0,4805.53,4805.53,0.00,57
23555,LANDMARK FRAME NOTTING HILL ,421,0,4780.57,4780.57,0.00,50
23556,LANDMARK FRAME COVENT GARDEN ,436,1,4924.51,4937.01,12.50,54
23557,LANDMARK FRAME BAKER STREET ,350,0,3930.27,3930.27,0.00,32
23558,LANDMARK FRAME LONDON BRIDGE ,415,0,4703.87,4703.87,0.00,52
23559,WOODLAND BUNNIES LOLLY MAKERS,649,0,1482.41,1482.41,0.00,124
23560,SET OF 6 RIBBONS COUNTRY STYLE,172,0,499.18,499.18,0.00,26
23561,SET OF 6 RIBBONS PARTY,170,0,476.00,476.00,0.00,16
23562,SET OF 6 RIBBONS PERFECTLY PRETTY  ,251,0,724.59,724.59,0.00,43
23564,EGG CUP MILKMAID INGRID,644,0,841.31,841.31,0.00,76
23565,EGG CUP MILKMAID HELGA ,410,5,580.06,586.31,6.25,65
23566,EGG CUP MILKMAID HEIDI,881,4,1151.93,1156.93,5.00,84
23567,EGG CUP HENRIETTA HEN PINK,211,1,290.33,291.58,1.25,38
23568,EGG CUP HENRIETTA HEN CREAM ,630,1,786.27,787.52,1.25,49
23569,TRADTIONAL ALPHABET STAMP SET,954,2,4707.76,4717.66,9.90,193
23570,TRADITIONAL PICK UP STICKS GAME ,2772,0,4931.87,4931.87,0.00,276
23571,TRADITIONAL NAUGHTS & CROSSES,2841,0,6406.91,6406.91,0.00,257
23574,PACKING CHARGE,14,2,90.00,105.00,15.00,16
23575,SNACK TRAY PAISLEY PARK,179,0,367.35,367.35,0.00,32
23576,SNACK TRAY RED VINTAGE DOILY,198,0,400.04,400.04,0.00,37
23578,SNACK TRAY RED GINGHAM,60,0,125.72,125.72,0.00,14
23579,SNACK TRAY I LOVE LONDON,169,0,358.75,358.75,0.00,35
23580,SNACK TRAY HAPPY FOREST  ,116,0,234.92,234.92,0.00,25
23581,JUMBO BAG PAISLEY PARK,5020,122,11357.07,11581.83,224.76,342
23582,VINTAGE DOILY JUMBO BAG RED ,4802,121,9983.73,10206.41,222.68,262
23583,LUNCH BAG PAISLEY PARK  ,3385,10,5480.83,5497.33,16.50,326
23597,PAPER BUNTING PAISLEY PARK,249,6,661.37,679.07,17.70,32
23598,PAPER BUNTING VINTAGE PARTY,427,0,1215.53,1215.53,0.00,47
23601,SET 10 CARDS SNOWY SNOWDROPS  17100,8,0,19.92,19.92,0.00,4
23602,SET 10 CARDS 3 WISE MEN 17107,1,0,2.91,2.91,0.00,1
23603,SET 10 CARD KRAFT REINDEER 17084,20,0,49.80,49.80,0.00,14
23604,SET 10 MINI SANTA & SNOWMAN  17087,4,0,6.64,6.64,0.00,2
23605,SET 10 CARDS 12 DAYS OF XMAS 17059,4,0,11.64,11.64,0.00,1
23607,SET 10 CARDS HATS & STOCKINGS 17081,8,0,13.28,13.28,0.00,7
23608,SET 10 CARDS RUDOLPHS NOSE 17097,4,0,11.64,11.64,0.00,3
23609,SET 10 CARDS SNOWY ROBIN 17099,1,0,2.91,2.91,0.00,1
23610,SET 10 CARDS CHRISTMAS ROBIN 17095,3,0,6.24,6.24,0.00,3
23611,SET 10 CARDS RED RIDING HOOD 17214,40,0,99.60,99.60,0.00,16
23612,SET 10 MINICARDS CUTE SNOWMAN 17071,5,0,8.30,8.30,0.00,2
23613,SET 10 XMAS CARDS & BADGES 17070,11,0,27.39,27.39,0.00,6
23614,SET 10 CARDS 12 DAYS WRAP  17058,26,0,86.58,86.58,0.00,11
23615,SET 10 CARDS PRINTED GRAPHIC 17219,4,0,9.96,9.96,0.00,4
23616,SET 10 CARDS JINGLE BELLS 17217,8,0,19.92,19.92,0.00,7
23617,SET 10 CARDS SWIRLY XMAS TREE 17104,2,0,5.82,5.82,0.00,1
23619,SET 10 CARDS POINSETTIA 17093,4,0,9.96,9.96,0.00,2
23620,SET 10 CARDS PERFECT POST 17090,10,0,24.90,24.90,0.00,7
23621,SET 10 CARDS DAVID'S MADONNA 17074,6,0,14.94,14.94,0.00,4
23623,SET 10 CARD CHRISTMAS WELCOME 17112,8,0,23.28,23.28,0.00,6
23624,SET 10 CARD PERFECT NATIVITY 17089,4,0,9.96,9.96,0.00,4
23625,SET 6 CARDS SPARKLY REINDEER 17262,9,0,44.91,44.91,0.00,4
23626,SET 10 CARDS DINKY TREE 17076,43,0,107.07,107.07,0.00,16
23627,SET 10 CARDS XMAS GRAPHIC  17218,7,0,17.43,17.43,0.00,2
23628,SET 10 CARDS TRIANGLE ICONS  17220,1,0,2.91,2.91,0.00,1
23629,SET 10 CARDS DRESSING UP 17077,24,0,59.76,59.76,0.00,10
23630,SET 10 CARDS HANGING BAUBLES 17080,2,1,2.49,5.48,2.99,3
23632,SET 10 CARDS CHEERFUL ROBIN 17065,15,0,31.20,31.20,0.00,10
23633,SET 10 CARDS WORLD CHILDREN 17067,3,0,7.47,7.47,0.00,3
23634,SET 10 CARDS XMAS CHOIR 17068,5,0,14.55,14.55,0.00,5
23635,SET 10 CARDS CHRISTMAS HOLLY  17259,3,0,12.48,12.48,0.00,3
23636,SET 10 CARDS WISHING TREE 17116,9,0,26.19,26.19,0.00,7
23637,SET 10 CARDS OUT OF ORDER 17216,11,0,27.39,27.39,0.00,9
23638,SET 10 CARDS ROBIN WATERPUMP  17096,2,0,5.82,5.82,0.00,2
23639,SET 10 CARDS MAGICAL TREE 17086,4,0,13.32,13.32,0.00,4
23640,SET 10 CARDS SCOTTIE DOG 17211,9,0,22.41,22.41,0.00,8
23643,SET 10 CARDS CHRISTMAS BAUBLE 16954,1,0,3.33,3.33,0.00,1
23644,SET 10 CARDS CHRISTMAS TREE 16955,5,0,16.65,16.65,0.00,5
23645,SET 10 CHRISTMAS CARDS HOHOHO 16956,9,0,22.41,22.41,0.00,4
23646,SET 10 CARDS JINGLE BELLS 16957,8,0,19.92,19.92,0.00,5
23649,SET 10 CARDS DECK THE HALLS 16960,2,0,4.98,4.98,0.00,2
23650,SET 10 CARDS FILIGREE BAUBLE 16961,4,0,9.96,9.96,0.00,4
23652,SET 10 CARD CHRISTMAS STAMPS 16963,2,0,5.82,5.82,0.00,1
23654,SET 10 CARD SNOWMAN 16965,5,0,12.45,12.45,0.00,4
23660,HENRIETTA HEN MUG ,306,16,508.26,534.66,26.40,46
23661,MILK MAIDS MUG ,219,20,360.59,393.59,33.00,37
23664,FLOWER SHOP DESIGN MUG,1,0,1.65,1.65,0.00,1
23681,LUNCH BAG RED VINTAGE DOILY,1576,0,2525.04,2525.04,0.00,132
23691,KEEP CALM BIRTHDAY WRAP,50,0,21.00,21.00,0.00,2
23691,WRAP KEEP CALM BIRTHDAY,1125,0,460.50,460.50,0.00,36
23692,WRAP A PRETTY THANK YOU,50,0,21.00,21.00,0.00,2
23694,PAISLEY PARK CARD,376,0,165.08,165.08,0.00,41
23695,DOILY THANK YOU CARD,741,0,313.24,313.24,0.00,57
23697,A PRETTY THANK YOU CARD,456,0,194.58,194.58,0.00,35
23702,High Resolution Image,4,0,27.00,27.00,0.00,3
23843,"PAPER CRAFT , LITTLE BIRDIE",80995,80995,0.00,168469.60,168469.60,2
30086C,ASSORTED FRUIT STRAWS,1,0,1.70,1.70,0.00,1
35001B,HAND OPEN SHAPE BLACK,17,2,53.43,59.33,5.90,7
35001C,HAND OPEN SHAPE CHROME,0,3,-10.17,0.00,10.17,1
35001G,HAND OPEN SHAPE GOLD,715,11,2222.18,2259.47,37.29,105
35001P,HAND OPEN SHAPE PINK,2,1,3.49,6.98,3.49,3
35001W,HAND OPEN SHAPE DECO.WHITE,883,21,2739.88,2806.69,66.81,195
35004B,SET OF 3 BLACK FLYING DUCKS,1474,93,6445.00,6809.65,364.65,299
35004c,SET OF 3 COLOURED  FLYING DUCKS,27,0,343.72,343.72,0.00,25
35004C,SET OF 3 COLOURED  FLYING DUCKS,3035,88,15447.58,15874.38,426.80,386
35004G,SET OF 3 GOLD FLYING DUCKS,359,8,1396.92,1419.51,22.59,81
35004p,SET OF 3 PINK FLYING DUCKS,1,0,12.72,12.72,0.00,1
35004P,SET OF 3 PINK FLYING DUCKS,120,0,638.97,638.97,0.00,43
35004s,SET OF 3 SILVER FLYING DUCKS,1,0,13.00,13.00,0.00,1
35004S,SET OF 3 SILVER FLYING DUCKS,145,10,448.88,505.40,56.52,31
35015,JACOBS LADDER SMALL,2072,0,134.08,134.08,0.00,39
35051B,PINK BEADED CONE CHRISTMAS,14,0,5.88,5.88,0.00,2
35071,ASSORTED SANTA CHRISTMAS DECORATION,50,0,51.14,51.14,0.00,7
35085E,IVORY ROSE LAMPSHADE ,39,0,44.25,44.25,0.00,9
35095A,BLUE VICTORIAN FABRIC OVAL BOX,1809,0,725.56,725.56,0.00,166
35095B,RED VICTORIAN FABRIC OVAL BOX,1952,0,766.64,766.64,0.00,177
35096A,BLUE VICTORIAN FABRIC HEART BOX,765,0,272.45,272.45,0.00,50
35096B,RED VICTORIAN FABRIC HEART BOX,293,0,106.49,106.49,0.00,25
35160,BUDDHA INCENSE HOLDER ASSORTED,2180,0,1590.64,1590.64,0.00,56
35233,PASTA ENAMEL/BRASS CONTAINER,10,0,37.50,37.50,0.00,8
35240,ENAMEL BLUE RIM OVAL TRAY SET/2,49,0,416.01,416.01,0.00,39
35241,ENAMEL BLUE RIM BISCUIT BIN,309,12,1572.02,1631.42,59.40,136
35265,COLOURFUL FLOWER FRUIT BOWL,21,0,80.00,80.00,0.00,16
35271S,GOLD PRINT PAPER BAG,420,0,85.97,85.97,0.00,20
35400,WOODEN BOX ADVENT CALENDAR ,1435,91,13219.65,13999.10,779.45,464
35443,RASTA IN BATH W SPLIFF ASHTRAY,16,0,13.60,13.60,0.00,10
35471A,SET OF 3 BIRD L.BLUE FEATHER,421,25,468.06,499.31,31.25,85
35471D,SET OF 3 BIRD LIGHT PINK FEATHER ,2241,2,1589.36,1591.86,2.50,350
35537,CANDLE RING W/CLEAR BEADS,13,0,5.46,5.46,0.00,3
35591T,TURQUOISE CHRISTMAS TREE ,17,0,21.25,21.25,0.00,9
35594,WOODEN CHRISTMAS TREE 3 HANGING,165,24,92.98,103.06,10.08,40
35596,WOOD XMAS TREE 9 FIG SHELVES,29,0,24.65,24.65,0.00,4
35597A,DUSTY PINK CHRISTMAS TREE 30CM,10,0,12.50,12.50,0.00,4
35597B,BLACKCHRISTMAS TREE 30CM,78,0,224.10,224.10,0.00,7
35597D,PINK/WHITE CHRISTMAS TREE 30CM,58,0,25.28,25.28,0.00,7
35598A,DUSTY PINK CHRISTMAS TREE 60CM,10,0,29.50,29.50,0.00,3
35598B,BLACK CHRISTMAS TREE 60CM,931,0,874.65,874.65,0.00,57
35598C,WHITE CHRISTMAS TREE 60CM,3,0,8.85,8.85,0.00,3
35598D,PINK/WHITE CHRISTMAS TREE 60CM,1727,1,1311.55,1312.20,0.65,104
35599B,BLACK CHRISTMAS TREE 120CM,268,0,974.81,974.81,0.00,51
35599D,PINK AND WHITE CHRISTMAS TREE 120CM,406,6,1348.78,1366.48,17.70,104
35600D,PINK AND WHITE CHRISTMAS TREE 180CM,141,0,497.70,497.70,0.00,13
35603B,S/16 BLACK SHINY/MAT BAUBLES,50,24,-29.40,21.00,50.40,3
35603C,SET/16 WHITE SHINY & MATT BAUBLES,83,0,48.30,48.30,0.00,24
35607A,PINK FLUFFY CHRISTMAS DECORATION,554,0,118.43,118.43,0.00,31
35607B,BLACK FEATHER CHRISTMAS DECORATION,312,0,62.30,62.30,0.00,17
35609A,PINK FEATHER CHRISTMAS DECORATION,447,0,133.23,133.23,0.00,24
35610A,PINK CHRISTMAS FLOCK DROPLET ,143,0,105.43,105.43,0.00,12
35610B,BLACK CHRISTMAS FLOCK DROPLET ,179,0,144.07,144.07,0.00,13
35610C,WHITE CHRISTMAS FLOCK DROPLET ,94,0,81.56,81.56,0.00,8
35611B,BLACK ASSORTED DROPLET DECORATION,62,0,45.76,45.76,0.00,3
35631B,BLUE GREEN CHRISTMAS HANGING BALL ,0,1,-0.19,0.00,0.19,1
35633B,BLUE TINSEL GARLAND ,130,0,24.70,24.70,0.00,12
35637A,IVORY STRING CURTAIN WITH POLE ,551,1,1439.10,1445.05,5.95,54
35637C,PINK STRING CURTAIN WITH POLE,100,0,331.14,331.14,0.00,19
35638A,PINK AND BLACK STRING CURTAIN,39,0,88.05,88.05,0.00,6
35638B,PINK/BLUE STRING CURTAIN ,118,0,313.29,313.29,0.00,11
35644,PAIR PINK/BLACK COATHANGERS,21,0,40.95,40.95,0.00,7
35645,VINTAGE BEAD PINK JEWEL BOX,61,0,301.81,301.81,0.00,34
35646,VINTAGE BEAD PINK EVENING BAG,642,0,1043.44,1043.44,0.00,104
35647,VINTAGE BEAD PINK SHADE ,563,0,748.24,748.24,0.00,74
35648,VINTAGE BEAD PINK PURSE ,1041,25,1250.18,1270.93,20.75,145
35649,VINTAGE BEAD COSMETIC BAG ,1826,0,1362.90,1362.90,0.00,53
35650,VINTAGE BEAD PINK JEWEL STAND,3,0,14.85,14.85,0.00,3
35651,VINTAGE BEAD PINK SCARF ,459,12,1037.82,1057.62,19.80,64
35652,VINTAGE BEAD CHAISE LONG JEWEL BOX,18,0,21.50,21.50,0.00,2
35653,VINTAGE BEAD NOTEBOOK,311,0,982.53,982.53,0.00,113
35654,VINTAGE BEAD FILLED PINK CUSHION,12,0,59.40,59.40,0.00,5
35751C,PURPLE CURRENT CANDLE RING,31,0,12.61,12.61,0.00,2
35751D,PINK CURRENT CANDLE RING,28,0,5.32,5.32,0.00,1
35793,S/3 PUPPIES CHRISTMAS DECORATIONS,108,0,216.33,216.33,0.00,15
35809a,ENAMEL PINK TEA CONTAINER,10,0,41.54,41.54,0.00,10
35809A,ENAMEL PINK TEA CONTAINER,1137,0,1666.78,1666.78,0.00,177
35809B,ENAMEL BLUE RIM TEA CONTAINER,104,0,227.54,227.54,0.00,33
35810A,ENAMEL PINK COFFEE CONTAINER,1205,1,1602.64,1604.74,2.10,172
35810B,ENAMEL BLUE RIM COFFEE CONTAINER,325,13,506.92,517.71,10.79,70
35811A,ENAMEL PINK SUGAR CONTAINER,434,2,758.77,762.97,4.20,85
35815B,"ACRYLIC JEWEL SNOWFLAKE,BLUE",95,0,43.94,43.94,0.00,3
35815P,"ACRYLIC JEWEL SNOWFLAKE, PINK",168,0,75.88,75.88,0.00,7
35816B,"ACRYLIC JEWEL ANGEL,BLUE",139,0,58.07,58.07,0.00,3
35816P,"ACRYLIC JEWEL ANGEL,PINK",297,0,137.43,137.43,0.00,9
35817B,"ACRYLIC JEWEL SNOWFLAKE,BLUE",143,0,61.30,61.30,0.00,3
35817P,"ACRYLIC JEWEL SNOWFLAKE,PINK",408,0,212.14,212.14,0.00,10
35817P,PINK ACRYLIC JEWEL SNOWFLAKE,12,0,4.56,4.56,0.00,1
35818B,"ACRYLIC JEWEL ICICLE, BLUE",408,0,180.05,180.05,0.00,11
35818C,"ACRYLIC JEWEL ICICLE, CLEAR ",1,0,3.43,3.43,0.00,1
35818P,"ACRYLIC JEWEL ICICLE, PINK",559,0,242.15,242.15,0.00,25
35819B,"ACRYLIC HANGING JEWEL,BLUE",385,0,192.30,192.30,0.00,32
35819P,"ACRYLIC HANGING JEWEL,PINK",95,0,66.55,66.55,0.00,7
35821B,"JEWELLED DECORATION,BLUE",150,0,57.00,57.00,0.00,3
35821P,"JEWELLED DECORATION,PINK",2,0,5.90,5.90,0.00,2
35822B,"ACRYLIC BEAD CHAIN, BLUE",229,0,87.02,87.02,0.00,1
35822P,"ACRYLIC BEAD CHAIN, PINK",114,0,43.32,43.32,0.00,1
35823P,"ACRYLIC BEAD GARLAND,PINK",2,0,5.90,5.90,0.00,2
35824B,"HANGING FLOWERS+MIRROR,BLUE",528,0,203.24,203.24,0.00,6
35824C,"HANGING FLOWERS+MIRROR,CLEAR",235,0,117.05,117.05,0.00,8
35824P,"HANGING FLOWERS+MIRROR,PINK",324,0,136.44,136.44,0.00,3
35832,WOOLLY HAT SOCK GLOVE ADVENT STRING,1737,3,5328.30,5341.85,13.55,191
35833G,4 GOLD FLOCK CHRISTMAS BALLS,134,0,220.66,220.66,0.00,34
35833P,4 PINK FLOCK CHRISTMAS BALLS,185,0,342.17,342.17,0.00,64
35837,SET OF SIX SILVER+RED FLOCK BAUBLES,2,0,1.70,1.70,0.00,1
35838A,S/6 MULTICOLOUR ORNAMENETAL CANDLE,180,0,184.40,184.40,0.00,20
35838B,S/6 SILVER ORNAMENETAL CANDLE,100,0,85.00,85.00,0.00,23
35840,FLAT GLASS  BAUBLE WHITE FLOCK ,45,1,106.28,107.13,0.85,12
35909A,RABBIT EASTER DECORATION,20,0,59.00,59.00,0.00,5
35909B,PINK FLOWERS RABBIT EASTER,16,0,47.20,47.20,0.00,6
35910A,MULTICOLOUR EASTER RABBIT ,53,0,103.35,103.35,0.00,13
35910B,PINK FLOWERS RABBIT EASTER,29,0,61.07,61.07,0.00,8
35911A,MULTICOLOUR RABBIT EGG WARMER,388,0,466.69,466.69,0.00,96
35911B,PINK/FLOWER RABBIT EGG WARMER ,159,0,184.76,184.76,0.00,24
35912B,WHITE/PINK CHICK DECORATION,288,0,355.58,355.58,0.00,30
35913B,WHITE/PINK CHICK EASTER DECORATION,100,0,92.39,92.39,0.00,21
35914,PINK CHICK EGG WARMER + EGG CUP,243,0,336.58,336.58,0.00,56
35915A,CREAM KNITTED HEN,288,0,365.76,365.76,0.00,1
35915B,BLUE KNITTED HEN ,563,0,713.73,713.73,0.00,67
35915C,PEACH KNITTED HEN ,662,0,793.32,793.32,0.00,82
35916A,YELLOW FELT HANGING HEART W FLOWER,129,0,112.04,112.04,0.00,44
35916B,BLUE FELT HANGING HEART W FLOWER,57,0,69.10,69.10,0.00,16
35916B,BLUE FELT HANGING HEART WITH FLOWER,75,0,50.57,50.57,0.00,30
35916C,PINK FELT HANGING HEART W FLOWER,157,0,167.55,167.55,0.00,42
35918B,BLUE FLORIBUNDA EGG WARMER,10,1,11.25,12.50,1.25,6
35920,FOUR RABBIT EASTER DECORATIONS,1070,0,296.34,296.34,0.00,24
35921,EASTER BUNNY HANGING GARLAND,183,1,329.07,330.32,1.25,50
35922,EASTER BUNNY WREATH,97,4,556.19,575.99,19.80,37
35923,CANDY HEART HANGING DECORATION,1545,4,1019.63,1023.77,4.14,115
35924,HANGING FAIRY CAKE DECORATION,2164,205,3701.72,4049.40,347.68,199
35930,PINK HEART CHRISTMAS DECORATION,1,0,0.38,0.38,0.00,1
35931,PINK STAR CHRISTMAS DECORATION,156,0,78.12,78.12,0.00,15
35932,PINK CHRISTMAS TREE DECORATION,37,0,15.63,15.63,0.00,10
35933,PINK STOCKING CHRISTMAS DECORATION,319,0,131.38,131.38,0.00,28
35936,CERISE+GOLD CHRISTMAS TREE DEC,36,0,13.68,13.68,0.00,9
35937,CERISE+GOLD CHRISTMAS STOCKING DEC,188,0,71.44,71.44,0.00,17
35945,GOLD CHRISTMAS STOCKING DECORATION,1,0,1.95,1.95,0.00,1
35950,FOLKART HEART CHRISTMAS DECORATIONS,1,0,1.25,1.25,0.00,1
35951,FOLKART BAUBLE CHRISTMAS DECORATION,1352,0,717.99,717.99,0.00,46
35953,FOLKART STAR CHRISTMAS DECORATIONS,3868,24,1977.22,2007.22,30.00,156
35954,SMALL FOLKART STAR CHRISTMAS DEC,2181,0,850.49,850.49,0.00,111
35955,SMALL FOLKART CHRISTMAS TREE DEC,135,0,34.62,34.62,0.00,4
35957,SMALLFOLKART BAUBLE CHRISTMAS DEC,3565,100,1234.98,1254.90,19.92,150
35958,FOLKART ZINC STAR CHRISTMAS DEC,1131,0,984.63,984.63,0.00,82
35961,FOLKART ZINC HEART CHRISTMAS DEC,11430,1,9513.93,9514.78,0.85,638
35962,12 ASS ZINC CHRISTMAS DECORATIONS,487,1,1145.95,1148.05,2.10,77
35962,SET/12 ZINC CHRISTMAS DECORATIONS,94,0,203.73,203.73,0.00,16
35963,FOLKART ZINC CLIP ON ANGEL WINGS,101,0,38.38,38.38,0.00,11
35964,FOLKART CLIP ON STARS,1187,0,689.76,689.76,0.00,132
35965,FOLKART HEART NAPKIN RINGS,629,24,1404.67,1423.63,18.96,175
35966,FOLKART CHRISTMAS TREE T-LIGHT HOLD,255,0,111.34,111.34,0.00,26
35967,FOLK ART METAL STAR T-LIGHT HOLDER,936,1,488.13,488.51,0.38,113
35968,FOLK ART METAL HEART T-LIGHT HOLDER,761,25,353.84,363.34,9.50,79
35969,FOLKART CROWN TABLE DECORATIONS,523,0,542.47,542.47,0.00,76
35970,ZINC FOLKART SLEIGH BELLS,8375,74,14949.72,15072.58,122.86,699
35971,ROSE FOLKART HEART DECORATIONS,1963,17,1926.49,1947.74,21.25,219
35972,DAISY FOLKART HEART DECORATION,440,0,611.38,611.38,0.00,87
35973,GERANIUM FOLKART HEART DECORATION,49,0,61.25,61.25,0.00,13
35974,S/6 CHRISTMAS TREE PLACE SETTING,1,0,3.75,3.75,0.00,1
35976B,WHITE SCANDINAVIAN HEART CHRISTMAS,1,12,-13.75,1.25,15.00,2
35979,SIX STRING SCANDINAVIAN HEART DECS,94,12,275.63,311.03,35.40,29
35980B,RED TOP SCANDINAVIAN HEART ,4,0,1.52,1.52,0.00,2
35980C,REDWHITE STRIPE SCANDINAVIAN HEART ,377,44,130.92,147.64,16.72,30
35981C,WHITE SNOW SCANDINAVIAN STOCKING ,589,0,297.62,297.62,0.00,67
35991,SET/6 BLACK SNOWFLAKE T-LIGHTS ,402,0,232.08,232.08,0.00,54
35995,SET/6 BLACK GLITTER REINDEER CANDLE,5,0,3.78,3.78,0.00,5
35999,S/6 SCANDINAVIAN HEART T-LIGHT,1,0,2.55,2.55,0.00,1
37112,YELLOW BIRDS FELT DES FOODCOVER,10,0,37.50,37.50,0.00,5
37326,FAIRY DESIGN MUGS,2,0,4.61,4.61,0.00,2
37327,ASSTD MULTICOLOUR CIRCLES MUG,1739,4,1050.13,1051.69,1.56,89
37330,BIG POLKADOT MUG,80,0,136.76,136.76,0.00,7
37330,SPOTS MUG,437,12,767.60,790.70,23.10,24
37333,"RETRO ""TEA FOR ONE"" ",145,0,805.10,805.10,0.00,58
37340,MULTICOLOUR SPRING FLOWER MUG,13665,4996,3380.11,3881.33,501.22,208
37342,POLKADOT COFFEE CUP & SAUCER PINK,1589,56,1531.94,1577.62,45.68,120
37342,SPOTTY COFFEE CUP & SAUCER,40,0,153.78,153.78,0.00,14
37343,POLKADOT MUG PINK ,193,0,313.26,313.26,0.00,30
37343,SPOTS DESIGN MUG W PINK INSIDE,917,0,1445.78,1445.78,0.00,74
37345,ASSTD HEARTS DESIGN MUGS,321,0,561.05,561.05,0.00,9
37348,SET OF 4 PASTEL STACKING MUGS,14,2,30.60,35.70,5.10,9
37351,ORANGE FLOWER MUG ,5404,0,612.51,612.51,0.00,11
37352,BIRD IN TREE MUG ,4643,0,504.55,504.55,0.00,8
37370,RETRO COFFEE MUGS ASSORTED,7145,47,10763.87,10821.29,57.42,508
37379A,PINK CHERRY BLOSSOM CUP & SAUCER,41,1,157.95,159.20,1.25,17
37379B,BLUE CHERRY BLOSSOM CUP & SAUCER,1122,0,181.50,181.50,0.00,3
37399,"ASS RETROSPOOF MUGS,SPORTS",143,0,75.00,75.00,0.00,6
37408,ASSORTED DESIGN GEISHA GIRL MUGS,5,0,6.25,6.25,0.00,1
37409,ASSORTED DESIGN FLOWER MUGS,7,0,5.95,5.95,0.00,3
37410,BLACK AND WHITE PAISLEY FLOWER MUG,25707,6,3281.15,3288.65,7.50,34
37413,ICON MUG REVOLUTIONARY,703,0,284.49,284.49,0.00,81
37422,WHITE WITH BLACK CATS BOWL,434,0,292.08,292.08,0.00,73
37423,WHITE WITH BLACK CATS PLATE,6168,2952,548.68,843.88,295.20,71
37424,WHITE WITH BLACK CATS MUG,5249,2112,860.12,1134.68,274.56,109
37432,MUG PINK AND PURPLE ARABIC DESIGN,6,0,3.90,3.90,0.00,1
37438,FUNKY FLOWER COFFEE POT,1,0,3.75,3.75,0.00,1
37441,ASSORTED WHITE EMBOSSED CHINA MUGS,700,1,1637.70,1639.80,2.10,55
37444A,YELLOW BREAKFAST CUP AND SAUCER,2709,1309,390.44,563.43,172.99,45
37444B,BLUE BREAKFAST CUP AND SAUCER ,2010,984,281.68,409.60,127.92,29
37444C,PINK BREAKFAST CUP AND SAUCER ,1654,768,573.88,673.72,99.84,55
37446,MINI CAKE STAND WITH HANGING CAKES,3691,94,5210.55,5332.25,121.70,436
37447,CERAMIC CAKE DESIGN SPOTTED PLATE,2891,76,4431.69,4540.85,109.16,393
37448,CERAMIC CAKE DESIGN SPOTTED MUG,4549,66,6729.35,6827.21,97.86,554
37449,CERAMIC CAKE STAND + HANGING CAKES,2382,255,20099.15,22333.30,2234.15,548
37450,CERAMIC CAKE BOWL + HANGING CAKES,2444,72,6829.94,7023.14,193.20,418
37451,CERAMIC CAKE TEAPOT WITH CHERRY,1,2,-3.55,4.95,8.50,3
37461,FUNKY MONKEY MUG,742,1,777.39,778.64,1.25,96
37462B,"PET MUG, BUDGIE",170,1,86.86,87.28,0.42,33
37462E,"PET MUG, GOLDFISH",107,6,44.60,47.12,2.52,29
37464,ROBOT MUG IN DISPLAY BOX,316,0,431.18,431.18,0.00,82
37467,PIG MUG IN TWO COLOUR DESIGNS,273,0,328.51,328.51,0.00,64
37468,HARDMAN MUG 3 ASSORTED,65,0,39.81,39.81,0.00,14
37471,MULTICOLOUR DOTS PLATE,692,0,99.02,99.02,0.00,6
37471,MULTICOLOUR POLKADOT PLATE,713,684,30.43,98.83,68.40,5
37474,SET/4 2 TONE EGG SHAPE MIXING BOWLS,63,0,651.05,651.05,0.00,44
37475,SET/4 COLOURFUL MIXING BOWLS,116,0,1160.56,1160.56,0.00,72
37476,CONDIMENT TRAY 4 BOWLS AND 4 SPOONS,209,0,2010.60,2010.60,0.00,77
37477B,"FLOWER FAIRY MUG+COASTER,LAVENDER",11,1,37.50,41.25,3.75,9
37477C,"FLOWER FAIRY MUG+COASTER,ROSE",6,0,22.50,22.50,0.00,1
37479B,CUBIC MUG FLOCK BLUE ON BROWN,1253,0,1095.85,1095.85,0.00,32
37479P,CUBIC MUG FLOCK PINK ON BROWN,170,0,160.08,160.08,0.00,34
37481,CUBIC MUG TEATIME CAKES,6,0,15.30,15.30,0.00,1
37482b,CUBIC MUG BLUE POLKA DOT,1,0,17.35,17.35,0.00,1
37482B,CUBIC MUG BLUE POLKA DOT,1251,0,1127.91,1127.91,0.00,9
37482p,CUBIC MUG PINK POLKA DOT,2,0,34.70,34.70,0.00,2
37482P,CUBIC MUG PINK POLKA DOT,118,0,416.71,416.71,0.00,27
37482P,CUBIC MUG PINK POLKADOT,549,0,489.60,489.60,0.00,56
37483,ENGLISH ROSE MUG IN GIFT BOX,143,1,230.34,232.89,2.55,11
37484,ENGLISH ROSE TEA FOR ONE GIFT BOX,1,0,6.75,6.75,0.00,1
37485,ENGLISH ROSE TEA SET IN GIFT BOX,49,0,207.69,207.69,0.00,15
37487B,YELLOW/ORANGE FLOWER DESIGN PLATE,68,0,19.72,19.72,0.00,2
37488A,YELLOW PINK FLOWER DESIGN BIG BOWL,31,1,16.82,19.77,2.95,6
37489A,YELLOW/PINK FLOWER DESIGN BIG MUG,46,0,46.56,46.56,0.00,23
37489B,BLUE/YELLOW FLOWER DESIGN BIG MUG,38,0,30.42,30.42,0.00,17
37489C,GREEN/BLUE FLOWER DESIGN BIG MUG,27,0,26.06,26.06,0.00,12
37489D,PINK/GREEN FLOWER DESIGN BIG MUG,46,0,28.86,28.86,0.00,20
37491A,YELLOW/PINK CERAMIC CANDLE HOLDER,18,0,48.30,48.30,0.00,13
37491B,BLUE/YELLOW CERAMIC CANDLE HOLDER,14,0,30.08,30.08,0.00,8
37491C,GREEN/BLUE CERAMIC CANDLE HOLDER,58,0,167.52,167.52,0.00,10
37491D,PURPLE/BLUE CERAMIC CANDLE HOLDER,26,0,63.28,63.28,0.00,13
37492A,YELLOW RED FLOWER PIGGY BANK,108,1,211.42,216.07,4.65,12
37492B,BLUE YELLOW FLOWER PIGGY BANK,489,18,899.02,946.72,47.70,50
37492C,GREEN BLUE FLOWER PIGGY BANK,242,1,472.65,477.30,4.65,25
37492D,PURPLE GREEN FLOWER PIGGY BANK,361,8,669.79,682.99,13.20,27
37494a,FAIRY CAKE CERAMIC BUTTER DISH,4,0,24.16,24.16,0.00,3
37494A,FAIRY CAKE CERAMIC BUTTER DISH,237,5,778.69,793.44,14.75,54
37495,FAIRY CAKE BIRTHDAY CANDLE SET,1560,142,5239.40,5732.60,493.20,363
37500,TEA TIME TEAPOT IN GIFT BOX,881,13,6667.49,6787.46,119.97,272
37501,TEA TIME TEA SET IN GIFT BOX,481,15,3296.90,3401.15,104.25,185
37502,TEA TIME MUG IN GIFT BOX,868,1,2596.84,2599.79,2.95,172
37503,TEA TIME CAKE STAND IN GIFT BOX,2465,51,24912.88,25428.33,515.45,533
37506,NEW ENGLAND MILK JUG W GIFT BOX,32,0,190.40,190.40,0.00,26
37508,NEW ENGLAND CERAMIC CAKE SERVER,89,0,229.57,229.57,0.00,46
37509,NEW ENGLAND MUG W GIFT BOX,28,1,68.85,71.40,2.55,15
40001, WHITE BAMBOO RIBS LAMPSHADE,233,0,182.14,182.14,0.00,13
40001,WHITE BAMBOO RIBS LAMPSHADE,2251,45,1700.71,1729.51,28.80,119
40002,WHITE BAMBOO RIBS LAMPSHADE,78,6,61.20,66.30,5.10,2
40003,WHITE BAMBOO RIBS LAMPSHADE,1150,18,1239.92,1257.02,17.10,67
40005B,BLUE ORGANDY ROUND LAMPSHADE W BEA,33,0,28.05,28.05,0.00,13
40016,CHINESE DRAGON PAPER LANTERNS,15435,0,5487.31,5487.31,0.00,244
40018E,TEA TIME PAPER LANTERNS,384,0,837.02,837.02,0.00,81
40018F,CHERRY DESIGN PAPERLANTERNS,1092,12,2076.93,2100.33,23.40,120
40046A,RED DAISY PAPER LAMPSHADE,355,0,472.07,472.07,0.00,62
40046C,PINK BUTTERFLY PAPER LAMPSHADE,3,0,3.75,3.75,0.00,3
44089A,PINK GAUZE BUTTERFLY LAMPSHADE,40,0,16.80,16.80,0.00,13
44089C,LILAC GAUZE BUTTERFLY LAMPSHADE,68,0,28.56,28.56,0.00,18
44091A,BLUE CRUSOE CHECK LAMPSHADE,18,0,7.56,7.56,0.00,6
44091C,MULTICOLOUR CRUSOE CHECK LAMPSHADE,61,0,30.66,30.66,0.00,17
44092B,BLUE WHITE PLASTIC RINGS LAMPSHADE,15,0,12.75,12.75,0.00,6
44092C,PURPLE/COPPER HANGING LAMPSHADE,23,0,19.55,19.55,0.00,10
44217M,MULTICOLOUR FEATHERS CURTAIN,72,72,0.00,236.40,236.40,5
44228,CANNABIS LEAF BEAD CURTAIN,48,0,40.80,40.80,0.00,3
44230,SQUARE MIRROR CURTAIN,347,10,3303.71,3381.62,77.91,57
44234,ASSORTED CIRCULAR MOBILE,1213,2,259.97,260.39,0.42,57
44235,ASS COL CIRCLE MOBILE ,752,0,276.96,276.96,0.00,15
44235,ASSORTED COLOURED CIRCLE MOBILE ,64,0,26.88,26.88,0.00,7
44236,PINK/PURPLE CIRCLE CURTAIN,64,0,112.32,112.32,0.00,12
44241C,BLUE BUTTERFLY ON SPRING,70,0,59.50,59.50,0.00,8
44242A,LILAC FEATHERS CURTAIN,14,0,11.98,11.98,0.00,2
44242B,PINK FEATHERS CURTAIN,109,0,121.53,121.53,0.00,9
44265,M/COLOUR POM-POM CURTAIN,8,0,34.00,34.00,0.00,4
45008C,DECORATIVE NET CANOPY CREAM,83,0,792.07,792.07,0.00,34
45013,FOLDING SHOE TIDY,48,0,132.00,132.00,0.00,8
45014,FOLDING SHIRT TIDY,1,0,4.65,4.65,0.00,1
45016,DECORATIVE NET CANOPY LEOPARD,101,6,401.23,423.73,22.50,26
46000M,POLYESTER FILLER PAD 45x45cm,2517,21,3868.80,3901.35,32.55,355
46000P,POLYESTER FILLER PAD 65CMx65CM,213,3,892.50,905.25,12.75,50
46000R,POLYESTER FILLER PAD 45x30cm,243,0,352.35,352.35,0.00,61
46000S,POLYESTER FILLER PAD 40x40cm,3471,70,4931.45,5032.95,101.50,385
46000U,POLYESTER FILLER PAD 30CMx30CM,251,0,313.75,313.75,0.00,51
46037A,PINK CANVAS DES CUSHION COVER ,6,0,7.50,7.50,0.00,2
46115B,GREEN POP ART MAO CUSHION COVER ,286,0,54.34,54.34,0.00,22
46118,FUNKY MONKEY CUSHION COVER,373,0,513.58,513.58,0.00,72
46126A,ELVIS WALLHANGING / CURTAIN,317,0,419.99,419.99,0.00,48
46137D,GREEN CHENILLE SHAGGY RUG,45,0,132.75,132.75,0.00,4
46138B,BLUE CHENILLE SHAGGY CUSHION COVER ,71,13,145.24,156.29,11.05,27
46138D,GREEN CHENILLE SHAGGY C/COVER,1,0,1.95,1.95,0.00,1
46307,ROSES BLUE BASE CUSHION COVER ,51,0,246.03,246.03,0.00,33
46775A,BUBBLE GUM CHUNKY KNITTED THROW ,83,1,1027.28,1044.23,16.95,33
46775B,BERRIES CHUNKY KNITTED THROW ,5,0,84.75,84.75,0.00,4
46775D,SUNSET COLOUR CHUNKY KNITTED THROW,153,4,1878.89,1938.19,59.30,99
46775E,CANDY POP CHUNKY KNITTED THROW ,101,0,1282.90,1282.90,0.00,51
46776a,WOVEN BUBBLE GUM CUSHION COVER,5,0,20.65,20.65,0.00,1
46776A,WOVEN BUBBLE GUM CUSHION COVER,406,0,1283.23,1283.23,0.00,121
46776b,WOVEN BERRIES CUSHION COVER ,1,0,4.13,4.13,0.00,1
46776B,WOVEN BERRIES CUSHION COVER ,428,0,1369.23,1369.23,0.00,153
46776C,WOVEN FROST CUSHION COVER,258,0,905.10,905.10,0.00,96
46776D,WOVEN SUNSET CUSHION COVER ,153,1,646.14,658.07,11.93,77
46776e,WOVEN CANDY CUSHION COVER ,1,0,4.13,4.13,0.00,1
46776E,WOVEN CANDY CUSHION COVER ,205,0,662.10,662.10,0.00,77
46776f,WOVEN ROSE GARDEN CUSHION COVER ,7,0,28.91,28.91,0.00,1
46776F,WOVEN ROSE GARDEN CUSHION COVER ,487,0,1675.73,1675.73,0.00,157
47013A,WINE BOTTLE DRESSING LT.BLUE,141,0,39.87,39.87,0.00,25
47013C,WINE BOTTLE DRESSING DARK BLUE,147,12,39.08,40.52,1.44,28
47016,LIGHT DECORATION BATTERY OPERATED,31,0,65.10,65.10,0.00,5
47021G,SET/6 BEAD COASTERS GAUZE BAG GOLD,713,0,541.96,541.96,0.00,70
47310M,SMALL POP BOX FUNKY MONKEY,258,0,353.98,353.98,0.00,87
47310M,"SMALL POP BOX,FUNKY MONKEY",488,0,650.96,650.96,0.00,85
47341A,FUSCHIA TABLE RUN FLOWER ,29,0,46.25,46.25,0.00,7
47341B,BLUE TABLE RUN FLOWER,48,0,67.50,67.50,0.00,14
47343A,FUSCHIA FLOWER PURSE WITH BEADS,200,0,206.26,206.26,0.00,23
47344B,BLUE FLOWER DES PURSE,54,0,56.16,56.16,0.00,10
47347B,BLUE FLOWER T-LIGHT HOLDER,240,0,179.88,179.88,0.00,11
47348A,FUSCHIA VOILE POINTY SHOE DEC,103,0,62.01,62.01,0.00,16
47351B,BLUE  VOILE LAMPSHADE,98,48,147.50,269.90,122.40,15
47367B,PAIR PADDED HANGERS PINK CHECK,242,1,831.20,834.95,3.75,96
47369A,PINK GREEN EMBROIDERY COSMETIC BAG,48,0,140.40,140.40,0.00,25
47369B,BLUE GREEN EMBROIDERY COSMETIC BAG,54,0,153.18,153.18,0.00,29
47420,ASSORTED COLOUR SUCTION CUP HOOK,358,0,68.02,68.02,0.00,31
47421,ASSORTED COLOUR LIZARD SUCTION HOOK,1463,16,565.98,572.70,6.72,75
47422,ASSORTED MONKEY SUCTION CUP HOOK,1177,49,437.76,458.34,20.58,69
47469,ASSORTED SHAPES PHOTO CLIP SILVER ,1220,24,578.68,594.28,15.60,30
47471,RAINBOW PEGS PHOTO CLIP STRING,428,0,295.72,295.72,0.00,63
47480,HANGING PHOTO CLIP ROPE LADDER,1638,15,2689.23,2713.98,24.75,152
47481,50CM METAL STRING WITH  7 CLIPS,326,0,265.40,265.40,0.00,44
47502,POLKADOT CUTLERY 24 PCS IN TRAY,640,37,6467.80,6855.75,387.95,86
47503A,ASS FLORAL PRINT MULTI SCREWDRIVER,2853,36,1380.43,1405.51,25.08,197
47503E,ASS FLORAL PRINT SCISSORS,6842,0,1186.90,1186.90,0.00,25
47503F,ASS FLORAL PRINT TORCH,2567,1,728.30,729.95,1.65,12
47503G,ASS FLORAL PRINT TAPE MEASURE,284,0,367.36,367.36,0.00,35
47503H,ASS FLORAL PRINT SPIRIT LEVEL ,160,1,244.17,246.12,1.95,61
47503J,SET/3 FLORAL GARDEN TOOLS IN BAG,343,19,2552.20,2703.25,151.05,77
47503J ,SET/3 FLORAL GARDEN TOOLS IN BAG,1,0,16.13,16.13,0.00,1
47503K,ASSORTED FLORAL SECATEURS,3177,3,1384.69,1389.44,4.75,45
47504E,ENGLISH ROSE SCISSORS,4387,0,931.86,931.86,0.00,48
47504F,ENGLISH ROSE TORCH,527,0,196.46,196.46,0.00,14
47504G,ENGLISH ROSE TAPE MEASURE,266,1,365.56,366.81,1.25,58
47504H,ENGLISH ROSE SPIRIT LEVEL ,1028,4,1108.07,1113.07,5.00,141
47504J,ENGLISH ROSE SET/3 GARDEN TOOLS,5,4,35.45,67.25,31.80,6
47504K,ENGLISH ROSE GARDEN SECATEURS,2654,22,3067.10,3096.08,28.98,317
47505,MINATURE COLOURED GARDENING SET,737,19,3440.37,3527.42,87.05,184
47518f,ICON PLACEMAT POP ART ELVIS,9,0,37.75,37.75,0.00,9
47518F,ICON PLACEMAT POP ART ELVIS,903,0,153.14,153.14,0.00,34
47552A,DOTS IRONING BOARD COVER,12,2,20.10,23.40,3.30,12
47554,S/3 COLOURS FLOCK TEA TOWELS,1,0,2.55,2.55,0.00,1
47556,SET/2 SPOTTY + ROSE TEA TOWELS ,1,0,2.55,2.55,0.00,1
47556b,TEA TIME TEA TOWELS ,4,0,23.64,23.64,0.00,4
47556B,TEA TIME TEA TOWELS ,5201,156,13288.42,13691.02,402.60,452
47559b,TEA TIME OVEN GLOVE,154,0,511.46,511.46,0.00,44
47559B,TEA TIME OVEN GLOVE,5116,54,6244.19,6311.69,67.50,707
47562,ENGLISH ROSE IRONING BOARD COVER,104,4,375.80,390.00,14.20,43
47563A,RETRO LONGBOARD IRONING BOARD COVER,343,4,831.62,836.62,5.00,152
47563B,WAVELINE SURF IRONING BOARD COVER,8,0,30.00,30.00,0.00,6
47566,PARTY BUNTING,28200,285,147079.73,148318.28,1238.55,2697
47566b,TEA TIME PARTY BUNTING,212,0,1761.26,1761.26,0.00,113
47566B,TEA TIME PARTY BUNTING,5801,1635,21312.99,25803.49,4490.50,772
47567,ENGLISH ROSE DESIGN KITCHEN APRON,0,2,-11.90,0.00,11.90,2
47567b,TEA TIME KITCHEN APRON,3,0,38.72,38.72,0.00,3
47567B,TEA TIME KITCHEN APRON,2166,13,11607.22,11683.27,76.05,356
47568,ENGLISH ROSE DESIGN PEG BAG,2384,22,4938.05,4983.02,44.97,416
47569,ENGLISH ROSE DESIGN SHOPPING BAG,1,1,0.00,2.55,2.55,2
47570,ENGLISH ROSE TABLE CLOTH,220,0,2373.01,2373.01,0.00,78
47570b,TEA TIME TABLE CLOTH,8,0,169.40,169.40,0.00,8
47570B,TEA TIME TABLE CLOTH,973,2,9600.97,9622.27,21.30,225
47574A,ENGLISH ROSE SCENTED HANGING FLOWER,573,2,791.23,792.73,1.50,130
47574B,ENGLISH ROSE SCENTED HANGING HEART,49,0,208.25,208.25,0.00,27
47578A,ENGLISH ROSE SMALL SCENTED FLOWER,307,0,279.88,279.88,0.00,69
47579,TEA TIME BREAKFAST BASKET,185,1,418.77,420.87,2.10,56
47580,TEA TIME DES TEA COSY,1662,21,4245.05,4298.60,53.55,348
47581B,FAIRY CAKE WICKER PICNIC BASKET ,46,1,741.02,753.77,12.75,37
47583A,SET OF 3 WICKER BASKET ROSE,71,2,562.92,612.82,49.90,8
47583B,SET OF 3 WICKER BASKET TEA AND CAKE,27,0,332.60,332.60,0.00,6
47585A,PINK FAIRY CAKE CUSHION COVER,1084,13,2594.13,2612.88,18.75,150
47586A,PINK FAIRY CAKE CUSHION COVER,200,0,270.43,270.43,0.00,29
47587A,PINK FAIRY CAKE COASTER,2706,1200,235.88,1099.88,864.00,27
47589,CONGRATULATIONS BUNTING,183,11,948.78,1008.73,59.95,82
47590a,BLUE HAPPY BIRTHDAY BUNTING,1,0,11.02,11.02,0.00,1
47590A,BLUE HAPPY BIRTHDAY BUNTING,4752,188,23286.21,24174.01,887.80,698
47590b,PINK HAPPY BIRTHDAY BUNTING,13,0,140.50,140.50,0.00,10
47590B,PINK HAPPY BIRTHDAY BUNTING,5738,57,29070.81,29363.86,293.05,882
47591A,CAROUSEL CHILDRENS APRON,29,0,47.97,47.97,0.00,12
47591A,CAROUSEL DES CHILD'S APRON,134,7,210.02,221.57,11.55,59
47591b,SCOTTIES CHILDRENS APRON,8,0,33.60,33.60,0.00,4
47591B,SCOTTIES CHILDRENS APRON,754,0,1195.22,1195.22,0.00,183
47591B,SCOTTIES DES CHILD'S APRON,300,0,500.83,500.83,0.00,98
47591c,BLUE FAIRY CAKE CHILD'S APRON,4,0,16.84,16.84,0.00,3
47591C,BLUE FAIRY CAKE CHILDRENS APRON,4,0,7.80,7.80,0.00,4
47591C,BLUE FAIRY CAKE CHILD'S APRON,1047,0,2004.63,2004.63,0.00,155
47591d,PINK FAIRY CAKE CHILDRENS APRON,253,0,1274.38,1274.38,0.00,72
47591D,PINK FAIRY CAKE CHILDRENS APRON,5952,12,11079.72,11103.12,23.40,756
47591D,PINK FAIRY CAKE CHILD'S APRON,3438,0,6339.17,6339.17,0.00,389
47592A,CAROUSEL CHILDRENS OVERALL,74,0,139.56,139.56,0.00,27
47592A,CAROUSEL DES CHILD'S OVERALL,257,0,497.81,497.81,0.00,74
47592B,SCOTTIE DOGS CHILDRENS OVERALL,3,0,6.30,6.30,0.00,1
47592B,SCOTTIES DESIGN CHILD'S OVERALL,64,0,125.60,125.60,0.00,28
47593a,CAROUSEL DESIGN BABY BIB,1,0,2.51,2.51,0.00,1
47593A,CAROUSEL DESIGN BABY BIB,164,0,169.40,169.40,0.00,53
47593A,CAROUSEL PONIES BABY BIB,139,0,137.27,137.27,0.00,44
47593b,SCOTTIE DOGS BABY BIB,6,0,4.98,4.98,0.00,1
47593B,SCOTTIE DOGS BABY BIB,2147,0,1108.93,1108.93,0.00,304
47593B,SCOTTIES DESIGN BABY BIB,194,0,212.06,212.06,0.00,52
47594a,CAROUSEL DESIGN WASHBAG,1,0,4.21,4.21,0.00,1
47594A,CAROUSEL DESIGN WASHBAG,344,23,633.45,678.30,44.85,116
47594B,SCOTTIES DESIGN WASHBAG,408,23,763.54,808.39,44.85,135
47597,NEW ENGLAND TEATOWELS,322,0,644.88,644.88,0.00,124
47598,NEW ENGLAND EGG WARMER,138,0,89.12,89.12,0.00,32
47599A,PINK PARTY BAGS,5967,160,10933.21,11180.57,247.36,372
47599B,BLUE PARTY BAGS ,3492,206,6318.58,6662.54,343.96,290
48103,DOOR MAT KISS MY.......,13,0,95.15,95.15,0.00,8
48103,DOORMAT KISS MY.......,22,0,106.58,106.58,0.00,2
48111,DOOR MAT 3 SMILEY CATS,1829,14,10445.77,10532.27,86.50,286
48111,DOORMAT 3 SMILEY CATS,2419,2,15421.83,15437.73,15.90,437
48116,DOOR MAT MULTICOLOUR STRIPE,1102,0,7078.28,7078.28,0.00,239
48116,DOORMAT MULTICOLOUR STRIPE,2350,3,13610.20,13634.35,24.15,259
48129,DOOR MAT TOPIARY,1040,0,6681.38,6681.38,0.00,206
48129,DOORMAT TOPIARY,2087,23,12768.38,12927.53,159.15,341
48138,DOOR MAT UNION FLAG,3775,17,24656.36,24770.81,114.45,676
48138,DOORMAT UNION FLAG,6302,34,41994.54,42239.50,244.96,1001
48173A,DOOR MAT BLUE FLOCK,1,0,6.75,6.75,0.00,1
48173c,DOOR MAT BLACK FLOCK ,16,0,218.58,218.58,0.00,12
48173c,DOORMAT BLACK FLOCK ,54,0,904.97,904.97,0.00,25
48173C,DOOR MAT BLACK FLOCK ,1233,2,7085.23,7100.21,14.98,181
48173C,DOORMAT BLACK FLOCK ,2844,5,15991.76,16032.71,40.95,323
48175,DOOR MAT CAMOUFLAGE,39,0,158.04,158.04,0.00,2
48179,DOOR MAT SWEET HOME,34,0,214.47,214.47,0.00,11
48184,DOOR MAT ENGLISH ROSE ,1481,3,9793.86,9816.33,22.47,326
48184,DOORMAT ENGLISH ROSE ,3234,8,21262.70,21326.30,63.60,530
48185,DOOR MAT FAIRY CAKE,1727,4,11503.83,11532.31,28.48,388
48185,DOORMAT FAIRY CAKE,5095,688,29541.33,34191.53,4650.20,603
48187,DOOR MAT NEW ENGLAND,2023,3,13179.88,13201.61,21.73,466
48187,DOORMAT NEW ENGLAND,5291,7,33149.06,33203.79,54.73,822
48188,DOOR MAT WELCOME PUPPIES,1458,2,8416.20,8429.70,13.50,271
48188,DOORMAT WELCOME PUPPIES,3414,9,20137.55,20209.40,71.85,433
48189,DOOR MAT FRIENDSHIP ,468,0,3420.24,3420.24,0.00,179
48189,DOORMAT FRIENDSHIP ,853,10,4982.54,5050.04,67.50,96
48194,DOOR MAT HEARTS,1700,3,10275.97,10298.44,22.47,317
48194,DOORMAT HEARTS,6026,22,38278.42,38428.12,149.70,1039
48195,DOOR MAT GREEN PAISLEY ,268,4,1586.56,1613.56,27.00,88
48195,DOORMAT GREEN PAISLEY ,1,0,14.43,14.43,0.00,1
48197,DOOR MAT BIRD ON THE WIRE,667,0,4691.77,4691.77,0.00,202
48197,DOORMAT BIRD ON THE WIRE,231,0,1213.87,1213.87,0.00,23
51008,AFGHAN SLIPPER SOCK PAIR,2604,349,7324.75,8378.80,1054.05,85
51012C,"FEATHER DUSTER, COAL BLACK",171,3,210.00,213.75,3.75,29
51012L,"FEATHER DUSTER, LIGHT PINK",10,1,11.25,12.50,1.25,7
51014A,"FEATHER PEN,HOT PINK",6671,195,4390.75,4556.50,165.75,380
51014c,"FEATHER PEN,COAL BLACK",1,0,0.83,0.83,0.00,1
51014C,"FEATHER PEN,COAL BLACK",4268,230,2606.60,2751.50,144.90,271
51014L,"FEATHER PEN,LIGHT PINK",3445,204,2054.47,2222.35,167.88,230
51020A,SUMMER FUN DESIGN SHOWER CAP,1303,2,462.73,463.31,0.58,51
51020B,STRIPY DESIGN SHOWER CAP,1084,2,487.54,488.12,0.58,62
62018,SOMBRERO ,9567,0,12450.85,12450.85,0.00,127
62043B,BLUE CHECK BAG W HANDLE 34X20CM,54,1,74.33,75.16,0.83,11
62074B,ELEPHANT CLIP W SUCTION CUP,38,0,15.96,15.96,0.00,12
62086A,PINK RETRO BIG FLOWER BAG,113,0,220.35,220.35,0.00,24
62094B,TURQ ICE CREAM BUM BAG ,305,0,677.99,677.99,0.00,67
62095B,TURQOISE ICE CREAM SUNHAT,292,0,310.83,310.83,0.00,21
62096A,PINK/YELLOW FLOWERS HANDBAG,383,0,592.79,592.79,0.00,89
62096B,PURPLE/TURQ FLOWERS HANDBAG,257,0,441.99,441.99,0.00,82
62097A,PINK STRIPES SHOULDER BAG,3,0,8.85,8.85,0.00,3
62097B,BLUE STRIPES SHOULDER BAG,11,0,13.37,13.37,0.00,4
70006,LOVE HEART POCKET WARMER,4438,2,4137.12,4139.56,2.44,292
70007,HI TEC ALPINE HAND WARMER,1306,12,1664.78,1684.58,19.80,206
71028B,SILVER BLUE EGG T-LIGHT HOLDER,494,0,227.48,227.48,0.00,13
71038,WHITE HANGING BEADS CANDLE HOLDER,717,13,3718.40,3789.25,70.85,152
71050,SMALL SINGLE FLAME CANDLE HOLDER,51,0,17.85,17.85,0.00,8
71053,WHITE METAL LANTERN,4700,68,18276.70,18525.22,248.52,720
71053,WHITE MOROCCAN METAL LANTERN,69,0,381.55,381.55,0.00,26
71101A,ANGEL ON KNEES METAL POLE 100CM H,6,0,5.10,5.10,0.00,1
71101E,STANDING FAIRY POLE SUPPORT ,777,3,623.58,626.13,2.55,48
71143,ANTIQUE SILVER BOOK MARK WITH BEADS,17,0,14.11,14.11,0.00,3
71143,SILVER BOOK MARK WITH BEADS,332,1,499.49,500.34,0.85,97
71215,METAL BASE FOR CANDLES,177,0,68.10,68.10,0.00,12
71270,PHOTO CLIP LINE,370,0,525.40,525.40,0.00,81
71279,PINK GLASS CANDLEHOLDER,293,12,936.71,972.11,35.40,86
71403,"PINK/WHITE ""KEEP CLEAN"" BULLET BIN",176,2,650.15,656.05,5.90,70
71406C,BLACK ORANGE SQUEEZER,210,0,89.92,89.92,0.00,35
71434B,"BLACK RND BULLET""KEEP CLEAN"" BIN",2,0,5.10,5.10,0.00,2
71459,HANGING JAM JAR T-LIGHT HOLDER,30176,324,24186.01,24440.74,254.73,959
71459,HANGING JAM JAR T-LIGHT HOLDERS,2813,3,2295.50,2298.05,2.55,93
71477,COLOURED GLASS STAR T-LIGHT HOLDER,1012,54,3383.50,3580.96,197.46,59
71477,COLOUR GLASS. STAR T-LIGHT HOLDER,14077,2520,34133.13,41099.79,6966.66,817
71495A,CD WALL TIDY BLUE OFFICE,225,1,87.54,87.96,0.42,21
71495B,CD WALL TIDY RED FLOWERS,294,0,111.57,111.57,0.00,18
71496A,A4 WALL TIDY BLUE OFFICE,244,0,148.01,148.01,0.00,17
71496B,A4 WALL TIDY RED FLOWERS,15,0,8.67,8.67,0.00,6
71510,SQUARE METAL CANDLEHOLDER BASE,177,0,112.05,112.05,0.00,17
72008,FROSTED BOX 9 WHITE T-LIGHT CANDLES,3819,25,1520.90,1531.40,10.50,217
72023F,RED ORGANIC CANDLE IN GLASS,640,0,669.62,669.62,0.00,49
72024U,LILAC VOTIVE CANDLE,220,0,46.20,46.20,0.00,11
72038P,PRICE'S CANDLE PEACH,1050,50,106.00,116.50,10.50,10
72045D,ROSES ON BLUE TEACUP CANDLE ,539,504,66.89,918.65,851.76,7
72051S,BAG OF SILVER STONES,300,0,190.89,190.89,0.00,54
72083A,STRAWBERY SWIRL FLARE CANDLE,24,0,50.40,50.40,0.00,7
72084B,CHOCOLATE ICE CREAM CANDLE,2,0,3.90,3.90,0.00,1
72122,COFFEE SCENT PILLAR CANDLE,586,0,593.33,593.33,0.00,120
72127,COLUMBIAN CANDLE ROUND ,366,1,444.69,445.94,1.25,66
72128,COLUMBIAN CANDLE ROUND,714,0,442.24,442.24,0.00,88
72129,COLUMBIAN CANDLE ROUND ,74,0,49.11,49.11,0.00,18
72130,COLUMBIAN CANDLE ROUND,753,0,306.35,306.35,0.00,57
72131,COLUMBIAN CANDLE RECTANGLE,748,16,661.08,692.28,31.20,57
72132,COLUMBIAN CUBE CANDLE,549,0,462.15,462.15,0.00,28
72133,COLUMBIAN CANDLE RECTANGLE,109,0,122.63,122.63,0.00,31
72134,COLUMBIAN  CUBE CANDLE ,339,0,134.85,134.85,0.00,29
72140E,BEST DAD CANDLE LETTERS,218,1,155.87,156.72,0.85,30
72140F,HAPPY ANNIVERSARY CANDLE LETTERS,175,0,69.18,69.18,0.00,14
72225C,LAVENDER SCENT CAKE CANDLE,1926,48,452.46,466.38,13.92,39
72225D,VANILLA SCENT CAKE CANDLE ,962,0,219.46,219.46,0.00,11
72232,FENG SHUI PILLAR CANDLE,6268,0,1190.92,1190.92,0.00,118
72267,PREMIUM CHURCH CANDLE,265,0,530.16,530.16,0.00,45
72349b,SET/6 PURPLE BUTTERFLY T-LIGHTS,204,0,848.41,848.41,0.00,112
72349B,SET/6 PURPLE BUTTERFLY T-LIGHTS,1990,12,4024.79,4049.99,25.20,288
72351a,SET/6 TURQUOISE BUTTERFLY T-LIGHTS,37,0,154.89,154.89,0.00,28
72351A,SET/6 TURQUOISE BUTTERFLY T-LIGHTS,3728,34,7301.65,7368.68,67.03,404
72351B,SET/6 PINK  BUTTERFLY T-LIGHTS,5785,127,10963.29,11184.89,221.60,506
72369A,PINK CLEAR GLASS CANDLE PLATE,67,0,101.29,101.29,0.00,14
72484,ROSES IN WHITE HEART CANDLE ,1818,0,991.38,991.38,0.00,64
72487,ROSES WHITE ROUND CANDLE,827,0,355.05,355.05,0.00,14
72529w,WHITE ADVENT CANDLE,1,0,4.30,4.30,0.00,1
72529W,WHITE ADVENT CANDLE,464,74,793.69,918.75,125.06,48
72586,"S/6 HALLOWEEN GHOST T LIGHTS, 5CM H",1059,0,453.99,453.99,0.00,58
72586,SET OF 6 HALLOWEEN GHOST T-LIGHTS,1244,36,540.99,556.11,15.12,126
72598,SET/12 TAPER CANDLES,1244,22,1127.06,1145.76,18.70,159
72606A,BROWN ANTIQUE CUBE CANDLE,226,0,94.92,94.92,0.00,18
72708,SCULPTED ROUND IVORY CANDLE ,44,0,9.24,9.24,0.00,5
72709,IVORY SCULPTED RND CANDLE ,74,0,62.90,62.90,0.00,13
72715,SPHERICAL IVORY CANDLE ,88,0,36.96,36.96,0.00,13
72724,SET/6 CHRISTMAS ICICLE T-LIGHTS,36,0,45.00,45.00,0.00,10
72728,ROSE SCENT CANDLES IN GLASS,643,0,523.15,523.15,0.00,54
72739B,WHITE CHOCOLATE SCENT CANDLE,394,0,328.39,328.39,0.00,28
72739C,DARK CHOCOLATE SCENTCANDLE,326,25,247.83,279.08,31.25,25
72740A,LARGE STRAWBERRY CHOCOLATE CANDLE,65,0,141.23,141.23,0.00,12
72740B,LARGE WHITE CHOCOLATE CANDLE,1,0,5.06,5.06,0.00,1
72741,GRAND CHOCOLATECANDLE,19712,62,27150.16,27239.46,89.30,936
72750A,"F.FAIRY S/3 CANDLE/GLASS,LILY/VALLY",177,0,349.15,349.15,0.00,8
72750A,FLOWER FAIRY SET OF 3 LILY CANDLES,206,2,413.80,417.70,3.90,9
72750B,"F.FAIRY S/3 CANDLE/GLASS,LAVENDER",193,0,380.35,380.35,0.00,9
72750B,FLOWER FAIRY SET 3 CANDLES LAVENDER,303,18,623.75,666.85,43.10,33
72750C,"F.FAIRY S/3 CANDLE/GLASS, ROSE",232,0,476.40,476.40,0.00,15
72750D,F.FAIRY S/3 CANDLE/GLASS,110,0,226.50,226.50,0.00,11
72751A,"F.FAIRY S/3 SML CANDLE,LILY/VALLEY",1,0,5.95,5.95,0.00,1
72751B,"F.FAIRY S/3 SML CANDLE, LAVENDER",1,0,5.95,5.95,0.00,1
72751C,"F.FAIRY S/3 SML CANDLE, ROSE",1,0,5.95,5.95,0.00,1
72752A,"F.FAIRY,CANDLE IN GLASS,LILY/VALLEY",1,0,4.25,4.25,0.00,1
72752B,"F.FAIRY,CANDLE IN GLASS,LAVENDER",3,0,12.75,12.75,0.00,2
72753A,S/3 FLWR FAIRY LILLY CANDLES,315,0,690.24,690.24,0.00,14
72753B,S/3 FLWR FAIRY LAVENDER CANDLES,445,0,957.73,957.73,0.00,14
72753C,S/3 FLWR FAIRY ROSE CANDLES,43,0,107.68,107.68,0.00,6
72753D,S/3 FLWR FAIRY SUMMER CANDLES,144,16,268.80,302.40,33.60,11
72754A,FLOWER FAIRY POTPOURRI CUSHION LILY,292,0,201.24,201.24,0.00,5
72754B,F FAIRY POTPOURRI CUSHIONS LAVENDER,170,0,137.54,137.54,0.00,8
72754D,F FAIRY POTPOURRI CUSHIONS SUMMER,1,0,1.69,1.69,0.00,1
72755C,FLOWER FAIRY OIL BURNER SET ROSE,592,11,753.25,767.00,13.75,15
72755D,FLOWER FAIRY OIL BURNER SET SUMMER,533,0,693.25,693.25,0.00,13
72756, FAIRY CAKE CANDLES,153,0,202.05,202.05,0.00,2
72756,FAIRY CAKE CANDLES,3859,25,5220.18,5257.43,37.25,129
72760B,VINTAGE CREAM 3 BASKET CAKE STAND,1699,20,16238.68,16409.02,170.34,499
72771B,BURG FLOCK GOLD CUP/CANDLE ,117,0,56.90,56.90,0.00,8
72771C,BLACK FLOCK GOLD CANDLE,54,0,42.08,42.08,0.00,6
72772,SET/4 SCENTED CANDLES IN RAMEKINS,457,0,615.84,615.84,0.00,9
72779,SET/6 BLACK ROSE T-LIGHT CANDLES,48,0,81.12,81.12,0.00,15
72780,BLACK SILOUETTE CANDLE PLATE,514,12,407.98,418.18,10.20,45
72781,BLACK SILOUETTE CANDLE PLATE ,121,6,216.90,229.50,12.60,16
72783,BLACK SIL'T SQU CANDLE PLATE ,43,0,90.30,90.30,0.00,9
72785A,S/4 CONTEMPORY PINK ROSEBUD CANDLES,8,0,16.80,16.80,0.00,4
72785B,S/4 CONTEMPORY RED ROSEBUD CANDLES,9,0,10.90,10.90,0.00,3
72789,BASKET/8 SCENTED LOVE TOKEN CANDLES,122,10,424.03,461.53,37.50,46
72793,BLACK BOX MIRROR LANTERN,55,1,262.80,268.75,5.95,11
72796A,S/3 ENGLISH LAVENDER SQU CANDLE,11,0,18.15,18.15,0.00,5
72796B,S/3 FRENCH VANILLA SQU CANDLE,27,0,44.55,44.55,0.00,12
72796C,S/3 ROSE GARDEN SCENT SQU CANDLE,1,0,1.65,1.65,0.00,1
72798C,SET/4 GARDEN ROSE DINNER CANDLE,28,0,53.11,53.11,0.00,15
72799A,BLACK PILLAR CANDLE SILVER FLOCK,612,0,877.80,877.80,0.00,18
72799B,PURPLE PILLAR CANDLE BLACK FLOCK,322,0,467.71,467.71,0.00,16
72799C,PINK PILLAR CANDLE SILVER FLOCK,471,0,783.10,783.10,0.00,48
72799D,BLUE PILLAR CANDLE SILVER FLOCK,78,0,260.67,260.67,0.00,18
72799E,IVORY PILLAR CANDLE SILVER FLOCK,1232,6,2582.94,2600.64,17.70,179
72799F,IVORY PILLAR CANDLE GOLD FLOCK,1125,0,2082.74,2082.74,0.00,102
72800A,S/4 BLACK DINNER CANDLE SILVER FLOC,674,0,743.26,743.26,0.00,46
72800B, 4 PURPLE FLOCK DINNER CANDLES,335,0,548.11,548.11,0.00,57
72800B,S/4 PURPLE DINNER CANDLE BLK FLOCK,650,2,723.57,728.67,5.10,35
72800C,4 PINK DINNER CANDLE SILVER FLOCK,266,0,430.45,430.45,0.00,50
72800C,S/4 PINK DINNER CANDLE SILVER FLOCK,394,0,494.39,494.39,0.00,28
72800D,4 BLUE DINNER CANDLES SILVER FLOCK,213,0,485.63,485.63,0.00,50
72800D,S/4 BLUE DINNER CANDLE SILVER FLOCK,418,1,532.03,534.58,2.55,37
72800E,4 IVORY DINNER CANDLES SILVER FLOCK,1388,12,2604.34,2613.82,9.48,287
72800F,4 IVORY DINNER CANDLES GOLD FLOCK,822,0,1060.19,1060.19,0.00,67
72801c,4 ROSE PINK DINNER CANDLES,42,0,103.47,103.47,0.00,26
72801c,S/4 ROSE PINK DINNER CANDLES,20,0,50.20,50.20,0.00,10
72801C,4 ROSE PINK DINNER CANDLES,537,0,354.45,354.45,0.00,28
72801C,S/4 ROSE PINK DINNER CANDLES,171,12,161.91,176.91,15.00,29
72801d,4 SKY BLUE DINNER CANDLES,88,0,217.33,217.33,0.00,51
72801d,S/4 SKY BLUE DINNER CANDLES,15,0,37.65,37.65,0.00,10
72801D,4 SKY BLUE DINNER CANDLES,381,0,257.93,257.93,0.00,29
72801D,S/4 SKY BLUE DINNER CANDLES,172,0,188.24,188.24,0.00,32
72801e,4 FESTIVE GREEN DINNER CANDLES,2,0,5.02,5.02,0.00,1
72801e,S/4 FESTIVE GREEN DINNER CANDLES,5,0,12.55,12.55,0.00,3
72801E,4 FESTIVE GREEN DINNER CANDLES,51,0,23.91,23.91,0.00,2
72801E,S/4 FESTIVE GREEN DINNER CANDLES,718,0,380.84,380.84,0.00,22
72801F,S/4 FESTIVE RED DINNER CANDLES,234,0,292.50,292.50,0.00,25
72801g,4 BURGUNDY WINE DINNER CANDLES,8,0,20.08,20.08,0.00,1
72801g,S/4 BURGUNDY WINE DINNER CANDLES,2,0,5.02,5.02,0.00,2
72801G,4 BURGUNDY WINE DINNER CANDLES,537,0,320.20,320.20,0.00,38
72801G,S/4 BURGUNDY WINE DINNER CANDLES,786,0,475.92,475.92,0.00,26
72802a,ROSE SCENT CANDLE IN JEWELLED BOX,9,0,74.97,74.97,0.00,4
72802A,ROSE SCENT CANDLE IN JEWELLED BOX,914,45,3604.81,3789.90,185.09,192
72802B,OCEAN SCENT CANDLE IN JEWELLED BOX,1559,458,3579.73,4258.97,679.24,221
72802c,VANILLA SCENT CANDLE JEWELLED BOX,1,0,8.29,8.29,0.00,1
72802C,VANILLA SCENT CANDLE JEWELLED BOX,2184,506,5463.50,6047.56,584.06,274
72803A,ROSE SCENT CANDLE JEWELLED DRAWER,724,4,1536.50,1553.50,17.00,101
72803b,OCEAN SCENT CANDLE JEWELLED DRAWER,1,0,8.47,8.47,0.00,1
72803B,OCEAN SCENT CANDLE JEWELLED DRAWER,92,2,399.38,407.88,8.50,38
72805,VANILLA CANDLE IN EMBOSSED ZINC POT,10,0,16.90,16.90,0.00,3
72807a,SET/3 ROSE CANDLE IN JEWELLED BOX,9,0,74.79,74.79,0.00,6
72807A,SET/3 ROSE CANDLE IN JEWELLED BOX,924,17,4141.29,4213.54,72.25,226
72807b,SET/3 OCEAN SCENT CANDLE JEWEL BOX,26,0,220.94,220.94,0.00,19
72807B,SET/3 OCEAN SCENT CANDLE JEWEL BOX,1059,28,4526.87,4645.87,119.00,237
72807c,SET/3 VANILLA SCENTED CANDLE IN BOX,60,0,511.98,511.98,0.00,44
72807C,SET/3 VANILLA SCENTED CANDLE IN BOX,1983,146,7922.79,8489.17,566.38,361
72811,SMALL ZINC/GLASS CANDLEHOLDER,445,0,340.45,340.45,0.00,22
72812,LARGE ZINC GLASS CANDLEHOLDER,78,0,223.23,223.23,0.00,22
72812,LARGE ZINC/GLASS CANDLEHOLDER,27,0,65.23,65.23,0.00,9
72814,SET/3 CHRISTMAS BRIAR CANDLES,90,2,334.03,341.53,7.50,24
72814,SET OF 3 CHRISTMAS BRIAR CANDLES,176,0,626.39,626.39,0.00,31
72815,3 WICK CHRISTMAS BRIAR CANDLE ,282,8,1053.36,1083.36,30.00,73
72816,SET/3 CHRISTMAS DECOUPAGE CANDLES,1344,24,1641.52,1671.52,30.00,137
72817,SET/2 CHRISTMAS DECOUPAGE CANDLES,40,0,50.00,50.00,0.00,6
72817,SET OF 2 CHRISTMAS DECOUPAGE CANDLE,1513,24,1591.28,1621.28,30.00,209
72818,CHRISTMAS DECOUPAGE CANDLE,2394,36,1257.21,1283.13,25.92,128
72819,CUPID DESIGN SCENTED CANDLES,694,0,1174.01,1174.01,0.00,92
72821,CUPID SCENTED CANDLE IN GLASS,61,3,95.70,100.65,4.95,15
75011,BLUE DAISY MOBILE,181,0,172.51,172.51,0.00,15
75013B,"STRING OF 8 BUTTERFLIES,PINK",390,1,666.92,669.62,2.70,77
75049L,LARGE CIRCULAR MIRROR MOBILE,13968,903,12345.05,13153.80,808.75,397
75131,METAL TUBE CHIME ON BAMBOO,1217,0,1543.03,1543.03,0.00,68
75149N,STRING CRYSTALS NATURAL,272,0,340.00,340.00,0.00,25
75172,PAINTED SEA SHELL METAL WINDCHIME,97,0,100.31,100.31,0.00,11
75178,ASSTD COL BUTTERFLY/CRYSTAL W/CHIME,497,0,273.93,273.93,0.00,25
77079,DOLPHIN WINDMILL,64,0,135.68,135.68,0.00,12
77081,FLOWER WINDMILL,242,1,307.13,308.38,1.25,34
77101A,UNION FLAG WINDSOCK,1082,0,1255.97,1255.97,0.00,88
78026,SEAGRASS S/3 SQU LAUNDRY BOX,12,0,139.95,139.95,0.00,2
78027,SEAGRASS S/2 CORNER LAUNDRY ,6,0,100.15,100.15,0.00,5
78033,FLAG OF ST GEORGE CHAIR,76,3,352.75,370.60,17.85,18
78034B,BLUE NETTING STORAGE HANGER,15,0,29.25,29.25,0.00,9
78056,CAMOUFLAGE BACKPACK ON WHEELS,3,2,12.85,29.85,17.00,4
78124,MAGAZINE RACK GEBRA ASSORTED ,730,0,969.61,969.61,0.00,31
79000,MOROCCAN TEA GLASS,11973,238,9588.01,9759.91,171.90,450
79026B,"S/4 ICON COASTER,ELVIS LIVES",69,0,89.25,89.25,0.00,37
79029,GLASS HONEYPOT WASP CATCHER,2944,27,5424.47,5473.82,49.35,356
79030A,"TUMBLER, ENGLISH ROSE",171,0,438.25,438.25,0.00,33
79030D,TUMBLER BAROQUE,525,1,265.80,266.19,0.39,41
79030D,"TUMBLER, BAROQUE",484,0,445.45,445.45,0.00,21
79030G,TUMBLER NEW ENGLAND,1261,0,551.19,551.19,0.00,53
79030G,"TUMBLER, NEW ENGLAND",490,0,911.76,911.76,0.00,68
79051a,SMOKEY GREY COLOUR D.O.F. GLASS,1,0,6.04,6.04,0.00,1
79051A,SMOKEY GREY COLOUR D.O.F. GLASS,702,0,295.58,295.58,0.00,39
79051A,SMOKEY GREY COLOUR GLASS,236,0,84.76,84.76,0.00,15
79062D,"RETRO TIN ASHTRAY,REVOLUTIONARY",52,0,19.40,19.40,0.00,4
79063C,"RETRO PILL BOX KEY CHAIN,THE KING",235,0,43.65,43.65,0.00,14
79063D,"RETRO PILL BOX , REVOLUTIONARY",189,0,35.14,35.14,0.00,11
79065A,TEATIME ROUND CAKE TINS ,4,1,29.85,39.80,9.95,2
79066k,RETRO MOD TRAY,26,0,42.71,42.71,0.00,16
79066K,RETRO MOD TRAY,1377,12,1190.05,1200.25,10.20,243
79067,CORONA MEXICAN TRAY,1615,18,6317.50,6380.20,62.70,404
79070b,ENGLISH ROSE SQUARE CAKE TINS,1,0,11.26,11.26,0.00,1
79071B,ENGLISH ROSE METAL WASTE BIN,142,0,433.70,433.70,0.00,66
79072,TEATIME CAKE TIN WITH HANDLE,284,15,2933.95,3083.20,149.25,115
79140,ASS WINDPROOF MARIJUANA LIGHTERS,15,0,6.30,6.30,0.00,2
79144B,PAINTED LIGHTBULB STAR+ MOON,350,0,181.03,181.03,0.00,91
79144C,PAINTED LIGHTBULB RAINBOW DESIGN,306,0,180.14,180.14,0.00,97
79149B,SILICON STAR BULB  BLUE,29,0,12.18,12.18,0.00,12
79151B,"SILICON CUBE 25W, BLUE",11,0,4.62,4.62,0.00,2
79157B,UBO-LIGHT TRIOBASE BLUE,5,0,4.25,4.25,0.00,3
79157V,UBO-LIGHT TRIOBASE PURPLE,5,0,4.25,4.25,0.00,3
79160,HEART SHAPE WIRELESS DOORBELL,944,21,1928.97,1973.07,44.10,222
79161A,ST GEORGE SET OF 10 PARTY LIGHTS,51,0,150.45,150.45,0.00,16
79163,BLACK CHAMPAGNE GLASS,1833,10,1235.67,1240.83,5.16,67
79164,BLACK WINE GLASS,3653,24,3159.41,3196.01,36.60,97
79172D,PURPLE TINT ACRYLIC FLOWER VASE,24,0,20.40,20.40,0.00,4
79190A,RETRO PLASTIC 70'S TRAY,790,34,349.58,364.25,14.67,122
79190B,RETRO PLASTIC POLKA TRAY,1485,16,596.36,603.08,6.72,138
79190D,RETRO PLASTIC DAISY TRAY,641,5,294.48,296.58,2.10,113
79191B,RETRO PLASTIC POLKA TRAY,479,32,370.17,397.37,27.20,75
79191C,RETRO PLASTIC ELEPHANT TRAY,1619,289,1048.11,1293.76,245.65,182
79191D,RETRO PLASTIC DAISY TRAY,138,13,132.01,143.87,11.86,58
79192A,RETRO PLASTIC 70'S TRAY,114,8,142.64,152.64,10.00,36
79301,FEATHER HEART LIGHTS,1,9,-20.00,2.95,22.95,5
79302m,"ART LIGHTS,FUNK MONKEY",4,0,23.77,23.77,0.00,4
79302M,"ART LIGHTS,FUNK MONKEY",624,1,1771.23,1774.18,2.95,108
79303A,WHITE ROHMBIC BLOCK TABLE LAMP,2,0,5.90,5.90,0.00,1
79303B,BLUE STAR BLOCK TABLE LAMP,109,0,339.57,339.57,0.00,10
79303D,LILAC FLOWER BLOCK TABLE LAMP,78,2,266.55,272.45,5.90,21
79308B,MOSAIC CANDLE DISH BLUE PURPLE,144,0,122.40,122.40,0.00,2
79315W,FLYING SAUCER TABLE LIGHT IN WHITE,199,0,611.51,611.51,0.00,13
79320, FLAMINGO LIGHTS,356,2,1705.98,1715.18,9.20,58
79320,FLAMINGO LIGHTS,548,14,2574.30,2642.20,67.90,102
79321,CHILLI LIGHTS,15841,145,79905.13,80540.88,635.75,1156
79323B,BLACK CHERRY LIGHTS,242,248,8.50,1565.70,1557.20,109
79323G,GOLD  CHERRY LIGHTS,314,175,970.43,2007.88,1037.45,86
79323GR,GREEN CHERRY LIGHTS,532,194,2040.86,3209.36,1168.50,120
79323LP,LIGHT PINK CHERRY LIGHTS,1433,458,5778.39,8481.19,2702.80,229
79323P,PINK CHERRY LIGHTS,2281,693,9766.58,13787.93,4021.35,351
79323S, SILVER CHERRY LIGHTS,274,5,1698.55,1732.30,33.75,46
79323S,SILVER CHERRY LIGHTS,60,153,-591.03,352.02,943.05,32
79323W, WHITE CHERRY LIGHTS,2026,16,12108.86,12198.66,89.80,248
79323W,WHITE CHERRY LIGHTS,978,1072,-481.24,5850.06,6331.30,225
79328,BLUE FLOCK GLASS CANDLEHOLDER,594,4,259.24,260.76,1.52,18
79329,PINK FLOCK GLASS CANDLEHOLDER,100,0,65.94,65.94,0.00,7
79331,PINK FLOCK GLASS CANDLEHOLDER,60,0,73.60,73.60,0.00,9
79336,LIGHT PINK FLOCK GLASS CANDLEHOLDER,840,0,369.78,369.78,0.00,21
79337,BLUE FLOCK GLASS CANDLEHOLDER,1194,6,499.75,502.03,2.28,22
79338,DARK PINK FLOCK GLASS CANDLEHOLDER,553,0,252.29,252.29,0.00,13
79340P,PURPLE ORCHID FLOWER LIGHTS,0,2,-15.90,0.00,15.90,2
79340W,WHITE ORCHID FLOWER LIGHTS,0,6,-45.30,0.00,45.30,5
79341,WILLOW BRANCH LIGHTS.,725,448,1904.09,4423.69,2519.60,102
79342b,BROWN FLOWER LIGHTS,1,0,13.57,13.57,0.00,1
79342B,BROWN FLOWER LIGHTS,119,15,728.90,824.95,96.05,38
79403,FROSTED WHITE BASE ,216,14,187.12,199.02,11.90,38
79406,FROSTED WHITE BASE ,259,0,65.62,65.62,0.00,21
79413,GLASS WINE GLASS DECORATIONS,30,0,37.50,37.50,0.00,9
79532,MOSAIC GLASS BALL CANDLEHOLDER,97,1,120.00,121.25,1.25,19
79534,MULTICOLOUR GLASS PLATE,116,0,63.80,63.80,0.00,16
81950B,FLOWER BLUE CLOCK WITH SUCKER,116,0,33.64,33.64,0.00,8
81950B,FLOWER BLUE CLOCK W/SUCKER,100,1,92.25,93.10,0.85,27
81950V,FLOWER PURPLE CLOCK WITH SUCKER,15,0,4.35,4.35,0.00,3
81950V,FLOWER PURPLE CLOCK W/SUCKER,17,0,14.45,14.45,0.00,7
81952B,ROUND BLUE CLOCK WITH SUCKER,200,0,38.00,38.00,0.00,9
81952B,ROUND BLUE CLOCK W/SUCKER,54,0,46.56,46.56,0.00,11
81952V,ROUND PURPLE CLOCK WITH SUCKER,365,0,69.35,69.35,0.00,24
81952V,ROUND PURPLE CLOCK W/SUCKER,99,0,90.52,90.52,0.00,22
81953B,ROUND ARTICULATED BLUE CLOCK W/SUCK,3,0,2.55,2.55,0.00,3
81953B,ROUND BLUE CLOCK WITH SUCKER,11,0,2.09,2.09,0.00,3
81953P,ROUND ARTICULATED PINK CLOCK W/SUCK,33,0,9.57,9.57,0.00,6
81985A,"ICON ALARM CLOCK,FUSCHIA  PIN UP",23,0,58.65,58.65,0.00,7
82001s,SILVER RECORD COVER FRAME,78,0,581.88,581.88,0.00,15
82001s,VINYL RECORD FRAME SILVER,47,0,351.10,351.10,0.00,14
82001S,SILVER RECORD COVER FRAME,287,0,1067.76,1067.76,0.00,26
82001S,VINYL RECORD FRAME SILVER,2639,11,9423.11,9463.64,40.53,209
82011A,"BATHROOM SCALES, TROPICAL BEACH",59,1,242.83,246.58,3.75,35
82011B,BATHROOM SCALES RUBBER DUCKS,93,0,348.80,348.80,0.00,48
82011C,BATHROOM SCALES FOOTPRINTS IN SAND,131,0,595.18,595.18,0.00,71
82011E,"BATHROOM SCALES, FAG BREAK",2,0,7.50,7.50,0.00,2
82069,BEECH WOOD P/FRAME,17,0,109.85,109.85,0.00,11
82072,WHITE WOOD SINGLE P/FRAME,5,0,6.25,6.25,0.00,3
82076,BEECH WOOD PHOTO FRAME ,290,0,403.64,403.64,0.00,19
82081,PINK HEARTS PHOTO ALBUM,174,0,451.35,451.35,0.00,23
82093,HEART SHAPE BUTTON FRAME ,139,0,283.49,283.49,0.00,28
82095,HEART BUTTONS JEWELLERY BOX,100,0,600.91,600.91,0.00,48
82482,WOODEN PICTURE FRAME WHITE FINISH,16914,460,40769.45,41837.60,1068.15,2036
82483,WOOD 2 DRAWER CABINET WHITE FINISH,4878,283,27319.52,29003.37,1683.85,1205
82484,WOOD BLACK BOARD ANT WHITE FINISH,9831,49,56420.73,56745.73,325.00,1200
82486,3 DRAWER ANTIQUE WHITE WOOD CABINET,734,41,6121.79,6457.94,336.15,207
82486,WOOD S/3 CABINET ANT WHITE FINISH,3994,64,31075.39,31594.39,519.00,1111
82494l,WOODEN FRAME ANTIQUE WHITE ,378,0,3155.93,3155.93,0.00,86
82494L,WOODEN FRAME ANTIQUE WHITE ,15301,511,42485.31,43811.16,1325.85,2010
82545A,COGNAC AUX OEUFS METAL 1 HOOK,31,0,38.75,38.75,0.00,11
82551,LAUNDRY 15C METAL SIGN,5641,6,8073.44,8081.14,7.70,755
82552,WASHROOM METAL SIGN,6955,7,9518.41,9527.16,8.75,797
82553,POP'S GREASY SPOON METAL SIGN,114,0,237.73,237.73,0.00,42
82567,"AIRLINE LOUNGE,METAL SIGN",1207,1,2496.88,2498.98,2.10,490
82578,KITCHEN METAL SIGN,5595,13,3122.09,3129.24,7.15,706
82580,BATHROOM METAL SIGN,13249,295,7329.03,7458.52,129.49,1345
82581,TOILET METAL SIGN,8399,71,4610.34,4649.00,38.66,922
82582,AREA PATROLLED METAL SIGN,7479,129,14869.60,15110.98,241.38,804
82583,HOT BATHS METAL SIGN,12877,107,27777.90,27981.99,204.09,1189
82585,SWEET VALENCIA CANDLE+CUP,164,12,220.90,235.90,15.00,48
82587,TEXRIO TOMATOES CANDLE+CUP,128,12,151.78,166.78,15.00,41
82597,BOMBS AWAY METAL SIGN,1210,3,2563.77,2569.66,5.89,217
82599,FANNY'S REST STOPMETAL SIGN,2505,4,5472.68,5479.44,6.76,509
82600,N0 SINGING METAL SIGN,1225,0,2639.42,2639.42,0.00,49
82600,NO SINGING METAL SIGN,11450,43,23012.97,23096.77,83.80,1159
82605,OLD DOC RUSSEL METAL SIGN,227,0,512.13,512.13,0.00,101
82605,OLD DOC.RUSSEL METAL SIGN,41,0,82.94,82.94,0.00,24
82607A,GLASS BONBON JAR PARFUME AUX FLEURE,663,18,901.22,923.72,22.50,166
82607C,GLASS BONBON JAR. SUPERFINES,115,0,175.61,175.61,0.00,43
82607E,GLASS BONBON JAR. D'AMANDES,101,1,125.00,126.25,1.25,26
82613a,"METAL SIGN,CUPCAKE SINGLE HOOK",3,0,7.48,7.48,0.00,3
82613A,"METAL SIGN,CUPCAKE SINGLE HOOK",492,2,664.97,667.47,2.50,118
82613b,"METAL SIGN,CUPCAKE SINGLE HOOK",14,0,35.04,35.04,0.00,11
82613B,"METAL SIGN,CUPCAKE SINGLE HOOK",896,21,975.92,985.57,9.65,225
82613c,"METAL SIGN,CUPCAKE SINGLE HOOK",13,0,32.48,32.48,0.00,12
82613C,"METAL SIGN,CUPCAKE SINGLE HOOK",770,22,809.11,820.01,10.90,189
82613D,METAL SIGN CUPCAKE SINGLE HOOK,1186,20,1273.46,1281.86,8.40,272
82615,PINK MARSHMALLOW SCARF KNITTING KIT,582,4,1592.97,1603.97,11.00,92
82616A,BUBBLE GUM SCARF KNITTING KIT,316,0,624.21,624.21,0.00,52
82616B,FRAPPUCINO SCARF KNITTING KIT,606,10,963.35,977.55,14.20,128
82616C,MIDNIGHT GLAMOUR SCARF KNITTING KIT,632,3,1020.35,1024.10,3.75,143
84006,MAGIC TREE -PAPER FLOWERS,1856,5,1733.82,1738.07,4.25,214
84007,MAGIC GARDEN MOUNT FUJI,157,0,413.12,413.12,0.00,39
84012,MAGIC SHEEP WOOL GROWING FROM PAPER,1838,120,2526.47,2628.47,102.00,180
84016,FLAG OF ST GEORGE CAR FLAG,1004,60,3741.37,3791.67,50.30,67
84029c,BROWN FURRY HOT WATER BOTTLE,1,0,7.78,7.78,0.00,1
84029C,BROWN FURRY HOT WATER BOTTLE,204,0,766.19,766.19,0.00,48
84029D,LEOPARD PRINT HOT WATER BOTTLE,51,0,183.98,183.98,0.00,15
84029E,RED WOOLLY HOTTIE WHITE HEART.,10628,86,42666.54,42994.24,327.70,1156
84029G,KNITTED UNION FLAG HOT WATER BOTTLE,6830,60,29314.17,29533.87,219.70,1018
84030b,KNITTED POM POM HOT WATER BOTTLE,1,0,8.46,8.46,0.00,1
84030B,KNITTED POM POM HOT WATER BOTTLE,5,0,18.75,18.75,0.00,3
84030c,KNITTED RAINBOW HOT WATER BOTTLE,32,0,248.00,248.00,0.00,13
84030C,KNITTED RAINBOW HOT WATER BOTTLE,21,8,52.78,82.78,30.00,8
84030e,ENGLISH ROSE HOT WATER BOTTLE,120,0,979.40,979.40,0.00,46
84030E,ENGLISH ROSE HOT WATER BOTTLE,2122,13,8986.90,9042.15,55.25,489
84031a,CHARLIE+LOLA RED HOT WATER BOTTLE ,1,0,16.63,16.63,0.00,1
84031A,CHARLIE+LOLA RED HOT WATER BOTTLE ,1098,27,4332.47,4404.02,71.55,318
84031b,CHARLIE LOLA BLUE HOT WATER BOTTLE ,1,0,16.63,16.63,0.00,1
84031B,CHARLIE LOLA BLUE HOT WATER BOTTLE ,839,26,3198.83,3263.03,64.20,273
84032A,CHARLIE+LOLA PINK HOT WATER BOTTLE,3234,38,8512.00,8624.10,112.10,667
84032B,CHARLIE + LOLA RED HOT WATER BOTTLE,3285,78,7530.35,7699.25,168.90,609
84033,FLAG OF ST GEORGE ,392,13,713.93,735.38,21.45,51
84050,PINK HEART SHAPE EGG FRYING PAN,9853,66,14417.70,14525.00,107.30,728
84051,ASS COLOUR GLOWING TIARAS,746,0,607.98,607.98,0.00,60
84077,WORLD WAR 2 GLIDERS ASSTD DESIGNS,106139,1704,24083.93,24445.61,361.68,1030
84078A,SET/4 WHITE RETRO STORAGE CUBES ,1128,147,38657.31,43844.96,5187.65,348
84081,WHITE CERAMIC PARTY SET (5PCS),100,1,385.05,389.30,4.25,21
84086B,YELLOW/BLUE RETRO RADIO,24,1,67.85,70.80,2.95,13
84086C,PINK/PURPLE RETRO RADIO,297,0,884.75,884.75,0.00,88
84192,ASSORTED COLOUR METAL CAT ,226,0,271.10,271.10,0.00,38
84199,GLOW IN DARK DOLPHINS,554,12,118.56,121.08,2.52,70
84201B,HAPPY BIRTHDAY CARD STRIPEY TEDDY,39,0,7.41,7.41,0.00,8
84201C,HAPPY BIRTHDAY CARD TEDDY/CAKE,10,0,1.90,1.90,0.00,3
84205C,HAPPY BIRTHDAY GINGER CAT CARD,2,0,0.38,0.38,0.00,1
84206A,3 BLACK CATS W HEARTS BLANK CARD,79,0,15.01,15.01,0.00,9
84206B,CAT WITH SUNGLASSES BLANK CARD,5,0,0.95,0.95,0.00,1
84206B,CAT W SUNGLASSES BLANK CARD,4,0,0.76,0.76,0.00,1
84206C,CHAMPAGNE TRAY BLANK CARD,10,0,1.90,1.90,0.00,4
84212,"ASSORTED FLOWER COLOUR ""LEIS""",24794,72,11914.69,11961.49,46.80,278
84218,BOX/12 CHICK & EGG IN BASKET,261,1,501.56,503.51,1.95,97
84219,BOX/12 MOTHER & CHICK IN BASKET/BOW,137,0,303.86,303.86,0.00,28
84226,HEN HOUSE W FAMILY IN BARN & NEST,77,0,58.31,58.31,0.00,18
84227,HEN HOUSE W CHICK IN NEST,112,0,47.04,47.04,0.00,13
84228,HEN HOUSE W CHICK STANDING,340,1,149.77,150.19,0.42,44
84228,HEN HOUSE WITH CHICK STANDING,14,0,5.88,5.88,0.00,3
84231,EASTER BUNNY WITH BASKET ON BACK,230,0,166.21,166.21,0.00,50
84247C,PACK/12 BLUE REINDEER CARD,72,0,212.40,212.40,0.00,22
84247E,PACK/12 XMAS FUN CARD,270,83,554.61,780.26,225.65,65
84247E,PACK OF 12 CHRISTMAS FUN CARDS,106,23,215.94,283.79,67.85,39
84247G,"DECOUPAGE,GREETING CARD,",1414,0,602.67,602.67,0.00,107
84247H,PACK/12 DECOUPAGE CARD,42,11,76.68,109.13,32.45,21
84247J,PACK/12 RUSSIAN DOLL CARDS,10,0,12.78,12.78,0.00,9
84247K,"FOLK ART GREETING CARD,pack/12",75,11,201.03,233.48,32.45,29
84247L,FAWN AND MUSHROOM GREETING CARD,1137,12,493.17,498.21,5.04,111
84247N,PACK/12 BLUE FOLKART CARDS,113,33,200.13,297.48,97.35,56
84249A,"GREETING CARD,SQUARE, DOUGHNUTS",252,0,113.22,113.22,0.00,34
84249D,FAIRY CAKE GREETINGS CARD,823,24,337.22,347.30,10.08,66
84250M,"GREETING CARD, BLACKPOOL ROCK",28,0,15.90,15.90,0.00,13
84251B,"GREETING CARD, STICKY GORDON",319,12,82.56,84.84,2.28,62
84251C,"GREETING CARD, TWO SISTERS.",247,0,76.68,76.68,0.00,53
84251F,"GREETING CARD, RITA",341,0,83.97,83.97,0.00,50
84251G,"GREETING CARD, OVERCROWDED POOL.",472,0,127.56,127.56,0.00,91
84251J,"GREETING CARD, THE BLACK CAT",74,0,37.04,37.04,0.00,17
84255A,PINK GLASS COCKTAIL LAMP,2,0,4.20,4.20,0.00,2
84255B,ORANGE COCKTAIL GLASS LAMP,65,0,190.16,190.16,0.00,18
84270,ASSTD DESIGN BUBBLE GUM RING,22936,1740,4530.90,4824.30,293.40,483
84279B,CHERRY BLOSSOM DECORATIVE FLASK,808,17,3013.17,3076.92,63.75,224
84279P, CHERRY BLOSSOM  DECORATIVE FLASK,313,3,1100.42,1111.67,11.25,32
84279P,CHERRY BLOSSOM  DECORATIVE FLASK,832,41,3212.69,3365.00,152.31,286
84288B,SET/2 BLUE  NOODLE BASKETS,61,2,115.05,118.95,3.90,25
84292,ROSE PINK METAL FOLDING CHAIR,44,1,378.03,385.98,7.95,15
84292B,BLUE COL METAL FOLDING CHAIR,8,0,51.80,51.80,0.00,5
84306,S/3 PINK SQUARE PLANTERS ROSES,48,0,557.48,557.48,0.00,31
84311,CAMOFLAGE CUSHION COVER,11,0,18.15,18.15,0.00,1
84313A,PINK TV TRAY TABLE ,38,0,212.42,212.42,0.00,19
84313B,BLUE TV TRAY TABLE ,227,0,1164.04,1164.04,0.00,83
84313C,ORANGE TV TRAY TABLE ,548,0,1442.39,1442.39,0.00,73
84327A,PINK JUMPER LARRY THE LAMB,959,4,1813.51,1820.27,6.76,124
84340,LARGE FIBRE OPTIC CHRISTMAS TREE,21,0,65.76,65.76,0.00,11
84341B,SMALL PINK MAGIC CHRISTMAS TREE,1757,0,922.18,922.18,0.00,121
84347,ROTATING SILVER ANGELS T-LIGHT HLDR,31409,9381,70969.95,71300.40,330.45,762
84352,SILVER CHRISTMAS TREE BAUBLE STAND ,206,7,3386.93,3505.58,118.65,132
84356,POMPOM CURTAIN,750,6,3729.34,3771.04,41.70,135
84358,FLOOR LAMP SHADE WOOD BASE,121,0,1097.48,1097.48,0.00,29
84360,TABLE LAMP WHITE SHADE WOOD BASE,179,0,956.89,956.89,0.00,40
84366,VENDETTA CANVAS PICTURE,3,0,11.25,11.25,0.00,3
84367,LA STREGA CANVAS PICTURE ,74,0,126.30,126.30,0.00,8
84371,BIG PINK POODLE,30,0,257.10,257.10,0.00,6
84375,SET OF 20 KIDS COOKIE CUTTERS,7575,61,15632.28,15753.18,120.90,801
84378,SET OF 3 HEART COOKIE CUTTERS,11637,93,15272.38,15388.44,116.06,1257
84380,SET OF 3 BUTTERFLY COOKIE CUTTERS,10405,219,13824.95,14076.34,251.39,1123
84387A,BIRD ON BRANCH CANVAS SCREEN,11,0,21.45,21.45,0.00,1
84388,WISE MAN STAR SHAPE EGG PAN,70,2,85.74,89.04,3.30,24
84396,6 HOOK JEWELLERY STAND BLACK DRESS,552,0,1380.52,1380.52,0.00,49
84402B,PURPLE DRESS JEWELLERY STAND,62,0,51.14,51.14,0.00,4
84402D,PINK DRESS JEWELLERY STAND ,373,0,358.93,358.93,0.00,13
84405A,S/3 PINK COL METAL BASKET W HANDLE,129,1,1029.41,1042.16,12.75,51
84406b,CREAM CUPID HEARTS COAT HANGER,2,0,13.82,13.82,0.00,2
84406B,CREAM CUPID HEARTS COAT HANGER,7131,218,22417.03,23080.13,663.10,853
84414B,FUSCHIA/GREEN STRIPE WOOLLY BLANKET,78,0,536.24,536.24,0.00,9
84415A,PINK FLOCK SUEDE CUSHION COVER ,27,0,71.25,71.25,0.00,6
84415B,BLUE FLOCK CUSHION COVER ,24,0,80.00,80.00,0.00,7
84422,PINK/BLUE DISC/MIRROR STRING,782,49,408.38,427.95,19.57,40
84424A,FOUR PICTURE WHITE GLASS FRAME,23,0,86.25,86.25,0.00,10
84425A,WHITE GLASS TV TRIPLE FRAME,18,0,76.60,76.60,0.00,9
84427B,BLACK GLASS TV DOUBLE P/FRAME 15X10,17,0,72.25,72.25,0.00,5
84429A,MEDIUM PINK BUDDHA HEAD ,109,0,371.78,371.78,0.00,42
84437A,S/6 PINK EASTER DECS IN BOX,106,0,90.95,90.95,0.00,18
84447,6 RABBIT CHAIN EASTER,69,0,72.42,72.42,0.00,19
84450A,PINK RABBIT SITTING EASTER,52,4,22.50,24.18,1.68,6
84450B,PINK/YELLOW RABBIT SAT EASTER,88,0,61.92,61.92,0.00,29
84450B,YELLOW RABBIT SAT EASTER,51,0,22.63,22.63,0.00,6
84452,METAL RABBIT LADDER EASTER ,198,16,172.56,186.16,13.60,46
84454,WOBBLING METAL CHICKEN EASTER,93,0,85.53,85.53,0.00,18
84455,SET OF 3 RABBIT CARROTS EASTER,85,0,77.96,77.96,0.00,20
84456,SET OF 3 RABBIT EGG EASTER,37,12,22.95,33.15,10.20,17
84457,SET/3 RABBITS FLOWER SKIPPPING ROPE,291,0,278.73,278.73,0.00,64
84458,S/3 RABBIT FLOWER/EGG/CARROT ROPE,124,0,105.40,105.40,0.00,20
84459A,PINK METAL CHICKEN HEART ,1263,96,1898.65,2041.69,143.04,206
84459B,YELLOW METAL CHICKEN HEART ,1475,24,2306.01,2341.77,35.76,214
84461,12 PINK HEN+CHICKS IN BASKET,99,11,225.74,253.79,28.05,42
84462,3 PINK HEN+CHICKS IN BASKET,100,0,114.86,114.86,0.00,14
84464,S/60 PINK FLUFFY CHICKS IN BOX,82,0,179.10,179.10,0.00,11
84465,15 PINK FLUFFY CHICKS IN BOX,32,0,96.51,96.51,0.00,23
84466,TOP SECRET PEN SET,1256,397,956.51,1348.36,391.85,81
84467,ENGLISH ROSE DESIGN QUILTED THROW,816,2,17397.76,17477.66,79.90,84
84469,ROSE DES PADDED FLOOR CUSHION,664,0,2249.41,2249.41,0.00,44
84472,PINK AND LILAC QUILTED THROW ,87,3,3276.42,3402.32,125.90,33
84482,BUTTONS DESIGN JEWELLERY BOX,75,10,255.52,293.02,37.50,34
84493,BLUE/PINK NEST STRIPE BOX,1142,567,65.76,111.12,45.36,6
84497,BUTTONS AND STRIPES NOTEBOOK ,97,0,387.13,387.13,0.00,37
84499,BLACK FLOWER CANDLE PLATE,326,0,272.17,272.17,0.00,41
84507B,STRIPES DESIGN MONKEY DOLL,1349,7,1752.98,1764.03,11.05,119
84507C,BLUE CIRCLES DESIGN MONKEY DOLL,433,10,614.24,634.64,20.40,73
84508A,CAMOFLAGE DESIGN TEDDY,1586,8,3352.12,3368.92,16.80,45
84508A,CAMOUFLAGE DESIGN TEDDY,2223,2,4717.46,4722.56,5.10,66
84508B,STRIPES DESIGN TEDDY,169,6,438.46,453.76,15.30,75
84508C,BLUE CIRCLES DESIGN TEDDY,103,1,277.27,279.82,2.55,44
84509a,ENGLISH ROSE PLACEMATS,2,0,15.56,15.56,0.00,1
84509a,SET OF 4 ENGLISH ROSE PLACEMATS,111,0,829.18,829.18,0.00,74
84509A,ENGLISH ROSE PLACEMATS,117,0,455.18,455.18,0.00,32
84509A,SET OF 4 ENGLISH ROSE PLACEMATS,1406,13,5393.86,5442.61,48.75,376
84509b,SET OF 4 FAIRY CAKE PLACEMATS,5,0,37.30,37.30,0.00,4
84509B,FAIRY CAKE PLACEMATS,107,0,409.94,409.94,0.00,28
84509B,SET OF 4 FAIRY CAKE PLACEMATS,542,4,2027.73,2042.73,15.00,169
84509c,DOTTY PLACEMATS ,1,0,7.78,7.78,0.00,1
84509c,SET OF 4 DOTTY PLACEMATS ,15,0,114.30,114.30,0.00,11
84509c,SET OF 4 POLKADOT PLACEMATS ,51,0,383.18,383.18,0.00,32
84509C,DOTTY PLACEMATS ,58,0,218.29,218.29,0.00,13
84509C,SET OF 4 DOTTY PLACEMATS ,70,0,297.48,297.48,0.00,23
84509C,SET OF 4 POLKADOT PLACEMATS ,149,0,570.19,570.19,0.00,60
84509e,SET OF 4 CAROUSEL PLACEMATS ,2,0,15.24,15.24,0.00,1
84509E,CAROUSEL PLACEMATS ,4,0,23.06,23.06,0.00,3
84509E,SET OF 4 CAROUSEL PLACEMATS ,157,0,300.30,300.30,0.00,29
84509F,NEW ENGLAND PLACEMATS,32,0,120.00,120.00,0.00,10
84509F,SET OF 4 NEW ENGLAND PLACEMATS,2749,0,2336.10,2336.10,0.00,36
84509g,SET OF 4 FAIRY CAKE PLACEMATS ,2,0,14.92,14.92,0.00,2
84509G,FAIRY CAKE PLACEMATS ,82,0,315.55,315.55,0.00,27
84509G,SET OF 4 FAIRY CAKE PLACEMATS ,720,0,1729.90,1729.90,0.00,132
84510a,SET OF 4 ENGLISH ROSE COASTERS,75,0,185.70,185.70,0.00,58
84510A,SET OF 4 ENGLISH ROSE COASTERS,2402,21,3227.89,3254.14,26.25,477
84510b,SET OF 4 FAIRY CAKES COASTERS ,1,0,2.15,2.15,0.00,1
84510B,SET OF 4 FAIRY CAKES COASTERS ,1171,2,1478.55,1481.05,2.50,148
84510c,SET OF 4 POLKADOT COASTERS,46,0,113.76,113.76,0.00,26
84510c,SET OF 4 POLKADOTS COASTERS,10,0,25.10,25.10,0.00,8
84510C,SET OF 4 POLKADOT COASTERS,152,0,237.59,237.59,0.00,61
84510C,SET OF 4 POLKADOTS COASTERS,122,0,164.00,164.00,0.00,40
84510e,SET OF 4 GREEN CAROUSEL COASTERS,14,0,35.09,35.09,0.00,6
84510E,SET OF 4 GREEN CAROUSEL COASTERS,148,0,117.77,117.77,0.00,28
84510F,SET OF 4 NEW ENGLAND COASTERS ,1099,2,430.25,432.75,2.50,39
84519A,TOMATO CHARLIE+LOLA COASTER SET,1200,0,2788.45,2788.45,0.00,203
84519B,CARROT CHARLIE+LOLA COASTER SET,867,1,1892.42,1895.37,2.95,215
84520b,PACK 20 ENGLISH ROSE PAPER NAPKINS,110,0,257.40,257.40,0.00,10
84520B,PACK 20 ENGLISH ROSE PAPER NAPKINS,7390,12,6311.42,6321.62,10.20,723
84520D,PACK OF 20 FAIRY CAKE PAPER NAPKINS,699,12,629.27,639.47,10.20,96
84522,PINK PARTY SUNGLASSES,186,0,311.86,311.86,0.00,26
84526,GIANT BLACK SUNGLASSES,538,0,1503.64,1503.64,0.00,34
84527,FLAMES SUNGLASSES PINK LENSES,77,0,146.11,146.11,0.00,22
84529A,PINK KNITTED KIDS RUCKSACK,50,0,290.78,290.78,0.00,19
84529B,BLUE KNITTED KID'S RUCKSACK,13,0,62.35,62.35,0.00,5
84529C,YELLOW KNITTED KIDS RUCKSACK,78,0,414.74,414.74,0.00,37
84531A,PINK KNITTED EGG COSY,191,0,169.36,169.36,0.00,45
84531B,BLUE KNITTED EGG COSY,194,0,164.01,164.01,0.00,42
84532B,FAIRY CAKES RECTANGLUAR BOXES,54,0,417.58,417.58,0.00,31
84533B,FAIRY CAKES ROUND NESTING BOXES,59,0,377.93,377.93,0.00,24
84534b,FAIRY CAKE NOTEBOOK A5 SIZE,5,0,8.30,8.30,0.00,4
84534B,FAIRY CAKE NOTEBOOK A5 SIZE,818,28,750.91,774.71,23.80,190
84535A,ENGLISH ROSE NOTEBOOK A6 SIZE,607,0,346.93,346.93,0.00,64
84535B,FAIRY CAKES NOTEBOOK A6 SIZE,2686,95,1686.01,1747.76,61.75,329
84536a,ENGLISH ROSE NOTEBOOK A7 SIZE,25,0,19.97,19.97,0.00,12
84536A,ENGLISH ROSE NOTEBOOK A7 SIZE,5077,38,2273.77,2289.73,15.96,615
84536b,FAIRY CAKES NOTEBOOK A7 SIZE,8,0,6.48,6.48,0.00,4
84536B,FAIRY CAKES NOTEBOOK A7 SIZE,3504,52,1539.65,1561.49,21.84,402
84537B,FAIRY CAKES GIFT BAG,117,0,49.14,49.14,0.00,11
84539,KNITTED RABBIT DOLL ,55,0,90.75,90.75,0.00,11
84546,CROCHET POODLE KEYRING,21,0,34.65,34.65,0.00,3
84548,CROCHET BEAR RED/BLUE  KEYRING,48,0,79.20,79.20,0.00,13
84549,CROCHET WHITE RABBIT KEYRING ,75,0,137.27,137.27,0.00,16
84550,CROCHET LILAC/RED BEAR KEYRING,15,0,24.75,24.75,0.00,5
84551,CROCHET DOG KEYRING,39,0,64.35,64.35,0.00,8
84555A,YELLOW VW BEETLE CERAMIC MONEY BOX,47,0,133.85,133.85,0.00,16
84558a,3D DOG PICTURE PLAYING CARDS,21,0,125.17,125.17,0.00,19
84558A,3D DOG PICTURE PLAYING CARDS,1259,25,3554.36,3628.11,73.75,200
84559a,3D SHEET OF DOG STICKERS,57,0,95.70,95.70,0.00,40
84559A,3D SHEET OF DOG STICKERS,1321,0,1190.17,1190.17,0.00,230
84559b,3D SHEET OF CAT STICKERS,32,0,53.54,53.54,0.00,25
84559B,3D SHEET OF CAT STICKERS,1199,4,1062.15,1065.55,3.40,196
84559d,3D SHEET OF SEA WORLD STICKERS,2,0,3.38,3.38,0.00,1
84559D,3D SHEET OF SEA WORLD STICKERS,147,0,126.71,126.71,0.00,31
84562A,PINK/WHITE RIBBED MELAMINE JUG,169,1,1370.31,1378.26,7.95,79
84562B,BLUE/WHITE RIBBED MELAMINE JUG,10,0,106.59,106.59,0.00,7
84563A,PINK & WHITE BREAKFAST TRAY,139,0,685.15,685.15,0.00,62
84563B,BLUE & WHITE BREAKFAST TRAY,128,0,590.04,590.04,0.00,59
84564,6 SEGMENT COLOURED SNACK BOWL ,21,0,175.48,175.48,0.00,11
84567,FROSTED GLASS WITH SILVER SURROUND,9,0,14.85,14.85,0.00,1
84568,GIRLS ALPHABET IRON ON PATCHES ,37066,865,7607.02,7788.67,181.65,314
84569A,PACK 3 IRON ON DOG PATCHES,562,1,701.17,702.42,1.25,113
84569B,PACK 3 FIRE ENGINE/CAR PATCHES,433,1,555.93,557.18,1.25,77
84569C,PACK 4 FLOWER/BUTTERFLY PATCHES,415,13,568.68,584.93,16.25,91
84569D,PACK 6 HEART/ICE-CREAM PATCHES,1023,1,1286.29,1287.54,1.25,180
84570B,WHITE SATIN DRESS JEWEL STAND,4,0,19.80,19.80,0.00,2
84572,6 HOOK JEWEL STAND LILAC DRESS,1,0,8.49,8.49,0.00,1
84575A,PINK DOG CANNISTER,24,1,92.85,98.80,5.95,14
84575B,BROWN DOG CANNISTER W BONE,4,0,23.80,23.80,0.00,3
84576,BLUE CAT BISCUIT BARREL PINK HEART,96,0,337.04,337.04,0.00,32
84578,ELEPHANT TOY WITH BLUE T-SHIRT,222,0,854.91,854.91,0.00,112
84580,MOUSE TOY WITH PINK T-SHIRT,1057,4,4036.94,4051.94,15.00,443
84581,DOG TOY WITH PINK CROCHET SKIRT,506,0,1920.02,1920.02,0.00,234
84582,PINK CROCHET CAT WITH SCARF,14,0,59.50,59.50,0.00,11
84584,PINK GINGHAM CAT WITH SCARF,282,0,696.75,696.75,0.00,75
84586L,"PINK ROSES/GINGHAM PATCH RABBIT 8""",15,0,44.25,44.25,0.00,9
84592,CROCHET ROSE PURSE WITH SUEDE BACK,173,0,536.40,536.40,0.00,47
84593,CROCHET ROSE DES CLOTHES HANGER,25,0,73.75,73.75,0.00,7
84595B,LARGE TRIFLE DESIGN L BLUE BOWL,230,0,408.90,408.90,0.00,16
84595E,LARGE TORTILLA DESIGN RED BOWL,367,1,720.28,723.57,3.29,44
84596b,SMALL DOLLY MIX DESIGN ORANGE BOWL,10,0,25.10,25.10,0.00,8
84596B,SMALL DOLLY MIX DESIGN ORANGE BOWL,6221,48,4027.95,4074.67,46.72,728
84596e,SMALL LICORICE DES PINK BOWL,27,0,67.77,67.77,0.00,17
84596E,SMALL LICORICE DES PINK BOWL,1127,32,1097.84,1137.84,40.00,203
84596f,SMALL MARSHMALLOWS PINK BOWL,19,0,46.89,46.89,0.00,14
84596F,SMALL MARSHMALLOWS PINK BOWL,4720,16,3189.71,3196.43,6.72,601
84596g,SMALL CHOCOLATES PINK BOWL,5,0,12.40,12.40,0.00,2
84596G,SMALL CHOCOLATES PINK BOWL,2226,0,1440.76,1440.76,0.00,348
84596I,WRAP SWEETS LIGHT PINK SMALL BOWL,72,0,80.62,80.62,0.00,10
84596j,MIXED NUTS LIGHT GREEN BOWL,2,0,5.02,5.02,0.00,2
84596J,MIXED NUTS LIGHT GREEN BOWL,810,6,614.24,621.74,7.50,139
84596K,JELLY BABIES YELLOW SMALL BOWL,428,1,542.16,543.41,1.25,94
84596l,BISCUITS SMALL BOWL LIGHT BLUE,1,0,2.46,2.46,0.00,1
84596L,BISCUITS SMALL BOWL LIGHT BLUE,1536,0,1013.96,1013.96,0.00,255
84597B,RETRO BROWN BALL ASHTRAY ,205,3,255.62,259.37,3.75,28
84597C,RETRO PINK BALL ASHTRAY ,364,4,445.98,450.98,5.00,45
84598,BOYS ALPHABET IRON ON PATCHES,20775,576,4229.18,4350.14,120.96,219
84599,CANDY STRIPE ROSE FLOOR CUSHION,15,0,160.15,160.15,0.00,6
84600,NEW BAROQUE JEWELLERY BOX ,108,3,895.42,918.27,22.85,55
84601A,NEW BAROQUE IVORY CUSHION COVER ,260,150,450.84,638.34,187.50,16
84608,ORNATE EDWARDIAN CANDLE HOLDER,6,2,31.80,47.70,15.90,5
84609,TALL ROCOCO CANDLE HOLDER,143,2,1272.24,1289.24,17.00,39
84611B,BLACK NEW BAROQUE FLOCK BOX,7,3,23.80,41.65,17.85,6
84612B,SET/4 BLACK  BAROQUE FLOCK COASTER,20,0,51.00,51.00,0.00,4
84613A,PINK NEW BAROQUE FLOCK CANDLESTICK,22,1,97.65,102.30,4.65,11
84613C,BLUE NEW BAROQUE FLOCK CANDLESTICK,62,0,258.06,258.06,0.00,12
84614A,PINK BAROQUE FLOCK CANDLE HOLDER,17,2,112.93,124.83,11.90,11
84614C,BLUE BAROQUE FLOCK CANDLE HOLDER,3,0,17.85,17.85,0.00,1
84615,PINK ROUND BUTTERFLY MIRROR ,240,38,506.80,748.48,241.68,22
84616,SILVER ROCCOCO CHANDELIER,72,4,1352.82,1472.62,119.80,28
84617, NEW BAROQUE BLACK BOXES,6,0,76.50,76.50,0.00,3
84617,NEW BAROQUE BLACK BOXES,5,0,63.75,63.75,0.00,4
84619,BLUE GINGHAM ROSE QUILT ,72,0,1622.96,1622.96,0.00,29
84620,BLUE GINGHAM ROSE CUSHION COVER,121,0,746.61,746.61,0.00,50
84621,BLUE GINGHAM ROSE FLOOR CUSHION ,29,0,247.26,247.26,0.00,15
84622,PINK GINGHAM ROSE CUSHION COVER,23,1,146.65,152.60,5.95,10
84623,PINK GINGHAM ROSE FLOOR CUSHION,56,0,310.44,310.44,0.00,14
84625A,PINK NEW BAROQUECANDLESTICK CANDLE,838,54,1128.20,1193.00,64.80,86
84625B,BLCK NEW BAROQUE CANDLESTICK CANDLE,180,12,268.80,279.00,10.20,18
84625C,BLUE NEW BAROQUE CANDLESTICK CANDLE,770,70,920.55,1024.15,103.60,79
84625D,WHITE NEWBAROQUE CANDLESTICK CANDLE,650,31,735.49,793.34,57.85,55
84626,CANDY STRIPE ROSE QUILT,1,0,45.95,45.95,0.00,1
84627,CANDY STRIPE ROSE C/COVER ,50,8,249.90,297.50,47.60,20
84629,WHITE 3 FRAME BIRDS AND TREE ,24,1,232.85,237.80,4.95,14
84630,FLOWERS AND BIRDS WALL PLAQUE,2,0,15.90,15.90,0.00,1
84631,FRUIT TREE AND BIRDS WALL PLAQUE,288,3,1082.31,1106.16,23.85,52
84632,DECORATIVE HANGING SHELVING UNIT,15,1,799.30,859.25,59.95,12
84637,KITCHEN FLOWER POTS WALL PLAQUE,585,0,1454.49,1454.49,0.00,114
84638,SMALL KITCHEN FLOWER POTS PLAQUE,400,0,1101.55,1101.55,0.00,69
84648,NEW BAROQUE WALL MIRROR,1,0,12.75,12.75,0.00,1
84653,GREEN ROSE QUILT ,14,0,750.48,750.48,0.00,12
84656,WHITE ROSE C/COVER,22,0,130.90,130.90,0.00,13
84657,GREEN ROSE CUSHION COVER,246,0,517.48,517.48,0.00,20
84658,WHITE STITCHED CUSHION COVER,214,0,1199.66,1199.66,0.00,64
84659A,WHITE TRAVEL ALARM CLOCK,588,3,1461.86,1469.51,7.65,227
84660a,WHITE STITCHED WALL CLOCK,7,0,52.70,52.70,0.00,5
84660A,WHITE STITCHED WALL CLOCK,860,2,850.72,855.26,4.54,53
84660b,BLACK STITCHED WALL CLOCK,7,0,53.18,53.18,0.00,6
84660B,BLACK STITCHED WALL CLOCK,745,0,899.48,899.48,0.00,61
84660c,PINK STITCHED WALL CLOCK,31,0,233.98,233.98,0.00,28
84660C,PINK STITCHED WALL CLOCK,725,0,987.98,987.98,0.00,85
84661a,WHITE SQUARE TABLE CLOCK,2,0,10.02,10.02,0.00,2
84661A,WHITE SQUARE TABLE CLOCK,222,0,308.99,308.99,0.00,43
84661b,BLACK SQUARE TABLE CLOCK,1,0,4.96,4.96,0.00,1
84661B,BLACK SQUARE TABLE CLOCK,243,0,530.22,530.22,0.00,51
84661c,PINK SQUARE TABLE CLOCK,2,0,10.12,10.12,0.00,2
84661C,PINK SQUARE TABLE CLOCK,150,0,179.75,179.75,0.00,25
84663A,GRASS HOPPER WOODEN WALL CLOCK ,373,6,731.33,746.39,15.06,68
84664,CHERRY BLOSSOM BATHROOM CABINET,193,5,930.60,955.35,24.75,53
84665,SQUARE CHERRY BLOSSOM CABINET,226,26,1210.00,1364.70,154.70,52
84666,SQUARE CHERRY BLOSSOM CABINET,226,0,892.70,892.70,0.00,33
84670,JAPANESE CROCHETED ANIMAL,5196,150,2065.72,2128.72,63.00,185
84671B,CROCHET BEAR WITH BLUE STRIPES,109,0,306.77,306.77,0.00,32
84673A,PINK FLY SWAT,500,1,314.19,314.84,0.65,100
84673B,BLUE FLY SWAT,503,1,390.66,391.31,0.65,134
84674,FLYING PIG WATERING CAN,460,7,1155.28,1175.93,20.65,109
84675,FROG KING WATERING CAN,206,8,548.11,571.71,23.60,64
84676,BATH DUCK WATERING CAN,848,49,1969.91,2102.46,132.55,120
84678,CLASSICAL ROSE SMALL VASE,565,10,1085.38,1108.28,22.90,85
84679,CLASSICAL ROSE TABLE LAMP,14,1,97.35,103.30,5.95,5
84680,CLASSICAL ROSE URN,94,2,356.40,372.30,15.90,18
84682,CLASSICAL ROSE DISH,295,6,579.24,596.94,17.70,52
84683,CLASSICAL ROSE CANDLESTAND,537,1,515.60,516.85,1.25,47
84684,BEACH HUT PHOTO FRAME,609,52,669.70,720.70,51.00,42
84685,BEACH HUT KEY CABINET,435,3,1357.42,1366.17,8.75,128
84686,BEACH HUT MIRROR,389,20,984.39,1027.79,43.40,79
84687,BEACH HUT SHELF W 3 DRAWERS,314,7,1170.41,1208.06,37.65,78
84688,BEACH HUT DESIGN BLACKBOARD,422,53,1158.47,1313.52,155.05,89
84689,S/2 BEACH HUT TREASURE CHESTS,312,17,693.35,742.90,49.55,44
84690,S/2 BEACH HUT STOOLS,27,2,198.75,214.65,15.90,15
84691,PACK 20 DOLLY PEGS,2747,82,2169.40,2225.50,56.10,238
84692,BOX OF 24 COCKTAIL PARASOLS,19085,207,9249.74,9336.68,86.94,1130
84705A,ENGLISH ROSE PHOTO FRAME ,14,0,65.10,65.10,0.00,7
84705b,FAIRY CAKES PHOTO FRAME,2,0,6.86,6.86,0.00,2
84705B,FAIRY CAKES PHOTO FRAME,84,0,113.27,113.27,0.00,3
84705C,PINK FLOCK PHOTO FRAME ,162,0,227.33,227.33,0.00,8
84705D,CHERRY BLOSSOM PHOTO FRAME ,22,0,97.90,97.90,0.00,14
84705F,RED PEONY PHOTO FRAME ,8,0,37.20,37.20,0.00,5
84706A,ENGLISH ROSE TABLE CLOCK,137,0,325.88,325.88,0.00,7
84706B,FAIRY CAKES TABLE CLOCK,20,2,170.83,188.73,17.90,11
84706C,PINK FLOCK TABLE CLOCK ,84,0,170.80,170.80,0.00,4
84706D,CHERRY BLOSSOM TABLE CLOCK ,219,1,498.24,500.19,1.95,17
84706F,RED PEONY TABLE CLOCK,34,1,199.35,208.30,8.95,18
84707A,SILVER JEWELLED MIRROR TRINKET TRAY,125,0,1045.88,1045.88,0.00,64
84707B,PINK JEWELLED MIRROR TRINKET TRAY,79,4,578.72,618.52,39.80,52
84708B,PINK JEWELLED PHOTO FRAME ,142,0,732.79,732.79,0.00,53
84709A,SILVER OVAL JEWELLED MIRROR,23,0,136.85,136.85,0.00,13
84709B,PINK OVAL JEWELLED MIRROR,176,1,1008.53,1014.48,5.95,87
84711A,SILVER OVAL SHAPE TRINKET BOX,42,0,390.95,390.95,0.00,24
84711B,PINK OVAL SHAPE TRINKET BOX,39,0,357.71,357.71,0.00,30
84712B,PINK JEWELLED PHOTO FRAME,98,0,767.16,767.16,0.00,60
84715,SET OF 6 ICE CREAM SKITTLES,241,0,734.89,734.89,0.00,47
84720,DOT MATRIX CANVAS ART PICTURE,35,0,147.05,147.05,0.00,3
84721,MANHATTAN CANVAS ART PICTURE,20,0,87.80,87.80,0.00,2
84723,CHERRY BLOSSOM CANVAS ART PICTURE,54,6,153.60,201.30,47.70,14
84725,FREESTYLE CANVAS ART PICTURE,134,0,216.50,216.50,0.00,29
84726,LILLIES CANVAS PICTURE,233,0,394.85,394.85,0.00,5
84731,3 BIRDS CANVAS SCREEN,3,0,3.69,3.69,0.00,3
84732B,CUTE BIRD CEATURE SCREEN,28,0,18.48,18.48,0.00,6
84732D,CUTE RABBIT CEATURE SCREEN ,15,0,10.89,10.89,0.00,6
84741C,CITRUS GARLAND FELT FLOWERS ,185,0,372.14,372.14,0.00,51
84743C,ORANGE FELT VASE + FLOWERS,9,0,11.25,11.25,0.00,5
84744,S/6 SEW ON CROCHET FLOWERS,149,0,188.77,188.77,0.00,31
84745A,PINK HANGING GINGHAM EASTER HEN,72,0,30.24,30.24,0.00,15
84745B,BLUE HANGING GINGHAM EASTER HEN,83,0,34.86,34.86,0.00,17
84746,PINK EASTER HENS+FLOWER,23,0,72.06,72.06,0.00,16
84748,FOLK FELT HANGING MULTICOL GARLAND,1170,0,1781.12,1781.12,0.00,93
84750A,PINK SMALL GLASS CAKE STAND,544,40,1113.93,1189.23,75.30,113
84750B,BLACK SMALL GLASS CAKE STAND,609,5,1133.83,1142.02,8.19,82
84751B,BLACK MEDIUM GLASS CAKE STAND,38,3,107.57,115.86,8.29,21
84753A,PINK EAU DE COLOGNE BOTTLE,97,0,92.17,92.17,0.00,24
84754,S/15 SILVER GLASS BAUBLES IN BAG,2083,146,2479.45,2634.59,155.14,220
84755,COLOUR GLASS T-LIGHT HOLDER HANGING,40439,729,24789.78,25205.13,415.35,1287
84757,ENCHANTED GARDEN WROUGHT IRON TABLE,5,0,74.75,74.75,0.00,4
84760L,LARGE HANGING GLASS+ZINC LANTERN,560,0,896.00,896.00,0.00,1
84760S,SMALL HANGING GLASS+ZINC LANTERN,222,0,360.21,360.21,0.00,36
84761,IVORY HANGING BIRD PLANTER ,276,8,748.45,768.85,20.40,62
84762A,WHITE PICNIC BARBECUE BUCKET,59,11,422.98,517.43,94.45,32
84762B,PINK PICNIC BARBECUE BUCKET,113,0,837.77,837.77,0.00,48
84762C,GREEN PICNIC BARBECUE BUCKET,105,0,761.25,761.25,0.00,43
84763,ZINC FINISH 15CM PLANTER POTS,1517,0,1903.00,1903.00,0.00,170
84765,SILVER ROCOCO CANDELABRA,9,2,114.73,140.23,25.50,7
84766,SILVER ROCOCO CANDLE STICK,200,16,594.80,638.00,43.20,31
84767,ZINC POLICE BOX LANTERN,195,0,806.22,806.22,0.00,6
84770,ROUND GEORGIAN SILVER MIRROR,135,46,283.55,419.25,135.70,23
84773,RED ROSE AND LACE C/COVER,190,2,554.60,560.50,5.90,50
84782A,PINK 3 TIER GLASS PLATE STAND,119,6,763.95,840.45,76.50,32
84782B,BLACK 3 TIER GLASS PLATE STAND,10,0,127.50,127.50,0.00,6
84782C,GREEN 3 TIER GLASS PLATE STAND,74,6,459.80,509.90,50.10,22
84789,ENCHANTED BIRD PLANT CAGE,445,8,1528.39,1558.39,30.00,129
84791,GINGHAM HEART DECORATION,334,6,1068.43,1086.13,17.70,107
84792,ENCHANTED BIRD COATHANGER 5 HOOK,2297,69,9849.06,10119.51,270.45,527
84795A,PASTEL STRIPE HAMMOCK ,208,0,1696.02,1696.02,0.00,70
84795b,SUNSET CHECK HAMMOCK,19,0,317.72,317.72,0.00,17
84795B,SUNSET CHECK HAMMOCK,298,0,2379.09,2379.09,0.00,96
84795C,OCEAN STRIPE HAMMOCK ,325,1,2744.64,2752.59,7.95,132
84795D,SEASIDE STRIPE HAMMOCK,189,1,1531.84,1538.79,6.95,84
84795E,RIO PINK STRIPE HAMMOCK,10,0,79.50,79.50,0.00,5
84796a,PINK HAWAIIAN PICNIC HAMPER FOR 2,28,0,234.28,234.28,0.00,20
84796A,PINK HAWAIIAN PICNIC HAMPER FOR 2,284,0,2072.95,2072.95,0.00,111
84796b,BLUE SAVANNAH PICNIC HAMPER FOR 2,2,0,17.12,17.12,0.00,2
84796B,BLUE SAVANNAH PICNIC HAMPER FOR 2,600,0,4999.79,4999.79,0.00,180
84797a,PINK HAWAIIAN PICNIC HAMPER FOR 4,18,0,198.84,198.84,0.00,17
84797A,PINK HAWAIIAN PICNIC HAMPER FOR 4,481,0,3361.25,3361.25,0.00,44
84797b,BLUE SAVANNAH PICNIC HAMPER FOR 4,21,0,232.62,232.62,0.00,19
84797B,BLUE SAVANNAH PICNIC HAMPER FOR 4,323,2,1811.30,1845.20,33.90,34
84798A,PINK FOXGLOVE ARTIIFCIAL FLOWER,195,12,401.85,432.45,30.60,11
84798B,PURPLE FOXGLOVE ARTIIFCIAL FLOWER,326,4,482.70,492.90,10.20,11
84798C,WHITE FOXGLOVE ARTIIFCIAL FLOWER,16,0,40.80,40.80,0.00,3
84799,SPRIG LAVENDER ARTIFICIAL FLOWER,678,60,493.62,528.78,35.16,33
84800L,LARGE WHITE/PINK ROSE ART FLOWER,650,24,930.23,970.79,40.56,39
84800M,MEDIUM WHITE/PINK ROSE ART FLOWER,250,3,352.15,357.22,5.07,28
84800S,SMALL WHITE/PINK ROSE ART FLOWER,388,2,289.54,292.04,2.50,20
84801A,PINK HYDRANGEA ART FLOWER,272,0,427.44,427.44,0.00,15
84801B,WHITE HYDRANGEA ART FLOWER,214,0,345.00,345.00,0.00,18
84802A,WHITE ANEMONE ARTIFICIAL FLOWER,185,0,312.65,312.65,0.00,24
84802B,PURPLE ANEMONE ARTIFICIAL FLOWER,411,0,389.79,389.79,0.00,17
84803A,PINK ALLIUM  ARTIFICIAL FLOWER,112,3,184.21,189.28,5.07,18
84803B,WHITE ALLIUM  ARTIFICIAL FLOWER,42,9,55.77,70.98,15.21,13
84804A,CREAM DELPHINIUM ARTIFICIAL FLOWER,218,0,396.38,396.38,0.00,18
84804B,BLUE DELPHINIUM ARTIFICIAL FLOWER,355,1,499.02,501.97,2.95,20
84805A,CREAM CLIMBING HYDRANGA ART FLOWER,147,0,212.85,212.85,0.00,8
84805B,BLUE CLIMBING HYDRANGA ART FLOWER,340,0,551.40,551.40,0.00,9
84806A,PINK CANDYSTUFT ARTIFICIAL FLOWER,319,0,261.91,261.91,0.00,20
84806B,WHITE CANDYSTUFT ARTIFICIAL FLOWER,450,0,568.02,568.02,0.00,32
84807,RED POPPY ARTIFICIAL FLOWER,233,0,215.93,215.93,0.00,7
84809A,WHITE CHRYSANTHEMUMS ART FLOWER,276,2,470.64,474.84,4.20,22
84809B,PINK CHRYSANTHEMUMS ART FLOWER,296,0,351.60,351.60,0.00,8
84813,SET OF 4 DIAMOND NAPKIN RINGS,422,1,3296.81,3300.76,3.95,100
84814A,HEXAGONAL CRYSTAL PERFUME BOTTLE,1,0,1.95,1.95,0.00,1
84814B,RHOMBUS CRYSTAL PERFUME BOTTLE,7,0,13.65,13.65,0.00,3
84815,SET OF 3 DANISH ROSE PLANTERS,926,0,1183.82,1183.82,0.00,53
84816,DANISH ROSE BEDSIDE CABINET,33,9,937.75,1278.35,340.60,28
84817,DANISH ROSE DECORATIVE PLATE,1059,43,849.60,937.44,87.84,86
84818,DANISH ROSE PHOTO FRAME,1788,107,2250.20,2382.25,132.05,223
84819,DANISH ROSE ROUND SEWING BOX,908,4,1351.26,1368.26,17.00,97
84820,DANISH ROSE TRINKET TRAYS,323,6,863.67,899.37,35.70,56
84821,DANISH ROSE DELUXE COASTER,1318,12,732.30,742.50,10.20,75
84823,DANISH ROSE FOLDING CHAIR,120,1,1170.05,1210.00,39.95,30
84824,DANISH ROSE UMBRELLA STAND,38,1,660.50,676.45,15.95,33
84826,ASSTD DESIGN 3D PAPER STICKERS,1734,120,767.08,869.08,102.00,53
84827,ASS DES PHONE SPONGE CRAFT STICKER,1027,0,489.79,489.79,0.00,29
84828,JUNGLE POPSICLES ICE LOLLY HOLDERS,1543,12,1961.31,1976.31,15.00,201
84828,JUNGLE POPSICLES ICE LOLLY MOULDS,960,24,1308.87,1338.87,30.00,154
84830,LARGE ENGLISH ARBORETUM,113,3,1144.30,1195.15,50.85,8
84832,ZINC WILLIE WINKIE  CANDLE STICK,6794,12,6124.50,6134.70,10.20,631
84836,ZINC METAL HEART DECORATION,19847,102,24161.83,24289.33,127.50,1417
84837,WHITE SWEETHEARTS CABINET 4 DRAWERS,251,0,3210.04,3210.04,0.00,143
84838,ANT WHITE HIGH RISE BIRD BOX,50,0,312.50,312.50,0.00,4
84839,SWEETHEART KEY CABINET,1523,12,8668.45,8747.05,78.60,403
84840,SWEETHEART CARRY-ALL BASKET,282,3,2405.32,2430.82,25.50,142
84842,HELLO SAILOR BATHROOM SET,1505,720,506.55,744.15,237.60,36
84843,WHITE SOAP RACK WITH 2 BOTTLES,280,2,1719.16,1731.06,11.90,112
84845A,HOLLYHOCK SQUARE HANDY TIN,1,0,1.25,1.25,0.00,1
84845C,CARNATION SQUARE HANDY TIN,42,3,48.75,52.50,3.75,15
84845D,GERANIUM SQUARE HANDY TIN,41,0,51.25,51.25,0.00,11
84846A,SCENTED CANDLE IN DIGITALIS TIN,251,0,567.55,567.55,0.00,54
84847,FLORAL BATHROOM SET,2330,1116,781.45,1149.73,368.28,50
84849A,HELLO SAILOR BLUE SOAP HOLDER,470,23,794.70,833.57,38.87,106
84849B,FAIRY SOAP SOAP HOLDER,1936,13,3222.17,3244.14,21.97,295
84849D,HOT BATHS SOAP HOLDER,1558,24,2577.71,2618.27,40.56,263
84854,GIRLY PINK TOOL SET,381,1,2075.22,2079.47,4.25,111
84855,BLOKEY SILVER TOOL SET,36,0,196.70,196.70,0.00,15
84856L,LARGE TAHITI BEACH BAG,238,0,1492.28,1492.28,0.00,81
84856S,SMALL TAHITI BEACH BAG,467,1,1873.40,1877.21,3.81,34
84857A,SILVER MONTE CARLO HANDBAG,8,0,68.00,68.00,0.00,3
84857B,BLUE MONTE CARLO HANDBAG,24,2,42.90,46.80,3.90,2
84857C,PINK MONTE CARLO HANDBAG,197,1,443.08,445.03,1.95,18
84858A,NATURAL RIVIERA HANDBAG,53,0,128.83,128.83,0.00,8
84858B,BLUE RIVIERA HANDBAG,326,0,431.00,431.00,0.00,9
84858C,PINK RIVIERA HANDBAG,347,0,611.07,611.07,0.00,30
84859A,SILVER DISCO HANDBAG,293,0,613.53,613.53,0.00,58
84859B,BLUE DISCO HANDBAG,282,0,433.46,433.46,0.00,18
84859C,PINK DISCO HANDBAG,304,0,552.72,552.72,0.00,39
84864A,PINK PAISLEY PHOTO ALBUM,7,0,67.71,67.71,0.00,4
84865,NEW BAROQUE BLACK PHOTO ALBUM,77,0,639.42,639.42,0.00,48
84867a,PINK BABY GIRLS PHOTO ALBUM,1,0,13.57,13.57,0.00,1
84867A,PINK BABY GIRLS PHOTO ALBUM,16,0,105.82,105.82,0.00,4
84867b,BLUE BABY BOY'S PHOTO ALBUM,2,0,27.14,27.14,0.00,1
84868A,PINK BABY GIRL'S MEMORY BOX,2,0,13.90,13.90,0.00,2
84868B,BLUE BABY BOY'S MEMORY BOX,5,2,20.85,34.75,13.90,5
84869,CANDY BUTTON PHOTO ALBUM,302,0,703.54,703.54,0.00,26
84870B,BLUE GEISHA GIRL ,90,1,318.86,322.61,3.75,41
84870C,GREEN GEISHA GIRL ,93,0,330.36,330.36,0.00,41
84872a,TEATIME FUNKY FLOWER BACKPACK FOR 2,58,0,636.47,636.47,0.00,45
84872A,TEATIME FUNKY FLOWER BACKPACK FOR 2,177,0,1983.54,1983.54,0.00,102
84873a,FUNKY FLOWER PICNIC BAG FOR 4,88,0,973.36,973.36,0.00,59
84873A,FUNKY FLOWER PICNIC BAG FOR 4,32,0,394.15,394.15,0.00,16
84874B,BLUE TRAVEL FIRST AID KIT,86,0,141.76,141.76,0.00,36
84875A,PINK SQUARE COMPACT MIRROR,16,0,60.00,60.00,0.00,12
84875B,GREEN SQUARE COMPACT MIRROR,373,0,511.01,511.01,0.00,40
84875D,BLUE SQUARE COMPACT MIRROR,371,0,483.75,483.75,0.00,37
84876B,GREEN HEART COMPACT MIRROR,344,0,488.31,488.31,0.00,40
84876C,SILVER HEART COMPACT MIRROR,7,1,22.50,26.25,3.75,5
84876D,BLUE HEART COMPACT MIRROR,331,14,553.02,600.52,47.50,37
84877A,PINK ROUND COMPACT MIRROR,74,0,185.66,185.66,0.00,17
84877B,GREEN ROUND COMPACT MIRROR,291,2,501.93,504.43,2.50,44
84877D,BLUE ROUND COMPACT MIRROR,160,0,371.85,371.85,0.00,43
84879,ASSORTED COLOUR BIRD ORNAMENT,80082,511,128550.42,129324.49,774.07,2826
84880,WHITE WIRE EGG HOLDER,1729,13,9816.09,9894.99,78.90,380
84881,BLUE WIRE SPIRAL CANDLE HOLDER,52,1,336.59,342.94,6.35,25
84882,GREEN WIRE STANDING CANDLE HOLDER,66,0,289.43,289.43,0.00,36
84884a,ANT WHITE WIRE HEART SPIRAL,49,0,410.89,410.89,0.00,35
84884A,ANT WHITE WIRE HEART SPIRAL,1708,1,6244.33,6248.28,3.95,313
84886,BLUE METAL WALL SHELF,12,0,119.40,119.40,0.00,9
84891B,GREEN WIRE GOBLET CANDLEHOLDER,11,0,87.45,87.45,0.00,6
84893,ANT WHITE IRON BASKET,33,0,186.35,186.35,0.00,15
84898F,YELLOW FLOWERS FELT HANDBAG KIT,165,0,352.75,352.75,0.00,52
84899E,YELLOW + BROWN BEAR FELT PURSE KIT,39,0,52.65,52.65,0.00,15
84899E,YELLOW BROWN BEAR FELT PURSE KIT,14,1,20.03,21.28,1.25,7
84899F,YELLOW PURPLE DAISY FELT PURSE KIT,121,0,192.17,192.17,0.00,53
84901,BLACK FACE LAMB WITH PANTS,123,0,471.13,471.13,0.00,74
84902,PINK KNITTED COW STUFFED TOY,84,0,326.33,326.33,0.00,53
84905,PINK BUTTERFLY C/COVER ,10,0,70.82,70.82,0.00,6
84905,PINK BUTTERFLY CUSHION COVER ,259,0,937.09,937.09,0.00,99
84906,PINK B'FLY C/COVER W BOBBLES,43,0,262.62,262.62,0.00,16
84906,PINK BUTTERFLY CUSHION COVER,23,1,42.90,44.85,1.95,6
84907,PINK YELLOW PATCH CUSHION COVER,383,4,886.23,916.83,30.60,34
84907,PINK/YELLOW PATCH CUSHION COVER,8,2,67.04,82.34,15.30,7
84908A,PINK 5 PATCH FLOWER CUSHION COVER ,432,1,1038.21,1045.16,6.95,37
84908B,BLUE 5 PATCH FLOWER CUSHION COVER,435,0,1052.29,1052.29,0.00,35
84909A,PINK PAISLEY QUILT ,209,0,2797.55,2797.55,0.00,30
84910A,PINK PAISLEY CUSHION COVER ,432,13,1153.04,1230.39,77.35,54
84912a,PINK ROSE WASHBAG,2,0,15.56,15.56,0.00,1
84912A,PINK ROSE WASHBAG,1094,0,2996.44,2996.44,0.00,231
84912B,GREEN ROSE WASHBAG,1125,0,3072.64,3072.64,0.00,259
84913A,SOFT PINK ROSE TOWEL ,608,0,2211.54,2211.54,0.00,266
84913B,MINT GREEN ROSE TOWEL,420,1,1588.64,1593.29,4.65,201
84914A,PINK ROSE PICNIC RUG,6,0,155.70,155.70,0.00,5
84915,HAND TOWEL PINK FLOWER AND DAISY,234,0,459.56,459.56,0.00,37
84916,HAND TOWEL PALE BLUE W FLOWERS,261,0,646.43,646.43,0.00,58
84917,WHITE HAND TOWEL WITH BUTTERFLY,229,0,686.03,686.03,0.00,53
84918,CREAM C/COVER W YELLOW/GREEN FLOWER,10,0,69.50,69.50,0.00,3
84918,CREAM CUSHION COVER WITH FLOWERS,198,2,911.72,925.62,13.90,61
84919,BLUE CUSHION COVER WITH FLOWER,283,172,822.13,1545.53,723.40,45
84919,L BLUE C/COVER W PINK/YELLOW FLOWER,8,0,74.31,74.31,0.00,4
84920,PINK FLOWER FABRIC PONY,201,0,805.38,805.38,0.00,88
84921,CREAM AND PINK FLOWERS PONY ,27,0,101.25,101.25,0.00,14
84922,PINK BUTTERFLY WASHBAG,342,0,808.22,808.22,0.00,17
84923,PINK BUTTERFLY HANDBAG W BOBBLES,234,0,1017.64,1017.64,0.00,150
84924A,WAKE UP COCKEREL CALENDAR SIGN ,133,0,571.00,571.00,0.00,62
84924D,LA PALMIERA METAL SIGN CALENDAR,764,0,272.61,272.61,0.00,15
84924F,PSYCHEDELIC METAL SIGN CALENDAR,975,480,154.55,274.55,120.00,11
84925A,WAKE UP COCKEREL WALL THERMOMETER,179,0,339.29,339.29,0.00,17
84925C,FAIRY CAKES  WALL THERMOMETER,28,0,71.40,71.40,0.00,10
84925D,LA PALMIERA WALL THERMOMETER,452,372,584.45,677.45,93.00,27
84925E,FLOWERS WALL THERMOMETER,75,0,130.05,130.05,0.00,3
84925F,PSYCHEDELIC WALL THERMOMETER,714,0,873.11,873.11,0.00,34
84926A,WAKE UP COCKEREL TILE COASTER,664,0,293.08,293.08,0.00,51
84926B,SCOTTS ROSES TILE COASTER,54,0,67.50,67.50,0.00,10
84926C,FAIRY CAKES TILE COASTER,138,6,182.10,189.60,7.50,32
84926D,LA PALMIERA TILE COASTER,773,0,365.35,365.35,0.00,47
84926E,FLOWERS TILE COASTER,1081,0,471.57,471.57,0.00,52
84926F,PSYCHEDELIC TILE COASTER,484,24,270.94,277.90,6.96,43
84927A,WAKE UP COCKEREL TILE HOOK,226,75,147.26,157.61,10.35,37
84927D,LA PALMIERA TILE HOOK,953,435,170.43,211.29,40.86,31
84927E,FLOWERS TILE HOOK,494,194,204.75,224.31,19.56,31
84927F,PSYCHEDELIC TILE HOOK,335,6,269.27,273.32,4.05,64
84929,ASSTD FRUIT+FLOWERS FRIDGE MAGNETS,3096,163,918.23,1007.52,89.29,97
84931A,PINK SCOTTIE DOG W FLOWER PATTERN,204,0,513.69,513.69,0.00,82
84931B,BLUE SCOTTIE DOG W FLOWER PATTERN,274,3,681.08,688.73,7.65,84
84932A,SMALL GREEN PEONY FOLDING STOOL,262,0,602.60,602.60,0.00,24
84932B,SMALL PINK PEONY FOLDING STOOL,189,0,401.30,401.30,0.00,17
84932C,SMALL ORIENTAL BLUE FOLDING STOOL,282,1,606.90,615.40,8.50,35
84932D,SMALL ORIENTAL RED FOLDING STOOL,239,0,574.71,574.71,0.00,21
84933A,LARGE GREEN PEONY FOLDING STOOL,131,0,314.35,314.35,0.00,6
84933B,LARGE PINK PEONY FOLDING STOOL,136,0,309.15,309.15,0.00,6
84933C,LARGE BLUE ORIENTAL FOLDING STOOL,136,0,317.00,317.00,0.00,6
84934,ASSTD DESIGN POP ART SLIM PEN,687,1,585.65,586.50,0.85,14
84937,KASHMIR FOLKART TUMBLERS,2542,18,5356.74,5394.54,37.80,126
84942,KASHMIR FOLKART HEART DISHES,3,0,5.07,5.07,0.00,3
84944,SET OF 6 KASHMIR FOLKART BAUBLES,1135,93,2909.43,3153.88,244.45,199
84945,MULTI COLOUR SILVER T-LIGHT HOLDER,21605,156,17604.98,17746.71,141.73,685
84946,ANTIQUE SILVER TEA GLASS ETCHED,22032,134,29674.96,29828.78,153.82,1103
84946,ANTIQUE SILVER T-LIGHT GLASS,14664,316,19032.41,19381.62,349.21,712
84947,ANTIQUE SILVER TEA GLASS ENGRAVED,15810,37,18699.63,18744.17,44.54,692
84948,SILVER HANGING T-LIGHT HOLDER DOME,273,4,452.61,459.21,6.60,38
84949,SILVER HANGING T-LIGHT HOLDER,11945,512,18222.00,19015.80,793.80,759
84950,ASSORTED COLOUR T-LIGHT HOLDER,6041,58,4154.77,4199.27,44.50,283
84951A,S/4 PISTACHIO LOVEBIRD COASTERS,106,0,166.10,166.10,0.00,24
84951A,SET OF 4 PISTACHIO LOVEBIRD COASTER,516,24,663.70,682.66,18.96,112
84951b,S/4 BLACK LOVEBIRD COASTERS,9,0,46.20,46.20,0.00,4
84951b,SET OF 4 BLACK LOVEBIRD COASTERS,1,0,5.06,5.06,0.00,1
84951B,S/4 BLACK LOVEBIRD COASTERS,88,0,171.61,171.61,0.00,28
84951B,SET OF 4 BLACK LOVEBIRD COASTERS,477,0,631.12,631.12,0.00,92
84952A,CLEAR LOVE BIRD T-LIGHT HOLDER,148,0,392.53,392.53,0.00,39
84952B,BLACK LOVE BIRD T-LIGHT HOLDER,364,3,604.24,615.49,11.25,45
84952C,MIRROR LOVE BIRD T-LIGHT HOLDER,374,0,705.01,705.01,0.00,42
84962,SET/3 COLOUR PAINTED KASHMIRI STOOL,3,0,179.85,179.85,0.00,2
84963A,PINK PAINTED KASHMIRI CHAIR,23,0,763.35,763.35,0.00,9
84963B,BLUE PAINTED KASHMIRI CHAIR,18,0,591.50,591.50,0.00,6
84964A,PINK PAINTED KASHMIRI TABLE,11,0,630.00,630.00,0.00,2
84964B,BLUE PAINTED KASHMIRI TABLE ,17,0,990.00,990.00,0.00,2
84965A,PINK KASHMIRI COFFEE TABLE ,20,0,1050.00,1050.00,0.00,3
84965B,BLUE KASHMIRI COFFEE TABLE ,27,0,1359.95,1359.95,0.00,4
84966A,PINK KASHMIRI BOXED MIRROR,13,0,225.95,225.95,0.00,4
84966B,BLUE KASHMIRI BOXED MIRROR,33,0,428.00,428.00,0.00,4
84966C,GREEN KASHMIRI BOXED MIRROR,23,0,276.00,276.00,0.00,2
84967A,PINK KASHMIRI OCCASIONAL TABLE,3,1,94.95,174.90,79.95,4
84967B,BLUE KASHMIRI OCCASIONAL TABLE,24,3,1109.50,1249.45,139.95,13
84967C,GREEN KASHMIRI OCCASIONAL TABLE,9,0,419.85,419.85,0.00,4
84968a,S/16 VINTAGE ROSE CUTLERY,1,0,25.49,25.49,0.00,1
84968a,SET OF 16 VINTAGE ROSE CUTLERY,5,0,125.33,125.33,0.00,3
84968A,S/16 VINTAGE ROSE CUTLERY,190,0,2511.24,2511.24,0.00,85
84968A,SET OF 16 VINTAGE ROSE CUTLERY,339,34,3636.54,4026.84,390.30,123
84968b,S/16 VINTAGE IVORY CUTLERY,1,0,25.49,25.49,0.00,1
84968b,SET OF 16 VINTAGE IVORY CUTLERY,1,0,25.49,25.49,0.00,1
84968B,S/16 VINTAGE IVORY CUTLERY,423,1,5604.91,5617.66,12.75,131
84968B,SET OF 16 VINTAGE IVORY CUTLERY,5,0,63.75,63.75,0.00,5
84968C,S/16 VINTAGE PISTACHIO CUTLERY,262,0,3177.30,3177.30,0.00,58
84968C,SET OF 16 VINTAGE PISTACHIO CUTLERY,375,4,4400.95,4451.95,51.00,135
84968d,S/16 VINTAGE RED CUTLERY,1,0,25.49,25.49,0.00,1
84968d,SET OF 16 VINTAGE RED CUTLERY,3,0,74.88,74.88,0.00,3
84968D,S/16 VINTAGE RED CUTLERY,287,0,3349.76,3349.76,0.00,38
84968D,SET OF 16 VINTAGE RED CUTLERY,185,1,2031.20,2043.95,12.75,69
84968e,S/16 VINTAGE BLACK CUTLERY,4,0,101.96,101.96,0.00,4
84968e,SET OF 16 VINTAGE BLACK CUTLERY,12,0,302.17,302.17,0.00,9
84968E,S/16 VINTAGE BLACK CUTLERY,225,4,2534.45,2585.45,51.00,41
84968E,SET OF 16 VINTAGE BLACK CUTLERY,162,0,1905.03,1905.03,0.00,58
84968f,SET OF 16 VINTAGE SKY BLUE CUTLERY,2,0,50.98,50.98,0.00,2
84968F,S/16 VINTAGE SKY BLUE CUTLERY,84,0,1092.42,1092.42,0.00,51
84968F,SET OF 16 VINTAGE SKY BLUE CUTLERY,214,0,2479.35,2479.35,0.00,80
84969,ASSORTED COLOUR SET 6 TEASPOONS,268,3,1219.27,1232.02,12.75,89
84969,BOX OF 6 ASSORTED COLOUR TEASPOONS,701,2,3039.41,3047.91,8.50,257
84970l,SINGLE HEART ZINC T-LIGHT HOLDER,233,0,487.14,487.14,0.00,65
84970L,SINGLE HEART ZINC T-LIGHT HOLDER,17400,36,17142.84,17177.04,34.20,1083
84970s,HANGING HEART ZINC T-LIGHT HOLDER,373,0,784.04,784.04,0.00,98
84970S,HANGING HEART ZINC T-LIGHT HOLDER,26444,125,21689.06,21794.26,105.20,1439
84971l,LARGE HEART FLOWERS HOOK   ,2,0,4.92,4.92,0.00,1
84971L,LARGE HEART FLOWERS HOOK   ,585,25,692.26,723.51,31.25,60
84971s,SMALL HEART FLOWERS HOOK ,6,0,9.96,9.96,0.00,3
84971S,SMALL HEART FLOWERS HOOK ,6489,2,5491.61,5493.31,1.70,461
84972L,GIANT PINK HEART MEMO HOLDER,117,0,462.15,462.15,0.00,46
84974,S/2 ZINC HEART DESIGN PLANTERS,89,1,869.60,879.55,9.95,58
84975,HEART SHAPED MIRROR,1990,9,3251.19,3266.40,15.21,216
84976,RECTANGULAR SHAPED MIRROR,674,14,711.70,722.76,11.06,58
84977,WIRE FLOWER T-LIGHT HOLDER,223,0,281.33,281.33,0.00,44
84978,HANGING HEART JAR T-LIGHT HOLDER,21689,361,28058.24,28475.96,417.72,1476
84984A,GREEN PEONY CUSHION COVER,255,0,403.75,403.75,0.00,12
84984A,GREEN PEONY DES C/COVER,11,2,49.07,58.37,9.30,6
84984B,RED PEONY CUSHION COVER ,309,0,480.85,480.85,0.00,10
84984B,RED PEONY DES C/COVER ,13,2,51.15,60.45,9.30,7
84984C,ORIENTAL BLUE C/COVER ,13,0,89.59,89.59,0.00,8
84984C,ORIENTAL BLUE CUSHION COVER ,219,0,311.57,311.57,0.00,8
84984D,ORIENTAL RED C/COVER ,27,0,165.11,165.11,0.00,11
84984D,ORIENTAL RED CUSHION COVER ,132,0,239.80,239.80,0.00,10
84985a,SET OF 72 GREEN PAPER DOILIES,10,0,29.80,29.80,0.00,8
84985A,SET OF 72 GREEN PAPER DOILIES,644,5,1010.88,1018.13,7.25,154
84985b,SET OF 72 BLACK PAPER DOILIES ,1,0,2.98,2.98,0.00,1
84985B,SET OF 72 BLACK PAPER DOILIES ,128,0,194.96,194.96,0.00,24
84986b,SET OF 36 SILVER PAPER DOILIES,6,0,17.88,17.88,0.00,5
84986B,SET OF 36 SILVER PAPER DOILIES,432,0,639.06,639.06,0.00,75
84987,SET OF 36 TEATIME PAPER DOILIES,8138,70,11766.45,11864.15,97.70,818
84988,SET OF 72 PINK HEART PAPER DOILIES,8305,64,12821.97,12913.24,91.27,1022
84989a,75 GREEN FAIRY CAKE CASES,74,0,150.57,150.57,0.00,41
84989A,75 GREEN FAIRY CAKE CASES,2120,4,1091.35,1093.42,2.07,154
84989b,75 BLACK FAIRY CAKE CASES,10,0,12.80,12.80,0.00,6
84989B,75 BLACK FAIRY CAKE CASES,1009,0,510.15,510.15,0.00,57
84990,60 GOLD AND SILVER FAIRY CAKE CASES,4248,24,2048.99,2062.19,13.20,194
84991,60 TEATIME FAIRY CAKE CASES,54028,350,26853.26,27041.21,187.95,2141
84992,72 SWEETHEART FAIRY CAKE CASES,34797,410,17084.52,17259.85,175.33,1467
84993a,75 GREEN PETIT FOUR CASES,51,0,42.71,42.71,0.00,30
84993A,75 GREEN PETIT FOUR CASES,1471,0,648.61,648.61,0.00,177
84993b,75 BLACK PETIT FOUR CASES,20,0,16.99,16.99,0.00,13
84993B,75 BLACK PETIT FOUR CASES,551,0,243.66,243.66,0.00,86
84997a,CHILDRENS CUTLERY POLKADOT GREEN ,101,0,837.29,837.29,0.00,60
84997a,GREEN 3 PIECE MINI DOTS CUTLERY SET,43,0,357.41,357.41,0.00,11
84997a,GREEN 3 PIECE POLKADOT CUTLERY SET,34,0,287.08,287.08,0.00,10
84997A,CHILDRENS CUTLERY POLKADOT GREEN ,1728,13,6814.47,6864.42,49.95,189
84997A,GREEN 3 PIECE MINI DOTS CUTLERY SET,1918,13,6899.90,6948.65,48.75,241
84997A,GREEN 3 PIECE POLKADOT CUTLERY SET,1539,0,5587.63,5587.63,0.00,165
84997b,CHILDRENS CUTLERY RETROSPOT RED ,273,0,2287.37,2287.37,0.00,55
84997b,RED 3 PIECE MINI DOTS CUTLERY SET,49,0,414.18,414.18,0.00,7
84997b,RED 3 PIECE RETROSPOT CUTLERY SET,192,0,1621.02,1621.02,0.00,23
84997B,CHILDRENS CUTLERY RETROSPOT RED ,2634,6,10294.36,10316.86,22.50,263
84997B,RED 3 PIECE MINI DOTS CUTLERY SET,4205,3,15313.10,15324.35,11.25,496
84997B,RED 3 PIECE RETROSPOT CUTLERY SET,2418,100,8497.78,8846.86,349.08,267
84997c,BLUE 3 PIECE MINI DOTS CUTLERY SET,3,0,25.41,25.41,0.00,2
84997c,BLUE 3 PIECE POLKADOT CUTLERY SET,85,0,717.25,717.25,0.00,17
84997c,CHILDRENS CUTLERY POLKADOT BLUE,265,0,2216.21,2216.21,0.00,56
84997C,BLUE 3 PIECE MINI DOTS CUTLERY SET,3970,80,14164.89,14438.97,274.08,483
84997C,BLUE 3 PIECE POLKADOT CUTLERY SET,2246,6,8128.13,8150.63,22.50,243
84997C,CHILDRENS CUTLERY POLKADOT BLUE,2582,6,10127.86,10150.76,22.90,235
84997d,CHILDRENS CUTLERY POLKADOT PINK,285,0,2372.33,2372.33,0.00,65
84997d,PINK 3 PIECE MINI DOTS CUTLERY SET,1,0,7.62,7.62,0.00,1
84997d,PINK 3 PIECE POLKADOT CUTLERY SET,85,0,717.43,717.43,0.00,16
84997D,CHILDRENS CUTLERY POLKADOT PINK,3666,4,14478.64,14493.64,15.00,359
84997D,PINK 3 PIECE MINI DOTS CUTLERY SET,4353,20,15684.53,15759.53,75.00,452
84997D,PINK 3 PIECE POLKADOT CUTLERY SET,2634,31,9505.72,9621.97,116.25,283
85006,SET 4 NURSERY DES ROUND BOXES,3049,1480,724.91,1289.31,564.40,46
85007,SET OF 3 VINTAGE TEA TIME BOXES,143,3,385.67,399.62,13.95,22
85008,SET OF 3 CONEY ISLAND OVAL BOXES,269,2,1048.82,1058.72,9.90,101
85014a,BLACK/BLUE DOTS RUFFLED UMBRELLA,10,0,127.20,127.20,0.00,9
85014a,BLACK/BLUE POLKADOT UMBRELLA,23,0,288.92,288.92,0.00,19
85014A,BLACK/BLUE DOTS RUFFLED UMBRELLA,2967,2,12352.07,12363.97,11.90,303
85014A,BLACK/BLUE POLKADOT UMBRELLA,1656,6,9397.91,9433.61,35.70,383
85014b,RED RETROSPOT UMBRELLA,33,0,414.82,414.82,0.00,30
85014b,RED/WHITE DOTS RUFFLED UMBRELLA,6,0,76.60,76.60,0.00,5
85014B,RED RETROSPOT UMBRELLA,2699,5,15346.55,15376.30,29.75,488
85014B,RED/WHITE DOTS RUFFLED UMBRELLA,3456,13,15324.93,15400.28,75.35,424
85014C,BLUE/BROWN DOTS RUFFLED UMBRELLA,547,192,1694.73,2270.73,576.00,73
85014D,PINK/BROWN DOTS RUFFLED UMBRELLA,1918,0,6664.45,6664.45,0.00,90
85015,SET OF 12  VINTAGE POSTCARD SET,2908,0,2750.00,2750.00,0.00,254
85016,SET OF 6 VINTAGE NOTELETS KIT,1679,7,2015.48,2033.33,17.85,169
85017A,ENVELOPE 50 ROMANTIC IMAGES,1157,0,792.15,792.15,0.00,174
85017B,ENVELOPE 50 BLOSSOM IMAGES,2231,12,1380.19,1390.39,10.20,318
85017C,ENVELOPE 50 CURIOUS IMAGES,1087,288,598.71,719.67,120.96,120
85018A,S/6 PAPER BOXES ROMANTIC IMAGES,15,0,63.75,63.75,0.00,10
85018B,S/6 PAPER BOXES BLOSSOM IMAGES ,15,0,63.75,63.75,0.00,10
85018C,S/6 PAPER BOXES CURIOUS IMAGES ,36,0,127.20,127.20,0.00,4
85018D,YULETIDE IMAGES S/6 PAPER BOXES,787,21,931.65,969.90,38.25,82
85019A,ROMANTIC IMAGES NOTEBOOK SET,647,24,885.04,915.04,30.00,50
85019B,BLOSSOM  IMAGES NOTEBOOK SET,718,24,952.47,982.47,30.00,48
85019C,CURIOUS  IMAGES NOTEBOOK SET,423,36,570.19,651.19,81.00,27
85020,ROUND PINK HEART MIRROR,240,0,533.48,533.48,0.00,58
85023A,CRYSTAL LARGE JEWELLED PHOTO FRAME,22,1,53.55,56.10,2.55,11
85023B,EAU DE NILE JEWELLED PHOTOFRAME,293,74,526.05,682.35,156.30,41
85023C,PINK LARGE JEWELED PHOTOFRAME,23,1,56.10,58.65,2.55,12
85024A,CRYSTAL SMALL JEWELLED PHOTOFRAME,1,0,1.65,1.65,0.00,1
85024B,EAU DE NILE JEWELLED PHOTOFRAME,218,0,330.90,330.90,0.00,20
85024C,PINK SMALL JEWELLED PHOTOFRAME,99,1,161.70,163.35,1.65,43
85025B,EAU DE NILE HEART SHAPE PHOTO FRAME,570,4,978.80,985.40,6.60,98
85025C,PINK HEART SHAPE PHOTO FRAME,720,2,1282.61,1285.91,3.30,127
85026B,EAU DE NILE JEWELLED T-LIGHT HOLDER,300,10,359.05,367.55,8.50,30
85027L,FRENCH CHATEAU LARGE PLATTER ,190,34,472.20,538.50,66.30,43
85028L,FRENCH CHATEAU LARGE FRUIT BOWL ,271,26,608.11,654.01,45.90,29
85028S,FRENCH CHATEAU SMALL FRUITBOWL,430,38,601.92,656.82,54.90,35
85030,FRENCH CHATEAU OVAL PLATTER,211,27,460.80,531.45,70.65,32
85031A,ROMANTIC IMAGES SCRAP BOOK SET,477,0,943.44,943.44,0.00,102
85031B,BLOSSOM IMAGES SCRAP BOOK SET,496,0,896.09,896.09,0.00,85
85031C,CURIOUS IMAGES SCRAP BOOK SET,481,0,1017.48,1017.48,0.00,106
85032A,ROMANTIC IMAGES GIFT WRAP SET,1441,0,1323.51,1323.51,0.00,161
85032B,BLOSSOM IMAGES GIFT WRAP SET,982,0,953.34,953.34,0.00,152
85032C,CURIOUS IMAGES GIFT WRAP SET,886,12,938.79,946.59,7.80,162
85032D,YULETIDE IMAGES GIFT WRAP SET,1148,12,1319.88,1327.68,7.80,134
85033G,SET/6 GOLD REINDEER T-LIGHT CANDLES,236,3,374.10,376.05,1.95,34
85033S,SET/6 SILVER REINDEER T-LIGHTS,258,1,316.70,317.35,0.65,50
85034a,3 GARDENIA MORRIS BOXED CANDLES,3,0,24.87,24.87,0.00,3
85034A,3 GARDENIA MORRIS BOXED CANDLES,846,11,2327.07,2364.82,37.75,140
85034b,3 WHITE CHOC MORRIS BOXED CANDLES,1,0,8.29,8.29,0.00,1
85034B,3 WHITE CHOC MORRIS BOXED CANDLES,1183,0,2606.64,2606.64,0.00,152
85034C,3 ROSE MORRIS BOXED CANDLES,1314,23,2518.40,2604.15,85.75,203
85035a,GARDENIA 3 WICK MORRIS BOXED CANDLE,3,0,25.41,25.41,0.00,3
85035A,GARDENIA 3 WICK MORRIS BOXED CANDLE,646,34,2210.96,2344.90,133.94,185
85035b,CHOCOLATE 3 WICK MORRIS BOX CANDLE,6,0,50.82,50.82,0.00,6
85035B,CHOCOLATE 3 WICK MORRIS BOX CANDLE,986,0,2539.29,2539.29,0.00,131
85035c,ROSE 3 WICK MORRIS BOX CANDLE,2,0,16.94,16.94,0.00,2
85035C,ROSE 3 WICK MORRIS BOX CANDLE,1356,3,2681.10,2693.85,12.75,198
85036a,GARDENIA 1 WICK MORRIS BOXED CANDLE,2,0,16.58,16.58,0.00,1
85036A,GARDENIA 1 WICK MORRIS BOXED CANDLE,619,2,2383.71,2389.21,5.50,167
85036b,CHOCOLATE 1 WICK MORRIS BOX CANDLE,2,0,16.94,16.94,0.00,2
85036B,CHOCOLATE 1 WICK MORRIS BOX CANDLE,598,6,1504.66,1530.16,25.50,88
85036C,ROSE 1 WICK MORRIS BOXED CANDLE,878,193,1396.77,1629.02,232.25,131
85038,6 CHOCOLATE LOVE HEART T-LIGHTS,2778,0,5803.58,5803.58,0.00,382
85039a,SET/4 RED MINI ROSE CANDLE IN BOWL,64,0,212.45,212.45,0.00,44
85039A,SET/4 RED MINI ROSE CANDLE IN BOWL,1448,3,1656.42,1661.37,4.95,253
85039b,S/4 IVORY MINI ROSE CANDLE IN BOWL,4,0,13.44,13.44,0.00,1
85039B,S/4 IVORY MINI ROSE CANDLE IN BOWL,1653,12,2158.72,2178.52,19.80,267
85039C,S/4 BLACK MINI ROSE CANDLE IN BOWL,536,2,513.01,516.31,3.30,116
85040a,S/4 PINK FLOWER CANDLES IN BOWL,51,0,169.75,169.75,0.00,34
85040A,S/4 PINK FLOWER CANDLES IN BOWL,2065,44,3567.29,3639.89,72.60,417
85040b,SET/4 BLUE FLOWER CANDLES IN BOWL,7,0,23.52,23.52,0.00,3
85040B,SET/4 BLUE FLOWER CANDLES IN BOWL,2451,65,3716.13,3813.78,97.65,260
85041,SET/4 PINK ORCHID CANDLES IN BOWL,1853,14,2466.77,2489.87,23.10,95
85042,ANTIQUE LILY FAIRY LIGHTS,2685,168,11477.16,12234.56,757.40,353
85043,RED HEART CANDY POP LIGHTS,1,3,-9.90,4.95,14.85,4
85044,RED REINDEER STRING OF 20 LIGHTS,149,5,778.05,801.40,23.35,45
85045,GREEN CHRISTMAS TREE STRING 20LIGHT,471,12,2184.84,2239.34,54.50,87
85047,WHITE BEADED GARLAND STRING 20LIGHT,1051,74,6213.63,6664.33,450.70,279
85048,15CM CHRISTMAS GLASS BALL 20 LIGHTS,2685,93,20505.78,21201.13,695.35,567
85049a,TRADITIONAL CHRISTMAS RIBBONS,434,0,1451.24,1451.24,0.00,51
85049A,TRADITIONAL CHRISTMAS RIBBONS,6151,51,8051.03,8114.78,63.75,673
85049b,LUSH GREENS RIBBONS,4,0,9.94,9.94,0.00,3
85049B,LUSH GREENS RIBBONS,2126,0,2653.30,2653.30,0.00,338
85049c,ROMANTIC PINKS RIBBONS ,1,0,2.46,2.46,0.00,1
85049C,ROMANTIC PINKS RIBBONS ,2981,25,3715.04,3746.29,31.25,503
85049d,BRIGHT BLUES RIBBONS ,2,0,4.92,4.92,0.00,2
85049D,BRIGHT BLUES RIBBONS ,2330,0,2922.96,2922.96,0.00,400
85049e,SCANDINAVIAN REDS RIBBONS,268,0,893.25,893.25,0.00,61
85049E,SCANDINAVIAN REDS RIBBONS,6316,28,8418.47,8453.47,35.00,834
85049F,BABY BOOM RIBBONS ,2110,25,2602.75,2634.00,31.25,316
85049g,CHOCOLATE BOX RIBBONS ,115,0,281.44,281.44,0.00,52
85049G,CHOCOLATE BOX RIBBONS ,3829,45,4662.37,4718.62,56.25,515
85049H,URBAN BLACK RIBBONS ,2066,0,2067.18,2067.18,0.00,334
85050,FRENCH ENAMEL SOAP DISH WITH LID,48,0,100.80,100.80,0.00,1
85053,FRENCH ENAMEL CANDLEHOLDER,2032,41,4278.82,4363.28,84.46,395
85054,FRENCH ENAMEL POT W LID,916,8,2474.82,2495.02,20.20,209
85055,FRENCH ENAMEL UTENSIL HOLDER,359,0,1442.94,1442.94,0.00,107
85059,FRENCH ENAMEL WATER BASIN,701,10,2369.89,2399.89,30.00,215
85060,WOOD FAN WITH FLOWER DESIGN,1448,38,1698.12,1745.62,47.50,91
85061W,WHITE JEWELLED HEART DECORATION,6306,25,5430.24,5451.49,21.25,473
85062,PEARL CRYSTAL PUMPKIN T-LIGHT HLDR,3886,9,6349.01,6363.28,14.27,347
85063,CREAM SWEETHEART MAGAZINE RACK,308,66,4366.04,5426.74,1060.70,218
85064,CREAM SWEETHEART LETTER RACK,1595,4,7472.86,7493.06,20.20,282
85065,CREAM SWEETHEART TRAYS,620,36,7146.64,7524.44,377.80,266
85066,CREAM SWEETHEART MINI CHEST,3091,106,37364.58,38599.98,1235.40,985
85067,CREAM SWEETHEART WALL CABINET,496,11,7999.54,8201.99,202.45,186
85068,CREAM SWEETHEART SHELF + HOOKS,960,4,6617.44,6647.24,29.80,201
85069,CREAM SWEETHEART DOUBLE SHELF,3,6,-50.85,50.85,101.70,3
85070,ANT WHITE SWEETHEART TABLE W 3 DRAW,3,1,195.00,320.00,125.00,4
85071A,BLUE CHARLIE+LOLA PERSONAL DOORSIGN,1907,152,967.29,1415.69,448.40,149
85071B,RED CHARLIE+LOLA PERSONAL DOORSIGN,2340,2,1310.58,1316.48,5.90,166
85071C,"CHARLIE+LOLA""EXTREMELY BUSY"" SIGN",1285,0,837.23,837.23,0.00,141
85071D,CHARLIE+LOLA MY ROOM DOOR SIGN,884,0,548.86,548.86,0.00,112
85072,OCCASIONS GIFT CARD ASSORTMENT,120,0,66.00,66.00,0.00,1
85077,KISSING REINDEER TABLE RUNNER,1,0,5.95,5.95,0.00,1
85078,SCANDINAVIAN 3 HEARTS NAPKIN RING,2258,1,1051.37,1052.02,0.65,163
85079,EMBROIDERED REINDEER DECORATION,23,0,32.25,32.25,0.00,8
85080,PADDED RED HEART DECORATION,113,0,55.76,55.76,0.00,22
85081,PADDED HOLLY CHRISTMAS DECORATION ,104,0,46.17,46.17,0.00,21
85083,KISS REINDEER SCANDINAVIAN STOCKING,5,6,-2.55,12.75,15.30,3
85084,HOLLY TOP CHRISTMAS STOCKING,682,0,681.40,681.40,0.00,84
85086A,CANDY SPOT HEART DECORATION,587,0,568.73,568.73,0.00,152
85087,CANDY SPOT CUSHION COVER,420,2,1386.74,1392.64,5.90,148
85088,CANDY SPOT HAND BAG,347,4,715.45,723.85,8.40,80
85089,CANDY SPOT BUNNY,99,0,317.54,317.54,0.00,29
85090,CANDY SPOT APRON,106,8,522.08,559.28,37.20,56
85091,CANDY SPOT BREAD BASKETS,343,17,479.11,548.81,69.70,21
85092,CANDY SPOT TEA COSY,391,24,592.57,622.57,30.00,25
85093,CANDY SPOT EGG WARMER HARE,1361,3,1087.46,1091.21,3.75,153
85094,CANDY SPOT EGG WARMER RABBIT,760,1,359.74,360.99,1.25,109
85095,THREE CANVAS LUGGAGE TAGS,174,0,259.09,259.09,0.00,49
85096,HILDA CANDY SPOT RABBIT,164,1,673.17,676.92,3.75,67
85097B,BLUE ROCKING SINGING CANARY,106,12,378.57,417.17,38.60,45
85098B,BLUE FLYING SINGING CANARY,366,49,1302.79,1456.94,154.15,120
85099b,JUMBO BAG RED RETROSPOT,419,0,2111.64,2111.64,0.00,25
85099B,JUMBO BAG RED RETROSPOT,77280,1191,143834.41,145961.83,2127.42,3316
85099B,JUMBO BAG RED WHITE SPOTTY ,14060,6,25032.82,25043.62,10.80,540
85099B,RED RETROSPOT JUMBO BAG ,5417,16,9533.29,9563.89,30.60,216
85099c,JUMBO  BAG BAROQUE BLACK WHITE,17,0,85.17,85.17,0.00,10
85099C,JUMBO  BAG BAROQUE BLACK WHITE,30640,313,58486.73,59057.61,570.88,1894
85099f,JUMBO BAG STRAWBERRY,201,0,1016.36,1016.36,0.00,25
85099F,JUMBO BAG STRAWBERRY,36860,283,67473.53,67985.77,512.24,1856
85103, SILVER T-LIGHT SETTING,43,8,267.87,321.87,54.00,20
85103,SILVER T-LIGHT SETTING,274,38,1605.46,1831.56,226.10,72
85104,SILVER GLASS T-LIGHT SET,351,8,1000.89,1024.49,23.60,58
85106,CUT GLASS HEXAGON T-LIGHT HOLDER,1190,0,2271.24,2271.24,0.00,59
85107,CUT GLASS T-LIGHT HOLDER OCTAGON,1203,0,2274.79,2274.79,0.00,70
85109,PINK BOUDOIR T-LIGHT HOLDER,4211,1872,344.39,475.43,131.04,21
85110,BLACK SILVER FLOWER T-LIGHT HOLDER,11520,5040,750.68,1138.04,387.36,25
85111,SILVER GLITTER FLOWER VOTIVE HOLDER,2907,144,912.39,954.15,41.76,78
85112,S/3 TEAR DROP CUT GLASS DECORATION,465,0,412.77,412.77,0.00,34
85113,POLKA DOT PISTACHIO PAIL,285,0,591.66,591.66,0.00,48
85114a,BLACK ENCHANTED FOREST PLACEMAT,56,0,185.64,185.64,0.00,17
85114A,BLACK ENCHANTED FOREST PLACEMAT,1270,0,2110.90,2110.90,0.00,103
85114b,IVORY ENCHANTED FOREST PLACEMAT,56,0,186.76,186.76,0.00,19
85114B,IVORY ENCHANTED FOREST PLACEMAT,2017,2,3614.75,3618.05,3.30,224
85114c,RED ENCHANTED FOREST PLACEMAT,185,0,612.64,612.64,0.00,42
85114C,RED ENCHANTED FOREST PLACEMAT,1179,0,2263.06,2263.06,0.00,161
85115B,S/4 BLACK DISCO PARTITION PANEL,6,0,37.62,37.62,0.00,2
85116,BLACK CANDELABRA T-LIGHT HOLDER,1817,30,2143.24,2206.24,63.00,183
85117,NIGHTINGALE COATHOOK WHITE,347,0,594.32,594.32,0.00,61
85118,HEART T-LIGHT HOLDER,2054,207,1035.01,1133.68,98.67,92
85119,WATERING CAN SINGLE HOOK PISTACHIO,413,16,540.44,567.48,27.04,41
85121B,RETRO LAUNDRY TUB PINK,86,11,843.24,936.74,93.50,54
85121C,RETRO LAUNDRY TUB PISTACHIO,98,2,901.91,918.91,17.00,54
85123a,WHITE HANGING HEART T-LIGHT HOLDER,516,0,3444.02,3444.02,0.00,99
85123A,CREAM HANGING HEART T-LIGHT HOLDER,61,0,178.51,178.51,0.00,9
85123A,WHITE HANGING HEART T-LIGHT HOLDER,94142,3637,248159.10,257546.20,9387.10,5490
85123b,ZINC HANGING HEART T-LITE HLDR,1,0,6.04,6.04,0.00,1
85124a,PINK JUICY FRUIT PHOTO FRAME,10,0,50.60,50.60,0.00,9
85124A,PINK JUICY FRUIT PHOTO FRAME,377,8,1016.73,1037.13,20.40,98
85124b,BLUE JUICY FRUIT PHOTO FRAME,2,0,10.23,10.23,0.00,2
85124B,BLUE JUICY FRUIT PHOTO FRAME,353,6,923.17,938.47,15.30,103
85124c,GREEN JUICY FRUIT PHOTO FRAME,3,0,15.18,15.18,0.00,2
85124C,GREEN JUICY FRUIT PHOTO FRAME,426,6,1108.59,1123.89,15.30,123
85125,SMALL ROUND CUT GLASS CANDLESTICK,309,4,1459.71,1479.51,19.80,63
85126,LARGE ROUND CUTGLASS CANDLESTICK,156,10,1001.66,1069.16,67.50,38
85127,SMALL SQUARE CUT GLASS CANDLESTICK,276,5,1685.92,1710.67,24.75,82
85128,PLANTPOT SINGLE HOOK PISTACHIO,167,0,188.95,188.95,0.00,4
85129A,"WHITE PEARL BEADED HEART, SMALL",444,12,554.16,569.16,15.00,76
85129B,BEADED CRYSTAL HEART GREEN SMALL,233,0,315.11,315.11,0.00,56
85129C,BEADED CRYSTAL HEART BLUE SMALL,390,0,510.23,510.23,0.00,65
85129D,BEADED CRYSTAL HEART PINK SMALL,793,1,1192.31,1193.56,1.25,169
85130A,BEADED PEARL HEART WHITE LARGE,685,0,1176.29,1176.29,0.00,86
85130B,BEADED CRYSTAL HEART GREEN LARGE,911,0,918.33,918.33,0.00,83
85130C,BEADED CRYSTAL HEART BLUE  LARGE,659,0,737.89,737.89,0.00,68
85130D,BEADED CRYSTAL HEART PINK LARGE,788,0,958.85,958.85,0.00,107
85131A,BEADED PEARL HEART WHITE ON STICK,2025,14,1606.71,1619.23,12.52,203
85131B,BEADED CRYSTAL HEART GREEN ON STICK,948,0,730.74,730.74,0.00,216
85131C,BEADED CRYSTAL HEART BLUE ON STICK,439,0,320.15,320.15,0.00,72
85131D,BEADED CRYSTAL HEART PINK ON STICK,1423,0,1061.41,1061.41,0.00,256
85131D,BEADED CRYSTAL HEART PINK\ON STICK,20,0,31.30,31.30,0.00,11
85132a,CHARLIE + LOLA BISCUITS TINS,10,0,135.13,135.13,0.00,10
85132A,CHARLIE + LOLA BISCUITS TINS,1348,5,5118.32,5152.07,33.75,255
85132b,CHARLIE AND LOLA TABLE TINS,10,0,95.84,95.84,0.00,10
85132B,CHARLIE AND LOLA TABLE TINS,919,2,2747.63,2767.53,19.90,124
85132c,CHARLIE AND LOLA FIGURES TINS,4,0,46.10,46.10,0.00,4
85132C,CHARLIE AND LOLA FIGURES TINS,2062,12,5739.54,5818.94,79.40,308
85135A,YELLOW DRAGONFLY HELICOPTER,94,4,722.79,754.59,31.80,67
85135B,BLUE DRAGONFLY HELICOPTER,151,2,1210.61,1226.51,15.90,117
85135C,RED DRAGONFLY HELICOPTER,162,2,1302.02,1317.92,15.90,113
85136A,YELLOW SHARK HELICOPTER,138,1,1113.33,1121.28,7.95,107
85136B,BLUE SHARK HELICOPTER,59,1,465.82,473.77,7.95,48
85136C,RED SHARK HELICOPTER,179,15,1331.92,1451.69,119.77,125
85141,JARDIN ETCHED GLASS FRUITBOWL,182,11,1224.39,1286.44,62.05,76
85142,JARDIN ETCHED GLASS GINGER JAR,57,1,494.63,502.58,7.95,35
85144,JARDIN ETCHED GLASS BUTTER DISH,68,2,456.90,471.40,14.50,32
85144,JARDIN ETCHED GLASS CHEESE DISH,219,0,575.45,575.45,0.00,40
85145,JARDIN ETCHED GLASS LARGE BELL JAR,91,3,770.80,809.05,38.25,31
85146,JARDIN ETCHED GLASS SMALL BELL JAR,118,0,599.38,599.38,0.00,29
85147,JARDIN ETCHED GLASS CANDLEHLDR LONG,61,2,292.05,301.95,9.90,17
85150,LADIES & GENTLEMEN METAL SIGN,8361,26,20172.77,20237.72,64.95,1122
85151,WELCOME METAL SIGN,44,0,55.00,55.00,0.00,8
85152,HAND OVER THE CHOCOLATE   SIGN ,16373,101,31292.19,31483.70,191.51,1468
85157,SET OF 2 CHESTS CHOCOLAT AU LAIT,1,0,12.72,12.72,0.00,1
85159A,"BLACK TEA,COFFEE,SUGAR JARS",492,43,1147.53,1248.98,101.45,90
85159b,"WHITE TEA,COFFEE,SUGAR JARS",1,0,13.00,13.00,0.00,1
85159B,"WHITE TEA,COFFEE,SUGAR JARS",659,39,1410.61,1503.50,92.89,102
85160a,WHITE BIRD GARDEN DESIGN MUG,8,0,129.04,129.04,0.00,3
85160A,WHITE BIRD GARDEN DESIGN MUG,8816,4320,932.15,1493.75,561.60,33
85160b,BLACK BIRD GARDEN DESIGN MUG,1,0,16.13,16.13,0.00,1
85160B,BLACK BIRD GARDEN DESIGN MUG,6155,2981,641.29,1032.70,391.41,40
85161,ACRYLIC GEOMETRIC LAMP,51,2,825.95,863.85,37.90,34
85162A,SILVER RETRODISC LAMPSHADE,607,4,1203.96,1234.27,30.31,24
85162B,BLACK RETRODISC LAMPSHADE,977,0,1905.15,1905.15,0.00,13
85162C,WHITE RETRODISC LAMPSHADE,904,0,1841.70,1841.70,0.00,46
85163A,WHITE BAROQUE WALL CLOCK ,103,0,1058.17,1058.17,0.00,57
85163B,BLACK BAROQUE WALL CLOCK ,115,1,1255.91,1268.66,12.75,67
85164b,BLACK BAROQUE CUCKOO CLOCK,1,0,26.04,26.04,0.00,1
85164B,BLACK BAROQUE CUCKOO CLOCK,140,1,1812.43,1825.18,12.75,66
85165,CANDY PINK FRENCH BOUDOIR CLOCK,90,0,872.76,872.76,0.00,58
85166A,WHITE METAL BAROQUE PHOTO FRAME,77,1,155.15,158.90,3.75,13
85166B,BLACK METAL BAROQUE PHOTO FRAME,510,0,864.10,864.10,0.00,38
85167A,WHITE GRAND BAROQUE PHOTO FRAME,176,27,315.80,396.80,81.00,15
85167B,BLACK GRAND BAROQUE PHOTO FRAME,692,0,1426.34,1426.34,0.00,59
85168A,WHITE BAROQUE CARRIAGE CLOCK,22,0,218.90,218.90,0.00,15
85168B,BLACK BAROQUE CARRIAGE CLOCK,72,0,652.17,652.17,0.00,52
85169A,IVORY LOVE BIRD CANDLE,1252,12,1370.82,1385.82,15.00,152
85169B,BLACK LOVE BIRD CANDLE,428,0,502.91,502.91,0.00,93
85169C,EAU DE NIL LOVE BIRD CANDLE,505,12,551.82,566.82,15.00,72
85169D,PINK LOVE BIRD CANDLE,521,1,602.73,603.98,1.25,89
85170A,SET/6 IVORY BIRD T-LIGHT CANDLES,848,32,1533.54,1585.06,51.52,87
85170B,SET/6 BLACK BIRD T-LIGHT CANDLES,283,8,459.11,475.91,16.80,62
85170C,SET/6 EAU DE NIL BIRD T-LIGHTS,543,1,990.93,993.03,2.10,108
85170D,SET/6 PINK BIRD T-LIGHT CANDLES,723,7,1284.16,1296.36,12.20,155
85171,S/2 HYACINTH BULB CANDLES,1,0,2.55,2.55,0.00,1
85172,HYACINTH BULB T-LIGHT CANDLES,4271,153,2210.30,2274.56,64.26,156
85173,SET/6 FROG PRINCE T-LIGHT CANDLES,1018,5,1813.32,1826.07,12.75,151
85174,S/4 CACTI CANDLES,1459,141,6585.81,7193.46,607.65,367
85175,CACTI T-LIGHT CANDLES,15566,629,6357.44,6606.26,248.82,454
85176,SEWING SUSAN 21 NEEDLE SET,2748,16,2279.82,2293.00,13.18,310
85177,BASKET OF FLOWERS SEWING KIT,1820,1,1513.93,1514.78,0.85,144
85178,VICTORIAN SEWING KIT,5478,301,5686.67,6024.52,337.85,319
85179a,GREEN BITTY LIGHT CHAIN,2,0,11.78,11.78,0.00,2
85179A,GREEN BITTY LIGHT CHAIN,217,3,497.12,511.07,13.95,71
85179B,WHITE BITTY LIGHT CHAIN ,246,0,1056.60,1056.60,0.00,45
85179C,PINK BITTY LIGHT CHAIN,116,0,257.15,257.15,0.00,40
85180A,RED HEARTS LIGHT CHAIN ,629,15,1566.67,1636.42,69.75,102
85180B,PINK HEARTS LIGHT CHAIN ,364,0,1022.16,1022.16,0.00,67
85183A,CHARLIE & LOLA WASTEPAPER BIN BLUE,1512,9,2257.00,2275.75,18.75,145
85183B,CHARLIE & LOLA WASTEPAPER BIN FLORA,1725,35,2600.51,2731.76,131.25,174
85184B,SET 4 EASTER DECOUPAGE OVAL BOXES,14,1,38.35,41.30,2.95,8
85184c,S/4 VALENTINE DECOUPAGE HEART BOX,4,0,23.77,23.77,0.00,4
85184c,SET 4 VALENTINE DECOUPAGE HEART BOX,2,0,11.58,11.58,0.00,2
85184C,S/4 VALENTINE DECOUPAGE HEART BOX,2106,0,4345.96,4345.96,0.00,283
85184C,SET 4 VALENTINE DECOUPAGE HEART BOX,169,0,545.75,545.75,0.00,62
85184d,S/4 BLUE ROUND DECOUPAGE BOXES,1,0,5.91,5.91,0.00,1
85184D,S/4 BLUE ROUND DECOUPAGE BOXES,8311,3940,2881.86,4546.78,1664.92,68
85185B,PINK HORSE SOCK PUPPET,551,0,1719.56,1719.56,0.00,168
85185B,PINK HORSE SOCK PUPPET KIT,42,1,120.95,123.90,2.95,15
85185C,COW  SOCK PUPPET,58,0,171.10,171.10,0.00,27
85185D,FROG SOCK PUPPET,195,0,636.11,636.11,0.00,66
85185E,DUCK SOCK PUPPET,4,2,6.70,11.80,5.10,3
85185F,LION SOCK PUPPET,37,0,109.15,109.15,0.00,19
85186A,EASTER BUNNY GARLAND OF FLOWERS,1473,12,680.83,685.87,5.04,160
85186B,BUNNY BUNCH OF FLOWERS,14,0,5.88,5.88,0.00,2
85186C,BUNNY EGG GARLAND,1400,44,639.71,658.19,18.48,154
85187,S/12 MINI RABBIT EASTER,479,0,816.48,816.48,0.00,109
85188A,GREEN METAL SWINGING BUNNY,944,27,802.02,824.97,22.95,107
85188B,PINK METAL SWINGING BUNNY,748,24,640.48,660.88,20.40,75
85189,HANGING BUTTERFLY  EGG,1176,36,937.35,967.95,30.60,71
85190,PINK FLOWER HANGING HEART ,138,6,117.36,122.46,5.10,18
85192S,HANGING SPRING FLOWER HEART SMALL,3,0,1.95,1.95,0.00,2
85194L,HANGING SPRING FLOWER EGG LARGE,1818,33,1532.58,1560.63,28.05,152
85194S,HANGING SPRING FLOWER EGG SMALL,1760,29,871.07,889.46,18.39,134
85195,HANGING HEART BASKET,146,1,267.34,269.44,2.10,18
85196,EASTER BUNNIES ON A STICK,1564,12,824.44,831.04,6.60,72
85197,SET OF 12 MINI BUNNIES IN A BUCKET,1669,0,959.46,959.46,0.00,74
85198,ASSORTED FARMYARD ANIMALS IN BUCKET,3859,0,1469.50,1469.50,0.00,51
85199L,LARGE HANGING IVORY & RED WOOD BIRD,3455,27,2267.47,2285.02,17.55,276
85199S,SMALL HANGING IVORY/RED WOOD BIRD,6022,24,2779.20,2789.28,10.08,487
85200,BUNNY EGG BOX,1045,12,1304.09,1319.09,15.00,106
85202,HANGING WOOD AND FELT HEART,1208,24,560.01,570.09,10.08,209
85203,HANGING WOOD AND FELT BUTTERFLY ,1463,0,665.91,665.91,0.00,224
85204,HANGING WOOD AND FELT FLOWER,2353,1,460.78,460.90,0.12,155
85205A,IVORY FELT EASTER RABBIT GARLAND,66,0,168.30,168.30,0.00,21
85205B,PINK FELT EASTER RABBIT GARLAND,241,0,669.38,669.38,0.00,61
85206A,CREAM FELT EASTER EGG BASKET,2327,10,3966.41,3982.91,16.50,322
85206B,PINK FELT EASTER EGG BASKET,1538,14,2454.20,2477.30,23.10,186
85208,SET/12 FUNKY FELT FLOWER PEG IN BAG,420,0,836.94,836.94,0.00,87
85211,S/4 GROOVY CAT MAGNETS,306,5,460.87,467.40,6.53,78
85212,MINI PAINTED GARDEN DECORATION ,2831,0,1096.56,1096.56,0.00,121
85213,MINI  ZINC GARDEN DECORATIONS ,1378,1,828.15,829.00,0.85,81
85214,TUB 24 PINK FLOWER PEGS,514,0,886.23,886.23,0.00,169
85215,ASSORTED CHEESE FRIDGE MAGNETS,831,0,643.89,643.89,0.00,66
85216,ASSORTED CAKES FRIDGE MAGNETS,2849,49,2122.37,2154.22,31.85,191
85217,ASSORTED ICE CREAM FRIDGE MAGNETS,2869,96,1919.45,1981.85,62.40,168
85218,S/5 MINI ICE CREAM FRIDGE MAGNETS,1992,3,620.85,625.20,4.35,3
85219,S/4 HEART CRYSTAL FRIDGE MAGNETS,0,3,-4.95,0.00,4.95,1
85220,SMALL FAIRY CAKE FRIDGE MAGNETS,12236,2513,3229.35,6875.00,3645.65,7
85221,ASSORTED COLOUR SILK COIN PURSE,3558,131,1529.54,1685.46,155.92,51
85222,ASSORTED COLOUR SILK COSMETIC PURSE,1406,2,1576.93,1579.68,2.75,52
85224,ASSORTED COLOUR SILK GLASSES CASE,2004,0,1120.96,1120.96,0.00,61
85225,BLING KEY RING STAND,19,0,22.50,22.50,0.00,11
85226A,WHITE/BLUE PULL BACK RACING CAR,1714,45,908.32,933.07,24.75,150
85226C,BLUE PULL BACK RACING CAR,989,0,522.31,522.31,0.00,83
85227,SET/6 3D KIT CARDS FOR KIDS,592,0,480.69,480.69,0.00,50
85227,SET OF 6 3D KIT CARDS FOR KIDS,2848,30,2580.25,2605.75,25.50,395
85230A,OPIUM SCENTED VOTIVE CANDLE,1992,0,497.04,497.04,0.00,48
85230B,CINNAMON SCENTED VOTIVE CANDLE,2120,0,561.04,561.04,0.00,68
85230C,ROSE SCENTED VOTIVE CANDLE,24,0,6.96,6.96,0.00,1
85230D,VANILLA SCENTED VOTIVE CANDLE,24,0,6.96,6.96,0.00,1
85230E,STRAWBRY SCENTED VOTIVE CANDLE,2445,0,628.41,628.41,0.00,66
85230F,JASMINE VOTIVE CANDLE,2946,0,725.70,725.70,0.00,62
85230G,ORANGE VOTIVE CANDLE,1680,48,411.84,425.76,13.92,47
85231b,CINAMMON SET OF 9 T-LIGHTS,4,0,6.58,6.58,0.00,4
85231B,CINAMMON SET OF 9 T-LIGHTS,2054,11,1868.49,1877.84,9.35,385
85231e,STRAWBERRY SCENTED SET/9 T-LIGHTS,1,0,1.66,1.66,0.00,1
85231E,STRAWBERRY SCENTED SET/9 T-LIGHTS,835,12,685.03,695.23,10.20,107
85231g,ORANGE SCENTED SET/9 T-LIGHTS,6,0,9.78,9.78,0.00,6
85231G,ORANGE SCENTED SET/9 T-LIGHTS,1474,22,1262.61,1281.31,18.70,255
85231L,LAVENDER SCENTED SET/9 T-LIGHTS,1039,0,838.35,838.35,0.00,116
85232a,SET/3 POLKA DOT STACKING TINS,2,0,20.34,20.34,0.00,2
85232A,SET/3 POLKA DOT STACKING TINS,262,25,1187.67,1311.42,123.75,106
85232A,SET/3 POLKADOT STACKING TINS,113,7,543.81,578.46,34.65,47
85232b,SET/3 RUSSIAN DOLL STACKING TINS,16,0,162.94,162.94,0.00,14
85232b,SET OF 3 BABUSHKA STACKING TINS,9,0,91.53,91.53,0.00,8
85232B,SET/3 RUSSIAN DOLL STACKING TINS,1968,42,9662.04,9867.14,205.10,390
85232B,SET OF 3 BABUSHKA STACKING TINS,1093,263,4167.74,5465.39,1297.65,178
85232C,RUSSIAN FOLKART STACKING TINS,1,0,4.95,4.95,0.00,1
85232d,SET/3 DECOUPAGE STACKING TINS,1,0,10.17,10.17,0.00,1
85232D,SET/3 DECOUPAGE STACKING TINS,701,13,3572.31,3636.66,64.35,230
90000A,RASPBERRY ANT COPPER FLOWER NECKLAC,33,0,198.98,198.98,0.00,21
90000B,MIDNIGHT BLUE COPPER FLOWER NECKLAC,29,1,171.34,177.29,5.95,22
90000C,OPAL WHITE/SILVER FLOWER NECKLACE,2,0,12.32,12.32,0.00,2
90000D,COPPER/OLIVE GREEN FLOWER NECKLACE,51,0,313.75,313.75,0.00,34
90001A,ANTIQUE RASPBERRY FLOWER EARRINGS,11,0,46.60,46.60,0.00,10
90001B,ANTIQUE MID BLUE FLOWER EARRINGS,13,1,50.87,55.12,4.25,11
90001C,ANTIQUE OPAL WHITE FLOWER EARRINGS,11,0,46.70,46.70,0.00,10
90001D,ANTIQUE OLIVE GREEN FLOWER EARRINGS,20,0,84.96,84.96,0.00,11
90002A,FLOWER BURST SILVER RING OPAL,36,0,135.00,135.00,0.00,14
90002B,FLOWER BURST SILVER RING ROSE,22,0,82.74,82.74,0.00,11
90002C,FLOWER BURST SILVER RING MIDN'T BLU,33,2,116.88,124.38,7.50,20
90002D,FLOWER BURST SILVER RING CRYSTAL,104,2,358.24,365.74,7.50,35
90002E,FLOWER BURST SILVER RING GREEN,18,3,56.52,67.77,11.25,13
90003B,ROSE COLOUR PAIR HEART HAIR SLIDES,44,7,139.56,165.81,26.25,27
90003C,MIDNIGHT BLUE PAIR HEART HAIR SLIDE,51,7,165.29,191.54,26.25,37
90003D,CRYSTAL PAIR HEART HAIR SLIDES,60,7,199.92,226.17,26.25,34
90003E,GREEN PAIR HEART HAIR SLIDES,32,4,105.31,120.31,15.00,23
90004A,JADE GREEN PAIR ENAMEL HAIR SLIDES,1,0,3.75,3.75,0.00,1
90005A,JADE GREEN ENAMEL HAIR COMB,106,0,216.87,216.87,0.00,57
90010A,MIDNIGHT BLUE GLASS/SILVER BRACELET,49,6,390.15,443.85,53.70,31
90010B,BLACK/WHITE GLASS/SILVER BRACELET,63,1,569.07,578.02,8.95,35
90010E,AMBER GLASS/SILVER BRACELET,56,4,465.85,501.65,35.80,36
90011A,MIDNIGHT BLUE CRYSTAL DROP EARRINGS,15,0,44.28,44.28,0.00,15
90011B,BLACK CRYSTAL DROP EARRINGS,20,0,59.06,59.06,0.00,15
90011C,GREEN CRYSTAL DROP EARRINGS,12,0,35.33,35.33,0.00,7
90011D,PURPLE CRYSTAL DROP EARRINGS,5,0,14.75,14.75,0.00,5
90011E,AMBER CRYSTAL DROP EARRINGS,8,0,23.61,23.61,0.00,8
90012A,MIDNIGHT BLUE DROP CRYSTAL NECKLACE,13,0,74.38,74.38,0.00,7
90012B,BLACK DROP CRYSTAL NECKLACE,17,0,85.90,85.90,0.00,6
90013A,MIDNIGHT BLUE VINTAGE EARRINGS,115,8,404.27,434.27,30.00,78
90013B,BLACK VINTAGE EARRINGS,104,0,428.92,428.92,0.00,79
90013C,GREEN VINTAGE EARRINGS ,88,1,349.80,353.55,3.75,57
90013D,PURPLE VINTAGE EARRINGS,46,0,178.11,178.11,0.00,17
90013E,AMBER VINTAGE EARRINGS ,2,0,8.57,8.57,0.00,2
90014A,SILVER M.O.P. ORBIT NECKLACE,11,0,54.80,54.80,0.00,6
90014A,SILVER/MOP ORBIT NECKLACE,44,0,447.21,447.21,0.00,34
90014B,GOLD M.O.P. ORBIT NECKLACE,2,0,5.90,5.90,0.00,2
90014B,GOLD M PEARL  ORBIT NECKLACE,32,0,327.81,327.81,0.00,26
90014C,SILVER AND BLACK ORBIT NECKLACE,2,0,13.35,13.35,0.00,2
90014C,SILVER/BLACK ORBIT NECKLACE,27,0,271.33,271.33,0.00,18
90016A,SILVER/M.O.P PENDANT ORBIT NECKLACE,29,0,207.86,207.86,0.00,16
90016B,GOLD/M.O.P PENDANT ORBIT NECKLACE,37,0,312.14,312.14,0.00,30
90016C,SILVER/BLACK PENDANT ORBIT NECKLACE,17,0,144.07,144.07,0.00,14
90018A,SILVER M.O.P ORBIT DROP EARRINGS,75,1,312.74,316.99,4.25,57
90018B,GOLD M.O.P ORBIT DROP EARRINGS,39,0,164.62,164.62,0.00,31
90018C,SILVER BLACK ORBIT DROP EARRINGS,28,1,114.26,118.51,4.25,21
90019A,SILVER M.O.P ORBIT BRACELET,68,0,354.59,354.59,0.00,51
90019B,GOLD M.O.P ORBIT BRACELET,32,0,168.62,168.62,0.00,28
90019C,SILVER BLACK ORBIT BRACELET,40,0,213.38,213.38,0.00,34
90020,FILIGREE DIAMANTE CHAIN,6,0,76.23,76.23,0.00,4
90021,LASER CUT MULTI STRAND NECKLACE,5,0,59.75,59.75,0.00,4
90022,EDWARDIAN DROP EARRINGS JET BLACK,37,5,120.92,139.67,18.75,34
90023,FILIGREE DIAMANTE EARRINGS,31,0,131.74,131.74,0.00,21
90024A,NEW BAROQUE B'FLY NECKLACE BLACK,5,0,42.50,42.50,0.00,4
90024B,NEW BAROQUE B'FLY NECKLACE RED,25,2,195.24,212.24,17.00,23
90024C,NEW BAROQUE B'FLY NECKLACE GREEN,11,0,93.48,93.48,0.00,10
90024D,NEW BAROQUE B'FLY NECKLACE PINK,15,0,127.50,127.50,0.00,13
90024E,NEW BAROQUE B'FLY NECKLACE MONTANA,16,0,135.98,135.98,0.00,11
90024F,NEW BAROQUE B'FLY NECKLACE CRYSTAL,8,0,67.61,67.61,0.00,6
90025A,BAROQUE BUTTERFLY EARRINGS BLACK,2,0,7.50,7.50,0.00,2
90025B,BAROQUE BUTTERFLY EARRINGS RED,3,0,11.29,11.29,0.00,3
90025C,BAROQUE BUTTERFLY EARRINGS GREEN,6,0,22.56,22.56,0.00,6
90025D,BAROQUE BUTTERFLY EARRINGS PINK,5,0,18.69,18.69,0.00,5
90025E,BAROQUE BUTTERFLY EARRINGS MONTANA,7,0,26.50,26.50,0.00,7
90025F,BAROQUE BUTTERFLY EARRINGS CRYSTAL,8,0,30.23,30.23,0.00,8
90026A,GLASS BEAD HOOP NECKLACE BLACK,11,0,93.47,93.47,0.00,9
90026B,GLASS BEAD HOOP NECKLACE MONTANA,8,0,67.82,67.82,0.00,7
90026C,GLASS BEAD HOOP NECKLACE GREEN,8,0,67.82,67.82,0.00,6
90026D,GLASS BEAD HOOP NECKLACE AMETHYST,10,0,85.00,85.00,0.00,8
90027A,GLASS BEAD HOOP EARRINGS BLACK,9,0,26.52,26.52,0.00,6
90027B,GLASS BEAD HOOP EARRINGS MONTANA,13,0,38.28,38.28,0.00,10
90027C,GLASS BEAD HOOP EARRINGS GREEN,14,0,41.17,41.17,0.00,12
90027D,GLASS BEAD HOOP EARRINGS AMETHYST,23,0,72.18,72.18,0.00,16
90028,NEW BAROQUE LARGE NECKLACE BLK/WHIT,29,0,244.79,244.79,0.00,24
90029,NEW BAROQUE SMALL NECKLACE BLACK,23,1,186.64,195.14,8.50,13
90030A,SPOTTED WHITE NATURAL SEED NECKLACE,79,0,113.76,113.76,0.00,10
90030B,RED KUKUI COCONUT SEED NECKLACE,139,0,292.08,292.08,0.00,36
90030C,BROWN KUKUI COCONUT SEED NECKLACE,87,0,151.30,151.30,0.00,16
90031,BILI NUT AND WOOD NECKLACE,52,0,71.90,71.90,0.00,9
90032,IVORY SHELL HEART NECKLACE,48,0,271.88,271.88,0.00,24
90033,IVORY SHELL HEART EARRINGS,22,0,55.88,55.88,0.00,18
90034,WHITE SILVER NECKLACE SHELL GLASS,5,0,50.48,50.48,0.00,5
90035A,"PEARL & SHELL 42""NECKL. GREEN",24,0,257.55,257.55,0.00,16
90035B,"PEARL & SHELL 42""NECKL. PINK",43,0,380.89,380.89,0.00,4
90035C,"PEARL & SHELL 42""NECKL. IVORY",28,0,301.00,301.00,0.00,5
90036A,FLOWER GARLAND NECKLACE RED,27,0,215.76,215.76,0.00,20
90036B,"FLOWER GLASS GARLAND NECKL.36""GREEN",18,0,143.10,143.10,0.00,10
90036C,"FLOWER GLASS GARLAND NECKL.36""BLUE",31,0,246.83,246.83,0.00,15
90036D,"FLOWER GLASS GARLAND NECKL.36""BLACK",38,0,302.29,302.29,0.00,16
90036E,"FLOWER GLASS GARLD NECKL36""AMETHYST",45,0,358.87,358.87,0.00,28
90036F,"FLOWER GLASS GARLD NECKL36""TURQUOIS",24,0,192.17,192.17,0.00,15
90037A,TINY CRYSTAL BRACELET RED,26,0,66.31,66.31,0.00,12
90037B,TINY CRYSTAL BRACELET GREEN,28,0,71.17,71.17,0.00,10
90037C,TINY CRYSTAL BRACELET BLUE,26,0,66.08,66.08,0.00,13
90037D,TINY CRYSTALS BRACELET BLACK,14,0,35.87,35.87,0.00,8
90038A,GLASS AND PAINTED BEADS BRACELET TO,36,0,135.80,135.80,0.00,22
90038B,GLASS AND PAINTED BEADS BRACELET OL,21,0,79.19,79.19,0.00,13
90038C,GLASS AND BEADS BRACELET IVORY,19,0,71.46,71.46,0.00,9
90039A,FIRE POLISHED GLASS BRACELET RED,10,0,37.61,37.61,0.00,5
90039B,FIRE POLISHED GLASS BRACELET MONTAN,21,0,78.99,78.99,0.00,11
90039C,FIRE POLISHED GLASS BRACELET BLACK,23,0,86.65,86.65,0.00,12
90039D,FIRE POLISHED GLASS BRACELET GREEN,43,0,162.66,162.66,0.00,24
90040A,MURANO STYLE GLASS BRACELET RED,53,3,196.55,207.05,10.50,35
90040B,MURANO STYLE GLASS BRACELET BLACK,71,0,255.97,255.97,0.00,36
90040C,MURANO STYLE GLASS BRACELET GOLD,41,3,136.25,146.75,10.50,22
90040D,MURANO STYLE GLASS BRACELET PINK,41,0,148.87,148.87,0.00,25
90041,PEARL AND CHERRY QUARTZ BRACLET,7,0,25.67,25.67,0.00,6
90042A,FRESHWATER PEARL BRACELET GOLD,63,0,160.79,160.79,0.00,33
90042B,FRESHWATER PEARL BRACELET PINK,17,0,43.35,43.35,0.00,6
90042C,FRESHWATER PEARL BRACELET IVORY,59,0,150.21,150.21,0.00,26
90043,COPPER AND BRASS BAG CHARM,10,0,54.51,54.51,0.00,6
90046,WHITE WITH METAL BAG CHARM,13,2,54.45,64.35,9.90,8
90048,GREEN WITH METAL BAG CHARM,31,10,109.39,158.89,49.50,9
90049,IVORY GOLD METAL BAG CHARM,20,7,79.59,114.24,34.65,7
90050,CRACKED GLAZE NECKLACE IVORY,10,2,56.26,70.16,13.90,7
90051,CRACKED GLAZE NECKLACE RED,15,0,105.72,105.72,0.00,11
90052,CRACKED GLAZE NECKLACE BROWN,7,0,49.58,49.58,0.00,5
90053,CRACKED GLAZE EARRINGS IVORY,10,0,25.23,25.23,0.00,10
90054,CRACKED GLAZE EARRINGS RED,17,0,43.02,43.02,0.00,17
90055,CRACKED GLAZE EARRINGS BROWN,10,0,25.28,25.28,0.00,10
90056,CHUNKY CRACKED GLAZE NECKLACE IVORY,19,0,207.94,207.94,0.00,14
90057,DIAMANTE RING ASSORTED IN BOX.,1804,0,2675.88,2675.88,0.00,37
90058A,CRYSTAL STUD EARRINGS CLEAR DISPLAY,576,36,205.20,218.88,13.68,14
90058B,CRYSTAL STUD EARRINGS ASSORTED COL ,1082,36,495.40,509.08,13.68,30
90059A,DIAMANTE HAIR GRIP PACK/2 CRYSTAL,94,6,147.08,156.98,9.90,49
90059B,DIAMANTE HAIR GRIP PACK/2 BLACK DIA,27,6,34.97,44.87,9.90,17
90059C,DIAMANTE HAIR GRIP PACK/2 MONTANA,41,6,58.28,68.18,9.90,24
90059D,DIAMANTE HAIR GRIP PACK/2 PERIDOT,64,6,96.84,106.74,9.90,41
90059E,DIAMANTE HAIR GRIP PACK/2 RUBY,53,6,78.41,88.31,9.90,34
90059F,DIAMANTE HAIR GRIP PACK/2 LT ROSE,48,6,69.97,79.87,9.90,28
90060B,FIRE POLISHED GLASS NECKL GOLD,6,0,35.70,35.70,0.00,4
90060C,FIRE POLISHED GLASS NECKL SILVER,7,0,41.65,41.65,0.00,3
90060D,FIRE POLISHED GLASS NECKL BRONZE,12,0,71.40,71.40,0.00,8
90060F,FIRE POLISHED GLASS NECKL GREEN,28,0,166.14,166.14,0.00,18
90062,CARNIVAL BRACELET,204,5,2527.67,2591.42,63.75,113
90063A,WHITE VINT ART DECO CRYSTAL NECKLAC,21,0,178.48,178.48,0.00,13
90063B,BLACK VINT ART DEC CRYSTAL NECKLACE,20,0,170.17,170.17,0.00,14
90064A,WHITE VINTAGE CRYSTAL EARRINGS,20,0,79.14,79.14,0.00,12
90064B,BLACK VINTAGE  CRYSTAL EARRINGS,21,1,75.00,78.75,3.75,13
90065A,WHITE VINTAGE CRYSTAL BRACELET,26,1,173.24,180.46,7.22,17
90065B,BLACK VINT ART DEC CRYSTAL BRACELET,22,0,154.87,154.87,0.00,16
90066A,PINK VINTAGE VICTORIAN CHOKER,5,0,33.75,33.75,0.00,2
90067A,PINK VINTAGE VICTORIAN EARRINGS,33,0,97.24,97.24,0.00,16
90067B,BROWN VINTAGE VICTORIAN EARRINGS,16,0,47.12,47.12,0.00,6
90068,"RUBY GLASS NECKLACE 42""",2,0,15.00,15.00,0.00,2
90069,RUBY GLASS CLUSTER NECKLACE,11,0,82.50,82.50,0.00,5
90070,RUBY GLASS CLUSTER BRACELET,63,9,331.60,385.15,53.55,37
90071,RUBY GLASS CLUSTER EARRINGS,87,0,108.99,108.99,0.00,73
90072,RUBY DROP CHANDELIER EARRINGS,44,0,176.31,176.31,0.00,30
90073,VINTAGE ENAMEL & CRYSTAL EARRINGS,50,0,250.34,250.34,0.00,34
90074,BLACK DIAMOND CLUSTER NECKLACE,7,0,64.09,64.09,0.00,6
90075,MONTANA DIAMOND CLUSTER NECKLACE,10,0,92.18,92.18,0.00,8
90076,MONTANA DIAMOND CLUSTER EARRINGS,12,1,30.45,33.00,2.55,8
90077,BLACK DIAMOND CLUSTER EARRINGS,5,0,14.40,14.40,0.00,5
90078,PINK/WHITE GLASS DEMI CHOKER,9,0,67.64,67.64,0.00,5
90079,VINTAGE ENAMEL & CRYSTAL NECKLACE,21,0,104.77,104.77,0.00,13
90081A,LILY BROOCH AMETHYST COLOUR,49,0,242.80,242.80,0.00,24
90081B,LILY BROOCH WHITE/SILVER COLOUR,7,0,34.65,34.65,0.00,3
90081C,LILY BROOCH OLIVE COLOUR,50,0,250.47,250.47,0.00,36
90082A,DIAMANTE BOW BROOCH GREEN COLOUR,55,0,353.71,353.71,0.00,32
90082B,DIAMANTE BOW BROOCH RED COLOUR,58,0,368.30,368.30,0.00,25
90082C,DIAMANTE BOW BROOCH WHITE COLOUR,3,0,19.93,19.93,0.00,3
90082D,DIAMANTE BOW BROOCH BLACK COLOUR,103,2,651.65,664.35,12.70,52
90083,CRYSTAL CZECH CROSS PHONE CHARM,52,0,48.08,48.08,0.00,15
90084,PINK CRYSTAL GUITAR PHONE CHARM,64,12,44.20,54.40,10.20,10
90085,CRYSTAL STILETTO PHONE CHARM,311,90,199.03,275.53,76.50,31
90086,CRYSTAL FROG PHONE CHARM,216,0,182.79,182.79,0.00,46
90087,CRYSTAL SEA HORSE PHONE CHARM,311,50,207.06,249.56,42.50,55
90088,CRYSTAL KEY+LOCK PHONE CHARM,101,25,65.45,86.70,21.25,16
90089,PINK CRYSTAL SKULL PHONE CHARM,104,0,91.90,91.90,0.00,26
90090,PINK CRYSTAL HEART PHONE CHARM,263,37,196.27,227.72,31.45,24
90091,CRYSTAL DRAGONFLY PHONE CHARM,3,0,2.55,2.55,0.00,2
90092,BLUE CRYSTAL BOOT PHONE CHARM,102,27,64.56,87.51,22.95,11
90093,CLEAR CRYSTAL STAR PHONE CHARM,209,27,142.39,165.34,22.95,27
90094,NECKLACE+BRACELET SET FRUIT SALAD ,74,0,187.62,187.62,0.00,38
90095,NECKLACE+BRACELET SET PINK BLOSSOM,8,0,22.91,22.91,0.00,3
90096,NECKLACE+BRACELET SET BLUE BLOSSOM,104,0,243.61,243.61,0.00,49
90098,NECKLACE+BRACELET PINK BUTTERFLY,137,6,285.98,301.28,15.30,56
90099,NECKLACE+BRACELET SET BLUE HIBISCUS,42,0,129.69,129.69,0.00,25
90100,NECKLACE+BRACELET SET PINK DAISY,30,0,76.50,76.50,0.00,12
90101,WHITE FRANGIPANI NECKLACE,52,6,115.86,131.16,15.30,30
90102,WHITE FRANGIPANI HAIR CLIP,19,0,16.11,16.11,0.00,4
90103,PURPLE FRANGIPANI NECKLACE,44,0,110.85,110.85,0.00,30
90104,PURPLE FRANGIPANI HAIRCLIP,129,0,108.11,108.11,0.00,49
90108,BLUE BLOSSOM HAIR CLIP,109,10,115.33,125.83,10.50,22
90111,BLUE HIBISCUS  HAIR CLIP,7,0,7.35,7.35,0.00,6
90112,PINK DOLLY HAIR CLIPS,84,0,91.25,91.25,0.00,20
90114,SUMMER DAISIES BAG CHARM,205,0,514.18,514.18,0.00,111
90115,SUMMER BUTTERFLIES BAG CHARM,108,0,278.96,278.96,0.00,60
90116,FRUIT SALAD BAG CHARM,106,0,225.52,225.52,0.00,63
90118,PINK DAISY BAG CHARM,42,6,92.09,107.39,15.30,30
90119,METALIC LEAVES BAG CHARMS,97,0,243.07,243.07,0.00,42
90120A,PINK MURANO TWIST BRACELET,93,0,395.68,395.68,0.00,41
90120B,BLUE MURANO TWIST BRACELET,107,0,451.44,451.44,0.00,42
90120C,GREEN MURANO TWIST BRACELET,109,0,462.32,462.32,0.00,58
90120D,WHITE MURANO TWIST BRACELET,134,0,554.13,554.13,0.00,40
90121B,VINTAGE ROSE BEAD BRACELET BLUE,19,3,68.00,80.75,12.75,10
90122A,PINK CRYSTAL+GLASS BRACELET,55,0,273.89,273.89,0.00,31
90122B,JADE CRYSTAL+GLASS BRACELET,46,0,228.99,228.99,0.00,26
90122C,TURQUOISE CRYSTAL+GLASS BRACELET,54,0,269.10,269.10,0.00,30
90123A,PINK HEART OF GLASS BRACELET,36,0,214.07,214.07,0.00,19
90123B,TURQUOISE HEART OF GLASS BRACELET,26,0,154.69,154.69,0.00,13
90123C,GREEN HEART OF GLASS BRACELET,27,0,160.75,160.75,0.00,12
90123D,WHITE HEART OF GLASS BRACELET,29,0,172.39,172.39,0.00,14
90124A,PINK MURANO TWIST NECKLACE,30,0,299.28,299.28,0.00,20
90124B,BLUE MURANO TWIST NECKLACE,39,0,391.18,391.18,0.00,30
90124C,GREEN MURANO TWIST NECKLACE,22,0,220.21,220.21,0.00,16
90125A,PINK BERTIE GLASS BEAD BAG CHARM,149,12,158.77,183.97,25.20,19
90125B,AQUA BERTIE GLASS BEAD BAG CHARM,44,0,79.57,79.57,0.00,17
90125C,TURQUOISE BERTIE GLASS BEAD CHARM,92,0,101.35,101.35,0.00,10
90125D,PURPLE BERTIE GLASS BEAD BAG CHARM,136,0,223.74,223.74,0.00,36
90125E,AMBER BERTIE GLASS BEAD BAG CHARM,18,0,44.19,44.19,0.00,17
90126A,PINK BERTIE MOBILE PHONE CHARM,20,0,37.14,37.14,0.00,5
90126B,BLUE BERTIE MOBILE PHONE CHARM,3,0,8.48,8.48,0.00,3
90126C,AMBER BERTIE MOBILE PHONE CHARM,21,0,42.10,42.10,0.00,5
90127A,PINK BEADS+HAND PHONE CHARM,14,0,19.92,19.92,0.00,2
90127B,BLUE BEADS+HAND PHONE CHARM,2,0,2.50,2.50,0.00,2
90128A,PINK LEAVES AND BEADS PHONE CHARM,31,0,46.21,46.21,0.00,10
90128B,BLUE LEAVES AND BEADS PHONE CHARM,18,0,23.76,23.76,0.00,6
90128C,GREEN LEAVES AND BEADS PHONE CHARM,17,0,25.04,25.04,0.00,6
90128D,PURPLE LEAVES AND BEADS PHONE CHAR,13,0,21.24,21.24,0.00,7
90129A,PINK GLASS TASSLE BAG CHARM ,151,0,295.38,295.38,0.00,73
90129B,TURQUOISE GLASS TASSLE BAG CHARM ,146,0,329.95,329.95,0.00,62
90129C,GREEN GLASS TASSLE BAG CHARM,107,0,243.38,243.38,0.00,51
90129D,AMBER GLASS TASSLE BAG CHARM,67,0,161.57,161.57,0.00,34
90129E,PURPLE GLASS TASSLE BAG CHARM,129,0,263.14,263.14,0.00,59
90129F,RED GLASS TASSLE BAG CHARM,81,0,183.26,183.26,0.00,41
90130A,WHITE STONE/CRYSTAL EARRINGS,28,0,82.51,82.51,0.00,16
90130B,TURQ STONE/CRYSTAL EARRINGS,64,0,188.09,188.09,0.00,49
90130C,GREEN STONE/CRYSTAL EARRINGS,25,0,73.62,73.62,0.00,24
90130D,RED STONE/CRYSTAL EARRINGS,13,0,38.31,38.31,0.00,8
90131,PINK/AMETHYST/GOLD NECKLACE,10,0,69.62,69.62,0.00,5
90132,LIGHT TOPAZ TEAL/AQUA COL NECKLACE,7,0,35.63,35.63,0.00,7
90133,TEAL/FUSCHIA COL BEAD NECKLACE,47,0,236.46,236.46,0.00,36
90134,OLD ROSE COMBO BEAD NECKLACE,126,0,370.92,370.92,0.00,96
90135,ORANGE/WHT/FUSCHIA STONES NECKLACE,9,0,44.75,44.75,0.00,3
90135A,ORANGE/FUSCHIA STONES NECKLACE,11,0,54.62,54.62,0.00,4
90136,PALE PINK/AMETHYST STONE NECKLACE,4,0,40.47,40.47,0.00,3
90137,PINK COMBO MINI CRYSTALS NECKLACE,26,0,132.52,132.52,0.00,15
90138,WHITE/PINK MINI CRYSTALS NECKLACE,24,0,125.64,125.64,0.00,17
90139,FLOWER BROOCH 4 ASSORTED COLOURS,23,0,118.24,118.24,0.00,18
90140,PINK SWEETIE NECKLACE,9,0,67.90,67.90,0.00,7
90141A,GREEN PENDANT TRIPLE SHELL NECKLACE,20,0,104.95,104.95,0.00,17
90141B,IVORY PENDANT TRIPLE SHELL NECKLACE,13,0,64.94,64.94,0.00,9
90141C,TURQ PENDANT TRIPLE SHELL NECKLACE,16,0,83.69,83.69,0.00,13
90141D,ROSE PENDANT TRIPLE SHELL NECKLACE,7,0,36.33,36.33,0.00,5
90141E,ORANGE PENDANT TRIPLE SHELL NECKLAC,10,0,50.06,50.06,0.00,5
90142A,GREEN PENDANT SHELL NECKLACE,5,0,25.45,25.45,0.00,4
90142B,IVORY PENDANT SHELL NECKLACE,1,0,5.09,5.09,0.00,1
90142C,ROSE PINK PENDANT SHELL NECKLACE,1,0,5.09,5.09,0.00,1
90142D,MOP PENDANT SHELL NECKLACE,11,0,54.59,54.59,0.00,5
90143,SILVER BRACELET W PASTEL FLOWER,79,7,546.63,599.13,52.50,43
90144,SILVER DROP EARRINGS WITH FLOWER,53,0,199.45,199.45,0.00,33
90145,SILVER HOOP EARRINGS WITH FLOWER,75,0,455.86,455.86,0.00,45
90146,FINE SILVER NECKLACE W PASTEL FLOWE,41,2,261.49,276.49,15.00,20
90147,CHUNKY SILVER NECKLACE PASTEL FLOWE,93,4,897.65,937.45,39.80,60
90148,LONG SILVER NECKLACE PASTEL FLOWER,27,1,331.23,343.98,12.75,19
90149,SILVER FLOWR PINK SHELL NECKLACE,62,0,410.26,410.26,0.00,9
90150,BLUE SHELL+SILVER NECKLACE,13,0,97.50,97.50,0.00,8
90151,SILVER/NATURAL SHELL NECKLACE,16,0,136.17,136.17,0.00,9
90152A,SILVER/NAT SHELL NECKLACE W PENDANT,7,0,40.34,40.34,0.00,7
90152B,BLUE/GREEN SHELL NECKLACE W PENDANT,6,0,35.26,35.26,0.00,5
90152C,BLUE/NAT SHELL NECKLACE W PENDANT,7,0,41.65,41.65,0.00,4
90154,LAZER CUT NECKLACE W PASTEL BEADS,59,0,439.65,439.65,0.00,7
90155,RESIN NECKLACE W PASTEL BEADS,30,0,226.16,226.16,0.00,21
90156,RESIN BRACELET W PASTEL BEADS,25,0,137.37,137.37,0.00,14
90157,RIVIERA NECKLACE,53,0,263.28,263.28,0.00,24
90158,ST TROPEZ NECKLACE,77,0,386.32,386.32,0.00,63
90159,COTE D'AZURE NECKLACE,38,0,188.58,188.58,0.00,20
90160A,PURPLE BOUDICCA LARGE BRACELET,52,7,313.86,362.51,48.65,26
90160B,RED BOUDICCA LARGE BRACELET,71,0,490.92,490.92,0.00,29
90160C,TURQ+RED BOUDICCA LARGE BRACELET,97,0,677.00,677.00,0.00,45
90160D,PINK BOUDICCA LARGE BRACELET,76,1,522.27,529.22,6.95,26
90161A,ANT COPPER RED BOUDICCA BRACELET,70,0,349.96,349.96,0.00,43
90161B,ANT COPPER TURQ BOUDICCA BRACELET,147,0,734.16,734.16,0.00,76
90161C,ANT COPPER LIME BOUDICCA BRACELET,169,0,843.91,843.91,0.00,100
90161D,ANT COPPER PINK BOUDICCA BRACELET,138,0,687.52,687.52,0.00,75
90162A,ANT SILVER TURQUOISE BOUDICCA RING,30,0,88.50,88.50,0.00,11
90162B,ANT SILVER LIME GREEN BOUDICCA RING,55,1,159.30,162.25,2.95,21
90162C,ANT SILVER FUSCHIA BOUDICCA RING,42,0,123.90,123.90,0.00,16
90162D,ANT SILVER PURPLE BOUDICCA RING,29,0,85.55,85.55,0.00,14
90163A,PINK ROSEBUD & PEARL NECKLACE,37,0,280.71,280.71,0.00,24
90163B,WHITE ROSEBUD & PEARL NECKLACE,13,0,98.45,98.45,0.00,9
90164A,PINK ROSEBUD PEARL BRACELET,40,0,230.39,230.39,0.00,25
90164B,WHITE  ROSEBUD PEARL BRACELET,67,0,362.94,362.94,0.00,35
90165A,PINK ROSEBUD PEARL EARRINGS,42,0,106.49,106.49,0.00,27
90165B,WHITE ROSEBUD  PEARL EARRINGS,52,0,131.65,131.65,0.00,35
90166,PINK & WHITE ROSEBUD RING,40,1,164.69,168.94,4.25,32
90167,BEADED LOVE HEART JEWELLERY SET,2197,300,1583.61,1801.17,217.56,113
90168,2 DAISIES HAIR COMB,42,6,106.06,123.76,17.70,25
90169,DAISY HAIR COMB,39,6,83.57,98.87,15.30,24
90170,DAISY HAIR BAND,150,12,229.78,249.58,19.80,74
90171,DAISY RING,47,0,59.65,59.65,0.00,27
90173,PAIR BUTTERFLY HAIR CLIPS,81,1,302.89,306.64,3.75,52
90174,BUTTERFLY HAIR BAND,50,12,95.52,126.12,30.60,34
90175A,WHITE GLASS CHUNKY CHARM BRACELET,107,8,892.85,964.45,71.60,64
90175B,PINK GLASS CHUNKY CHARM BRACELET,36,2,304.95,322.85,17.90,28
90175C,BLUE GLASS CHUNKY CHARM BRACELET,37,0,332.95,332.95,0.00,20
90175D,TIGRIS EYE CHUNKY CHARM BRACELET,58,0,527.82,527.82,0.00,41
90176A,CLASSIC DIAMANTE NECKLACE JET,10,1,68.38,75.88,7.50,8
90176B,DIAMANTE NECKLACE BLACK ,5,0,37.62,37.62,0.00,4
90176C,DIAMANTE NECKLACE,10,2,62.00,77.00,15.00,8
90176D,DIAMANTE NECKLACE PURPLE,11,1,75.31,82.81,7.50,8
90176E,DIAMANTE NECKLACE GREEN,4,0,29.98,29.98,0.00,3
90177A,CLASSIC DIAMANTE EARRINGS JET,19,6,37.99,55.69,17.70,15
90177B,DROP DIAMANTE EARRINGS BLACK DIAMON,31,0,91.38,91.38,0.00,19
90177C,DROP DIAMANTE EARRINGS CRYSTAL,37,6,91.33,109.03,17.70,25
90177D,DROP DIAMANTE EARRINGS PURPLE,46,6,118.06,135.76,17.70,26
90177E,DROP DIAMANTE EARRINGS GREEN,28,6,65.01,82.71,17.70,23
90178A,AMBER CHUNKY GLASS+BEAD NECKLACE,27,0,322.41,322.41,0.00,21
90178B,PURPLE CHUNKY GLASS+BEAD NECKLACE,16,0,191.41,191.41,0.00,11
90179A,AMBER FINE BEAD NECKLACE W TASSEL,12,0,71.00,71.00,0.00,9
90179B,PURPLE FINE BEAD NECKLACE W TASSEL,11,0,65.31,65.31,0.00,9
90179C,BLACK FINE BEAD NECKLACE W TASSEL,19,1,106.83,112.78,5.95,17
90180A,BLACK+WHITE NECKLACE W TASSEL,44,1,386.69,396.64,9.95,29
90180B,PURPLE AMETHYST NECKLACE W TASSEL,18,0,179.88,179.88,0.00,14
90181A,AMBER GLASS/SHELL/PEARL NECKLACE,14,0,128.64,128.64,0.00,14
90181B,AMETHYST GLASS/SHELL/PEARL NECKLACE,25,0,231.27,231.27,0.00,24
90181C,BLACK GLASS/SHELL/PEARL NECKLACE,5,0,46.93,46.93,0.00,5
90182A,AMBER 3 BEAD DROP EARRINGS,9,0,26.16,26.16,0.00,9
90182B,AMETHYST 3 BEAD DROP EARRINGS,6,0,17.53,17.53,0.00,6
90182C,BLACK 3 BEAD DROP EARRINGS,19,6,38.04,55.74,17.70,14
90183A,AMBER DROP EARRINGS W LONG BEADS,53,6,137.95,155.65,17.70,32
90183B,AMETHYST DROP EARRINGS W LONG BEADS,28,0,81.93,81.93,0.00,24
90183c,BLACK DROP EARRINGS W LONG BEADS,1,0,2.90,2.90,0.00,1
90183C,BLACK DROP EARRINGS W LONG BEADS,13,0,38.12,38.12,0.00,13
90184A,AMBER CHUNKY BEAD BRACELET W STRAP,42,0,380.82,380.82,0.00,25
90184B,AMETHYST CHUNKY BEAD BRACELET W STR,69,3,598.63,625.48,26.85,49
90184c,BLACK CHUNKY BEAD BRACELET W STRAP,1,0,9.15,9.15,0.00,1
90184C,BLACK CHUNKY BEAD BRACELET W STRAP,72,0,651.89,651.89,0.00,49
90185A,AMBER DIAMANTE EXPANDABLE RING,55,13,178.04,233.29,55.25,29
90185B,AMETHYST DIAMANTE EXPANDABLE RING,67,19,203.68,284.43,80.75,39
90185C,BLACK DIAMANTE EXPANDABLE RING,64,29,148.71,271.96,123.25,39
90185D,CRYSTAL DIAMANTE EXPANDABLE RING,69,3,280.58,293.33,12.75,37
90186A,AMETHYST HOOP EARRING FLORAL LEAF,69,0,203.73,203.73,0.00,33
90186B,CRYSTAL HOOP EARRING FLORAL LEAF,57,0,168.26,168.26,0.00,31
90187A,BLUE DROP EARRINGS W BEAD CLUSTER,8,0,27.04,27.04,0.00,7
90187B,GREEN DROP EARRINGS W BEAD CLUSTER,21,0,70.60,70.60,0.00,15
90188,DROP EARRINGS W FLOWER & LEAF,23,0,58.50,58.50,0.00,20
90189A,SILVER 2 STRAND NECKLACE-LEAF CHARM,11,0,82.64,82.64,0.00,8
90189B,GOLD 2 STRAND NECKLACE-LEAF CHARMS,3,0,22.50,22.50,0.00,2
90190A,SILVER/CRYSTAL DROP EARRINGS W LEAF,44,0,129.59,129.59,0.00,31
90190B,GOLD/AMBER DROP EARRINGS W LEAF,45,0,132.58,132.58,0.00,15
90190C,SILVER/AMETHYST DROP EARRINGS LEAF,55,0,161.82,161.82,0.00,36
90191,SILVER LARIAT 40CM,40,0,342.60,342.60,0.00,21
90192,JADE DROP EARRINGS W FILIGREE,94,2,459.28,469.18,9.90,54
90194,SILVER LARIAT BLACK STONE EARRINGS,32,0,135.84,135.84,0.00,21
90195A,PURPLE GEMSTONE BRACELET,70,5,540.45,585.20,44.75,46
90195B,BLACK GEMSTONE BRACELET,52,4,424.89,460.69,35.80,27
90196A,PURPLE GEMSTONE NECKLACE 45CM,19,1,229.50,242.25,12.75,12
90196B,BLACK GEMSTONE NECKLACE 45CM,19,0,241.98,241.98,0.00,14
90197B,BLACK GLASS BRACELET W HEART CHARMS,64,0,322.52,322.52,0.00,51
90197D,AMBER GLASS BRACELET HEART CHARMS,9,0,44.55,44.55,0.00,4
90198A,VINTAGE ROSE BEAD BRACELET RASPBERR,144,0,609.43,609.43,0.00,84
90198B,VINTAGE ROSE BEAD BRACELET BLACK,104,0,441.90,441.90,0.00,49
90199A,5 STRAND GLASS NECKLACE BLACK,22,1,133.15,139.50,6.35,17
90199B,5 STRAND GLASS NECKLACE AMETHYST,36,0,228.61,228.61,0.00,31
90199C,5 STRAND GLASS NECKLACE CRYSTAL,99,1,578.94,585.29,6.35,32
90199D,5 STRAND GLASS NECKLACE AMBER,22,0,139.28,139.28,0.00,16
90200A,PURPLE SWEETHEART BRACELET,177,4,732.69,749.69,17.00,101
90200B,BLACK SWEETHEART BRACELET,183,4,758.45,775.45,17.00,86
90200C,BLUE SWEETHEART BRACELET,206,4,857.63,874.63,17.00,100
90200D,PINK SWEETHEART BRACELET,327,3,1359.51,1372.26,12.75,151
90200E,GREEN SWEETHEART BRACELET,209,16,805.97,873.97,68.00,96
90201A,PURPLE ENAMEL FLOWER RING,130,4,371.04,382.84,11.80,55
90201B,BLACK ENAMEL FLOWER RING,154,13,415.96,454.31,38.35,57
90201C,RED ENAMEL FLOWER RING,119,6,333.24,350.94,17.70,47
90201D,GREEN ENAMEL FLOWER RING,133,0,391.37,391.37,0.00,57
90202A,PURPLE ENAMEL FLOWER HAIR TIE,31,6,73.20,90.90,17.70,24
90202B,WHITE ENAMEL FLOWER HAIR TIE,24,6,52.79,70.49,17.70,17
90202C,GREEN ENAMEL FLOWER HAIR TIE,31,6,73.76,91.46,17.70,26
90202D,PINK ENAMEL FLOWER HAIR TIE,48,6,123.79,141.49,17.70,25
90203,SILVER CHARM NECKLACE 70CM,71,1,526.77,534.27,7.50,35
90204,PAIR OF ENAMEL BUTTERFLY HAIRCLIP,50,4,155.06,168.46,13.40,38
90205A,LARGE MINT DIAMANTE HAIRSLIDE,38,0,63.46,63.46,0.00,22
90205C,LARGE CRYSTAL DIAMANTE HAIRSLIDE,78,0,122.31,122.31,0.00,24
90206A,GOLD DIAMANTE STAR BROOCH,16,0,79.60,79.60,0.00,12
90206C,CRYSTAL DIAMANTE STAR BROOCH,80,0,402.61,402.61,0.00,57
90208,PAIR OF ENAMEL FLOWER CLUSTER SLIDE,105,0,251.59,251.59,0.00,30
90208,PAIR OF PINK FLOWER CLUSTER SLIDE,54,6,119.94,135.24,15.30,39
90209A,PURPLE ENAMEL+GLASS HAIR COMB,173,9,306.60,325.50,18.90,12
90209B,GREEN ENAMEL+GLASS HAIR COMB,380,0,730.66,730.66,0.00,97
90209C,PINK ENAMEL+GLASS HAIR COMB,399,6,741.86,754.46,12.60,68
90210A,GREY ACRYLIC FACETED BANGLE,88,0,207.34,207.34,0.00,21
90210B,CLEAR ACRYLIC FACETED BANGLE,102,0,232.04,232.04,0.00,24
90210C,RED   ACRYLIC FACETED BANGLE,118,0,186.56,186.56,0.00,14
90210D,PURPLE ACRYLIC FACETED BANGLE,142,0,235.73,235.73,0.00,23
90211A,DIAMOND LAS VEGAS NECKLACE 45CM,28,0,166.57,166.57,0.00,21
90211B,JET BLACK LAS VEGAS NECKLACE 45CM,35,2,196.31,208.21,11.90,27
90212B,JET BLACK LAS VEGAS BRACELET ROUND,37,0,140.07,140.07,0.00,28
90212C,PURPLE LAS VEGAS BRACELET ROUND,15,0,56.25,56.25,0.00,7
90214A,"LETTER ""A"" BLING KEY RING",213,6,206.15,213.65,7.50,105
90214B,"LETTER ""B"" BLING KEY RING",75,0,72.33,72.33,0.00,40
90214C,"LETTER ""C"" BLING KEY RING",165,6,155.03,162.53,7.50,70
90214D,"LETTER ""D"" BLING KEY RING",100,0,90.82,90.82,0.00,50
90214E,"LETTER ""E"" BLING KEY RING",142,6,131.78,139.28,7.50,68
90214F,"LETTER ""F"" BLING KEY RING",44,0,36.28,36.28,0.00,27
90214G,"LETTER ""G"" BLING KEY RING",100,7,84.43,93.18,8.75,50
90214H,"LETTER ""H"" BLING KEY RING",83,0,77.71,77.71,0.00,53
90214I,"LETTER ""I"" BLING KEY RING",62,6,53.50,61.00,7.50,28
90214J,"LETTER ""J"" BLING KEY RING",157,6,153.97,161.47,7.50,89
90214K,"LETTER ""K"" BLING KEY RING",154,1,157.15,158.40,1.25,84
90214L,"LETTER ""L"" BLING KEY RING",176,8,156.06,166.06,10.00,70
90214M,"LETTER ""M"" BLING KEY RING",138,0,139.82,139.82,0.00,64
90214N,"LETTER ""N"" BLING KEY RING",78,0,76.40,76.40,0.00,43
90214O,"LETTER ""O"" BLING KEY RING",36,0,31.42,31.42,0.00,18
90214P,"LETTER ""P"" BLING KEY RING",77,6,59.09,66.59,7.50,34
90214R,"LETTER ""R"" BLING KEY RING",91,0,93.73,93.73,0.00,50
90214S,"LETTER ""S"" BLING KEY RING",184,6,173.84,181.34,7.50,87
90214T,"LETTER ""T"" BLING KEY RING",57,0,55.57,55.57,0.00,24
90214U,"LETTER ""U"" BLING KEY RING",13,0,4.73,4.73,0.00,2
90214V,"LETTER ""V"" BLING KEY RING",38,0,28.98,28.98,0.00,24
90214W,"LETTER ""W"" BLING KEY RING",19,0,10.17,10.17,0.00,8
90214Y,"LETTER ""Y"" BLING KEY RING",68,0,25.34,25.34,0.00,10
90214Z,"LETTER ""Z"" BLING KEY RING",31,0,21.49,21.49,0.00,18
ADJUST,Adjustment by john on 26/01/2010 16,20,18,1803.33,2334.43,531.10,38
ADJUST,Adjustment by john on 26/01/2010 17,16,10,5762.96,6563.50,800.54,26
ADJUST,Adjustment by Peter on 24/05/2010 1,0,3,-731.05,0.00,731.05,3
ADJUST2,Adjustment by Peter on Jun 25 2010 ,3,0,731.05,731.05,0.00,3
AMAZONFEE,AMAZON FEE,3,33,-221520.50,20467.80,241988.30,36
B,Adjust bad debt,1,0,11062.06,11062.06,0.00,1
BANK CHARGES, Bank Charges,2,4,-2068.96,30.00,2098.96,6
BANK CHARGES,Bank Charges,32,72,-33413.29,489.24,33902.53,89
C2,CARRIAGE,268,7,13136.00,13426.00,290.00,274
CRUK,CRUK Commission,0,16,-7933.43,0.00,7933.43,16
D,Discount,196,3064,-12879.63,397.89,13277.52,151
DCGS0003,BOXED GLASS ASHTRAY,13,0,32.59,32.59,0.00,13
DCGS0004,HAYNES CAMPER SHOULDER BAG,4,0,67.94,67.94,0.00,4
DCGS0037,KEY-RING CORKSCREW,1,0,12.72,12.72,0.00,1
DCGS0041,HAYNES MINI-COOPER PLAYING CARDS,1,0,5.06,5.06,0.00,1
DCGS0044,HANDZ-OFF CAR FRESHENER,1,0,2.57,2.57,0.00,1
DCGS0058,MISO PRETTY  GUM,42,0,34.82,34.82,0.00,30
DCGS0062,ROAD-RAGE CAR FRESHENER,1,0,2.51,2.51,0.00,1
DCGS0066N,NAVY CUDDLES DOG HOODIE,2,0,17.30,17.30,0.00,2
DCGS0068,DOGS NIGHT COLLAR,2,0,17.12,17.12,0.00,2
DCGS0069,OOH LA LA DOGS COLLAR,5,0,80.31,80.31,0.00,5
DCGS0070,CAMOUFLAGE DOG COLLAR,2,0,25.44,25.44,0.00,2
DCGS0072,CAT CAMOUFLAGUE COLLAR,4,0,20.68,20.68,0.00,3
DCGS0075,CAMOUFLAGUE DOG LEAD,1,0,12.72,12.72,0.00,1
DCGS0076,SUNJAR LED NIGHT NIGHT LIGHT,17,0,275.96,275.96,0.00,14
DCGSSBOY,BOYS PARTY BAG,77,0,251.35,251.35,0.00,21
DCGSSGIRL,GIRLS PARTY BAG,92,0,295.63,295.63,0.00,23
DOT,DOTCOM POSTAGE,1415,3,309844.10,309854.11,10.01,1418
gift_0001_10,Dotcomgiftshop Gift Voucher £10.00,15,0,126.21,126.21,0.00,14
gift_0001_20,Dotcomgiftshop Gift Voucher £20.00,28,0,471.06,471.06,0.00,26
gift_0001_30,Dotcomgiftshop Gift Voucher £30.00,24,0,610.09,610.09,0.00,24
gift_0001_40,Dotcomgiftshop Gift Voucher £40.00,5,0,166.09,166.09,0.00,5
gift_0001_50,Dotcomgiftshop Gift Voucher £50.00,6,0,253.59,253.59,0.00,6
gift_0001_70,Dotcomgiftshop Gift Voucher £70.00,1,0,59.57,59.57,0.00,1
gift_0001_80,Dotcomgiftshop Gift Voucher £80.00,1,1,0.00,69.56,69.56,2
m,Manual,5,0,15.05,15.05,0.00,4
M,Manual,9630,5444,-83326.33,339599.81,422926.14,1280
PADS,PADS TO MATCH ALL CUSHIONS,17,1,-36.60,0.00,36.60,18
POST,POSTAGE,5363,302,110430.41,125682.42,15252.01,2077
S,SAMPLES,3,98,-5991.11,136.85,6127.96,37
SP1002,KID'S CHALKBOARD/EASEL,5,0,14.75,14.75,0.00,2
TEST001,This is a test product.,50,5,202.50,225.00,22.50,13
TEST002,This is a test product.,1,0,1.00,1.00,0.00,1
